workload,case,length,batch,threads,profile,isa,avg_fwd_ms,avg_fwd_sp_gflops,avg_bwd_ms,avg_bwd_sp_gflops,avg_mem_mb,fwd_pct_of_peak,bwd_pct_of_peak,fwd_speedup_vs_sse42_1t,bwd_speedup_vs_sse42_1t,samples_ok,samples_skip,samples_expected,quality,note
throughput,n32_b1,32,1,1,baseline_sse42_1t,SSE4_2,0.000045,17.777778,0.000046,17.391304,0.000000,0.8418,0.8235,1.0000,1.0000,1,0,1,ok,-
throughput,n32_b1,32,1,10,avx512_phys,AVX512,0.000068,11.764706,0.000076,10.526316,0.000000,0.5570,0.4984,0.6618,0.6053,1,0,1,ok,-
throughput,n32_b1,32,1,20,avx512_logical,AVX512,0.000546,1.465201,0.000041,19.512195,0.000000,0.0694,0.9239,0.0824,1.1220,1,0,1,ok,-
throughput,n32_b2,32,2,1,baseline_sse42_1t,SSE4_2,0.000066,24.242424,0.000069,23.188406,0.000000,1.1478,1.0979,1.0000,1.0000,1,0,1,ok,-
throughput,n32_b2,32,2,10,avx512_phys,AVX512,0.000053,30.188679,0.000051,31.372549,0.000000,1.4294,1.4854,1.2453,1.3529,1,0,1,ok,-
throughput,n32_b2,32,2,20,avx512_logical,AVX512,0.000050,32.000000,0.000052,30.769231,0.000000,1.5152,1.4569,1.3200,1.3269,1,0,1,ok,-
throughput,n32_b4,32,4,1,baseline_sse42_1t,SSE4_2,0.000115,27.826087,0.000117,27.350427,0.000000,1.3175,1.2950,1.0000,1.0000,1,0,1,ok,-
throughput,n32_b4,32,4,10,avx512_phys,AVX512,0.000568,5.633803,0.000069,46.376812,0.000000,0.2668,2.1959,0.2025,1.6957,1,0,1,ok,-
throughput,n32_b4,32,4,20,avx512_logical,AVX512,0.000554,5.776173,0.000073,43.835616,0.000000,0.2735,2.0756,0.2076,1.6027,1,0,1,ok,-
throughput,n32_b8,32,8,1,baseline_sse42_1t,SSE4_2,0.000217,29.493088,0.000223,28.699552,0.000000,1.3965,1.3589,1.0000,1.0000,1,0,1,ok,-
throughput,n32_b8,32,8,10,avx512_phys,AVX512,0.000118,54.237288,0.000122,52.459016,0.000000,2.5681,2.4839,1.8390,1.8279,1,0,1,ok,-
throughput,n32_b8,32,8,20,avx512_logical,AVX512,0.000117,54.700855,0.000122,52.459016,0.000000,2.5900,2.4839,1.8547,1.8279,1,0,1,ok,-
throughput,n32_b16,32,16,1,baseline_sse42_1t,SSE4_2,0.000410,31.219512,0.000419,30.548926,0.010000,1.4782,1.4464,1.0000,1.0000,1,0,1,ok,-
throughput,n32_b16,32,16,10,avx512_phys,AVX512,0.001413,9.058740,0.001237,10.347615,0.010000,0.4289,0.4899,0.2902,0.3387,1,0,1,ok,-
throughput,n32_b16,32,16,20,avx512_logical,AVX512,0.002340,5.470085,0.000789,16.223067,0.010000,0.2590,0.7681,0.1752,0.5311,1,0,1,ok,-
throughput,n32_b32,32,32,1,baseline_sse42_1t,SSE4_2,0.000795,32.201258,0.000809,31.644005,0.020000,1.5247,1.4983,1.0000,1.0000,1,0,1,ok,-
throughput,n32_b32,32,32,10,avx512_phys,AVX512,0.002433,10.521989,0.001369,18.699781,0.020000,0.4982,0.8854,0.3268,0.5909,1,0,1,ok,-
throughput,n32_b32,32,32,20,avx512_logical,AVX512,0.001469,17.426821,0.001310,19.541985,0.020000,0.8251,0.9253,0.5412,0.6176,1,0,1,ok,-
throughput,n32_b64,32,64,1,baseline_sse42_1t,SSE4_2,0.001561,32.799488,0.001593,32.140615,0.030000,1.5530,1.5218,1.0000,1.0000,1,0,1,ok,-
throughput,n32_b64,32,64,10,avx512_phys,AVX512,0.002641,19.386596,0.001251,40.927258,0.030000,0.9179,1.9378,0.5911,1.2734,1,0,1,ok,-
throughput,n32_b64,32,64,20,avx512_logical,AVX512,0.001870,27.379679,0.001301,39.354343,0.030000,1.2964,1.8634,0.8348,1.2244,1,0,1,ok,-
throughput,n32_b128,32,128,1,baseline_sse42_1t,SSE4_2,0.003107,32.957837,0.003163,32.374328,0.060000,1.5605,1.5329,1.0000,1.0000,1,0,1,ok,-
throughput,n32_b128,32,128,10,avx512_phys,AVX512,0.002818,36.337828,0.001383,74.041938,0.060000,1.7205,3.5058,1.1026,2.2871,1,0,1,ok,-
throughput,n32_b128,32,128,20,avx512_logical,AVX512,0.002777,36.874325,0.001777,57.625211,0.060000,1.7459,2.7285,1.1188,1.7800,1,0,1,ok,-
throughput,n32_b256,32,256,1,baseline_sse42_1t,SSE4_2,0.006162,33.235962,0.006294,32.538926,0.120000,1.5737,1.5407,1.0000,1.0000,1,0,1,ok,-
throughput,n32_b256,32,256,10,avx512_phys,AVX512,0.001548,132.299742,0.001526,134.207077,0.120000,6.2642,6.3545,3.9806,4.1245,1,0,1,ok,-
throughput,n32_b256,32,256,20,avx512_logical,AVX512,0.003076,66.579974,0.002044,100.195695,0.120000,3.1525,4.7441,2.0033,3.0793,1,0,1,ok,-
throughput,n32_b512,32,512,1,baseline_sse42_1t,SSE4_2,0.012243,33.455852,0.012629,32.433288,0.250000,1.5841,1.5357,1.0000,1.0000,1,0,1,ok,-
throughput,n32_b512,32,512,10,avx512_phys,AVX512,0.003413,120.011720,0.002011,203.679761,0.250000,5.6824,9.6439,3.5872,6.2800,1,0,1,ok,-
throughput,n32_b512,32,512,20,avx512_logical,AVX512,0.003264,125.490196,0.002416,169.536424,0.250000,5.9418,8.0273,3.7509,5.2272,1,0,1,ok,-
throughput,n32_b1024,32,1024,1,baseline_sse42_1t,SSE4_2,0.024520,33.409462,0.025409,32.240545,0.500000,1.5819,1.5265,1.0000,1.0000,1,0,1,ok,-
throughput,n32_b1024,32,1024,10,avx512_phys,AVX512,0.003708,220.927724,0.002760,296.811594,0.500000,10.4606,14.0536,6.6127,9.2062,1,0,1,ok,-
throughput,n32_b1024,32,1024,20,avx512_logical,AVX512,0.003503,233.856694,0.003166,258.749210,0.500000,11.0728,12.2514,6.9997,8.0256,1,0,1,ok,-
throughput,n32_b2048,32,2048,1,baseline_sse42_1t,SSE4_2,0.049880,32.846832,0.052409,31.261806,1.000000,1.5552,1.4802,1.0000,1.0000,1,0,1,ok,-
throughput,n32_b2048,32,2048,10,avx512_phys,AVX512,0.004562,359.140728,0.004138,395.940068,1.000000,17.0048,18.7472,10.9338,12.6653,1,0,1,ok,-
throughput,n32_b2048,32,2048,20,avx512_logical,AVX512,0.004634,353.560639,0.004308,380.315692,1.000000,16.7406,18.0074,10.7639,12.1655,1,0,1,ok,-
throughput,n32_b4096,32,4096,1,baseline_sse42_1t,SSE4_2,0.105299,31.119004,0.106532,30.758833,2.000000,1.4734,1.4564,1.0000,1.0000,1,0,1,ok,-
throughput,n32_b4096,32,4096,10,avx512_phys,AVX512,0.006914,473.936940,0.006824,480.187573,2.000000,22.4402,22.7362,15.2298,15.6114,1,0,1,ok,-
throughput,n32_b4096,32,4096,20,avx512_logical,AVX512,0.006264,523.116220,0.006410,511.201248,2.000000,24.7688,24.2046,16.8102,16.6197,1,0,1,ok,-
throughput,n32_b8192,32,8192,1,baseline_sse42_1t,SSE4_2,0.204172,32.098427,0.202326,32.391289,4.000000,1.5198,1.5337,1.0000,1.0000,1,0,1,ok,-
throughput,n32_b8192,32,8192,10,avx512_phys,AVX512,0.012357,530.355264,0.012596,520.292156,4.000000,25.1115,24.6350,16.5228,16.0627,1,0,1,ok,-
throughput,n32_b8192,32,8192,20,avx512_logical,AVX512,0.010855,603.740212,0.011005,595.511131,4.000000,28.5862,28.1965,18.8090,18.3849,1,0,1,ok,-
throughput,n32_b16384,32,16384,1,baseline_sse42_1t,SSE4_2,0.396986,33.016781,0.419708,31.229331,8.000000,1.5633,1.4787,1.0000,1.0000,1,0,1,ok,-
throughput,n32_b16384,32,16384,10,avx512_phys,AVX512,0.027059,484.393363,0.026703,490.851215,8.000000,22.9353,23.2411,14.6711,15.7176,1,0,1,ok,-
throughput,n32_b16384,32,16384,20,avx512_logical,AVX512,0.020514,638.939261,0.020351,644.056803,8.000000,30.2528,30.4951,19.3520,20.6235,1,0,1,ok,-
throughput,n32_b32768,32,32768,1,baseline_sse42_1t,SSE4_2,0.950606,27.576514,0.970321,27.016214,16.000000,1.3057,1.2792,1.0000,1.0000,1,0,1,ok,-
throughput,n32_b32768,32,32768,10,avx512_phys,AVX512,0.115001,227.949322,0.115188,227.579262,16.000000,10.7931,10.7755,8.2661,8.4238,1,0,1,ok,-
throughput,n32_b32768,32,32768,20,avx512_logical,AVX512,0.117044,223.970473,0.122049,214.785865,16.000000,10.6047,10.1698,8.1218,7.9503,1,0,1,ok,-
throughput,n32_b65536,32,65536,1,baseline_sse42_1t,SSE4_2,2.168604,24.176290,2.244496,23.358830,32.000000,1.1447,1.1060,1.0000,1.0000,1,0,1,ok,-
throughput,n32_b65536,32,65536,10,avx512_phys,AVX512,0.482707,108.614128,0.497438,105.397658,32.000000,5.1427,4.9904,4.4926,4.5121,1,0,1,ok,-
throughput,n32_b65536,32,65536,20,avx512_logical,AVX512,0.486269,107.818512,0.458401,114.373223,32.000000,5.1050,5.4154,4.4597,4.8964,1,0,1,ok,-
throughput,n64_b1,64,1,1,baseline_sse42_1t,SSE4_2,0.000091,21.098901,0.000090,21.333333,0.000000,0.9990,1.0101,1.0000,1.0000,1,0,1,ok,-
throughput,n64_b1,64,1,10,avx512_phys,AVX512,0.000046,41.739130,0.000048,40.000000,0.000000,1.9763,1.8939,1.9783,1.8750,1,0,1,ok,-
throughput,n64_b1,64,1,20,avx512_logical,AVX512,0.000064,30.000000,0.000079,24.303797,0.000000,1.4205,1.1507,1.4219,1.1392,1,0,1,ok,-
throughput,n64_b2,64,2,1,baseline_sse42_1t,SSE4_2,0.000163,23.558282,0.000163,23.558282,0.000000,1.1154,1.1154,1.0000,1.0000,1,0,1,ok,-
throughput,n64_b2,64,2,10,avx512_phys,AVX512,0.000072,53.333333,0.000068,56.470588,0.000000,2.5253,2.6738,2.2639,2.3971,1,0,1,ok,-
throughput,n64_b2,64,2,20,avx512_logical,AVX512,0.000082,46.829268,0.000081,47.407407,0.000000,2.2173,2.2447,1.9878,2.0123,1,0,1,ok,-
throughput,n64_b4,64,4,1,baseline_sse42_1t,SSE4_2,0.000297,25.858586,0.000307,25.016287,0.000000,1.2244,1.1845,1.0000,1.0000,1,0,1,ok,-
throughput,n64_b4,64,4,10,avx512_phys,AVX512,0.000118,65.084746,0.000112,68.571429,0.000000,3.0817,3.2468,2.5169,2.7411,1,0,1,ok,-
throughput,n64_b4,64,4,20,avx512_logical,AVX512,0.000144,53.333333,0.000129,59.534884,0.000000,2.5253,2.8189,2.0625,2.3798,1,0,1,ok,-
throughput,n64_b8,64,8,1,baseline_sse42_1t,SSE4_2,0.000593,25.902192,0.000778,19.742931,0.010000,1.2264,0.9348,1.0000,1.0000,1,0,1,ok,-
throughput,n64_b8,64,8,10,avx512_phys,AVX512,0.000784,19.591837,0.000787,19.517154,0.010000,0.9276,0.9241,0.7564,0.9886,1,0,1,ok,-
throughput,n64_b8,64,8,20,avx512_logical,AVX512,0.001058,14.517958,0.001036,14.826255,0.010000,0.6874,0.7020,0.5605,0.7510,1,0,1,ok,-
throughput,n64_b16,64,16,1,baseline_sse42_1t,SSE4_2,0.001152,26.666667,0.001176,26.122449,0.020000,1.2626,1.2369,1.0000,1.0000,1,0,1,ok,-
throughput,n64_b16,64,16,10,avx512_phys,AVX512,0.001612,19.057072,0.001865,16.471850,0.020000,0.9023,0.7799,0.7146,0.6306,1,0,1,ok,-
throughput,n64_b16,64,16,20,avx512_logical,AVX512,0.001205,25.493776,0.001569,19.579350,0.020000,1.2071,0.9271,0.9560,0.7495,1,0,1,ok,-
throughput,n64_b32,64,32,1,baseline_sse42_1t,SSE4_2,0.002305,26.655098,0.002358,26.055980,0.030000,1.2621,1.2337,1.0000,1.0000,1,0,1,ok,-
throughput,n64_b32,64,32,10,avx512_phys,AVX512,0.002799,21.950697,0.001230,49.951220,0.030000,1.0393,2.3651,0.8235,1.9171,1,0,1,ok,-
throughput,n64_b32,64,32,20,avx512_logical,AVX512,0.002630,23.361217,0.001615,38.043344,0.030000,1.1061,1.8013,0.8764,1.4601,1,0,1,ok,-
throughput,n64_b64,64,64,1,baseline_sse42_1t,SSE4_2,0.005148,23.869464,0.004668,26.323907,0.060000,1.1302,1.2464,1.0000,1.0000,1,0,1,ok,-
throughput,n64_b64,64,64,10,avx512_phys,AVX512,0.002291,53.635967,0.001338,91.838565,0.060000,2.5396,4.3484,2.2471,3.4888,1,0,1,ok,-
throughput,n64_b64,64,64,20,avx512_logical,AVX512,0.002900,42.372414,0.001970,62.375635,0.060000,2.0063,2.9534,1.7752,2.3695,1,0,1,ok,-
throughput,n64_b128,64,128,1,baseline_sse42_1t,SSE4_2,0.008999,27.309701,0.009417,26.097483,0.120000,1.2931,1.2357,1.0000,1.0000,1,0,1,ok,-
throughput,n64_b128,64,128,10,avx512_phys,AVX512,0.001522,161.471748,0.001488,165.161290,0.120000,7.6454,7.8201,5.9126,6.3286,1,0,1,ok,-
throughput,n64_b128,64,128,20,avx512_logical,AVX512,0.002012,122.147117,0.002133,115.218003,0.120000,5.7835,5.4554,4.4727,4.4149,1,0,1,ok,-
throughput,n64_b256,64,256,1,baseline_sse42_1t,SSE4_2,0.018002,27.303633,0.018680,26.312634,0.250000,1.2928,1.2459,1.0000,1.0000,1,0,1,ok,-
throughput,n64_b256,64,256,10,avx512_phys,AVX512,0.003729,131.810137,0.001959,250.903522,0.250000,6.2410,11.8799,4.8276,9.5355,1,0,1,ok,-
throughput,n64_b256,64,256,20,avx512_logical,AVX512,0.004094,120.058622,0.002831,173.620629,0.250000,5.6846,8.2207,4.3972,6.5984,1,0,1,ok,-
throughput,n64_b512,64,512,1,baseline_sse42_1t,SSE4_2,0.037431,26.262723,0.037157,26.456388,0.500000,1.2435,1.2527,1.0000,1.0000,1,0,1,ok,-
throughput,n64_b512,64,512,10,avx512_phys,AVX512,0.003649,269.399836,0.002852,344.684432,0.500000,12.7557,16.3203,10.2579,13.0284,1,0,1,ok,-
throughput,n64_b512,64,512,20,avx512_logical,AVX512,0.003609,272.385702,0.003012,326.374502,0.500000,12.8971,15.4533,10.3716,12.3363,1,0,1,ok,-
throughput,n64_b1024,64,1024,1,baseline_sse42_1t,SSE4_2,0.078376,25.085230,0.081307,24.180944,1.000000,1.1877,1.1449,1.0000,1.0000,1,0,1,ok,-
throughput,n64_b1024,64,1024,10,avx512_phys,AVX512,0.003942,498.751903,0.003969,495.359033,1.000000,23.6151,23.4545,19.8823,20.4855,1,0,1,ok,-
throughput,n64_b1024,64,1024,20,avx512_logical,AVX512,0.004530,434.013245,0.004226,465.234264,1.000000,20.5499,22.0281,17.3015,19.2397,1,0,1,ok,-
throughput,n64_b2048,64,2048,1,baseline_sse42_1t,SSE4_2,0.154430,25.462410,0.159240,24.693293,2.000000,1.2056,1.1692,1.0000,1.0000,1,0,1,ok,-
throughput,n64_b2048,64,2048,10,avx512_phys,AVX512,0.006524,602.722256,0.006473,607.471034,2.000000,28.5380,28.7628,23.6711,24.6006,1,0,1,ok,-
throughput,n64_b2048,64,2048,20,avx512_logical,AVX512,0.006223,631.875301,0.005958,659.979859,2.000000,29.9183,31.2490,24.8160,26.7271,1,0,1,ok,-
throughput,n64_b4096,64,4096,1,baseline_sse42_1t,SSE4_2,0.300439,26.176096,0.304096,25.861307,4.000000,1.2394,1.2245,1.0000,1.0000,1,0,1,ok,-
throughput,n64_b4096,64,4096,10,avx512_phys,AVX512,0.011841,664.160122,0.011317,694.912079,4.000000,31.4470,32.9030,25.3728,26.8707,1,0,1,ok,-
throughput,n64_b4096,64,4096,20,avx512_logical,AVX512,0.009908,793.734356,0.009849,798.489187,4.000000,37.5821,37.8073,30.3229,30.8758,1,0,1,ok,-
throughput,n64_b8192,64,8192,1,baseline_sse42_1t,SSE4_2,0.606550,25.931316,0.604831,26.005016,8.000000,1.2278,1.2313,1.0000,1.0000,1,0,1,ok,-
throughput,n64_b8192,64,8192,10,avx512_phys,AVX512,0.030358,518.105277,0.021983,715.491061,8.000000,24.5315,33.8774,19.9799,27.5136,1,0,1,ok,-
throughput,n64_b8192,64,8192,20,avx512_logical,AVX512,0.019161,820.867387,0.018977,828.826474,8.000000,38.8668,39.2437,31.6554,31.8718,1,0,1,ok,-
throughput,n64_b16384,64,16384,1,baseline_sse42_1t,SSE4_2,1.371263,22.940370,1.419217,22.165236,16.000000,1.0862,1.0495,1.0000,1.0000,1,0,1,ok,-
throughput,n64_b16384,64,16384,10,avx512_phys,AVX512,0.116319,270.439739,0.115642,272.022967,16.000000,12.8049,12.8799,11.7888,12.2725,1,0,1,ok,-
throughput,n64_b16384,64,16384,20,avx512_logical,AVX512,0.114806,274.003798,0.117284,268.214590,16.000000,12.9737,12.6996,11.9442,12.1007,1,0,1,ok,-
throughput,n64_b32768,64,32768,1,baseline_sse42_1t,SSE4_2,3.059379,20.564487,3.280677,19.177310,32.000000,0.9737,0.9080,1.0000,1.0000,1,0,1,ok,-
throughput,n64_b32768,64,32768,10,avx512_phys,AVX512,0.458241,137.295790,0.465009,135.297510,32.000000,6.5007,6.4061,6.6764,7.0551,1,0,1,ok,-
throughput,n64_b32768,64,32768,20,avx512_logical,AVX512,0.505511,124.457351,0.499437,125.970963,32.000000,5.8929,5.9645,6.0521,6.5688,1,0,1,ok,-
throughput,n64_b65536,64,65536,1,baseline_sse42_1t,SSE4_2,6.143071,20.483097,6.289417,20.006484,64.000000,0.9698,0.9473,1.0000,1.0000,1,0,1,ok,-
throughput,n64_b65536,64,65536,10,avx512_phys,AVX512,1.277052,98.530929,1.283563,98.031121,64.000000,4.6653,4.6416,4.8104,4.9000,1,0,1,ok,-
throughput,n64_b65536,64,65536,20,avx512_logical,AVX512,1.273227,98.826933,1.307974,96.201545,64.000000,4.6793,4.5550,4.8248,4.8085,1,0,1,ok,-
throughput,n128_b1,128,1,1,baseline_sse42_1t,SSE4_2,0.000157,28.535032,0.000160,28.000000,0.000000,1.3511,1.3258,1.0000,1.0000,1,0,1,ok,-
throughput,n128_b1,128,1,10,avx512_phys,AVX512,0.000075,59.733333,0.000069,64.927536,0.000000,2.8283,3.0742,2.0933,2.3188,1,0,1,ok,-
throughput,n128_b1,128,1,20,avx512_logical,AVX512,0.000085,52.705882,0.000085,52.705882,0.000000,2.4955,2.4955,1.8471,1.8824,1,0,1,ok,-
throughput,n128_b2,128,2,1,baseline_sse42_1t,SSE4_2,0.000295,30.372881,0.000301,29.767442,0.000000,1.4381,1.4094,1.0000,1.0000,1,0,1,ok,-
throughput,n128_b2,128,2,10,avx512_phys,AVX512,0.000113,79.292035,0.000109,82.201835,0.000000,3.7544,3.8921,2.6106,2.7615,1,0,1,ok,-
throughput,n128_b2,128,2,20,avx512_logical,AVX512,0.000130,68.923077,0.000132,67.878788,0.000000,3.2634,3.2140,2.2692,2.2803,1,0,1,ok,-
throughput,n128_b4,128,4,1,baseline_sse42_1t,SSE4_2,0.000585,30.632479,0.000792,22.626263,0.010000,1.4504,1.0713,1.0000,1.0000,1,0,1,ok,-
throughput,n128_b4,128,4,10,avx512_phys,AVX512,0.000759,23.610013,0.000780,22.974359,0.010000,1.1179,1.0878,0.7708,1.0154,1,0,1,ok,-
throughput,n128_b4,128,4,20,avx512_logical,AVX512,0.001008,17.777778,0.001015,17.655172,0.010000,0.8418,0.8359,0.5804,0.7803,1,0,1,ok,-
throughput,n128_b8,128,8,1,baseline_sse42_1t,SSE4_2,0.001136,31.549296,0.001150,31.165217,0.020000,1.4938,1.4756,1.0000,1.0000,1,0,1,ok,-
throughput,n128_b8,128,8,10,avx512_phys,AVX512,0.000897,39.955407,0.000919,38.998912,0.020000,1.8918,1.8465,1.2664,1.2514,1,0,1,ok,-
throughput,n128_b8,128,8,20,avx512_logical,AVX512,0.001177,30.450297,0.001195,29.991632,0.020000,1.4418,1.4201,0.9652,0.9623,1,0,1,ok,-
throughput,n128_b16,128,16,1,baseline_sse42_1t,SSE4_2,0.002267,31.618880,0.002303,31.124620,0.030000,1.4971,1.4737,1.0000,1.0000,1,0,1,ok,-
throughput,n128_b16,128,16,10,avx512_phys,AVX512,0.001787,40.111919,0.001244,57.620579,0.030000,1.8992,2.7282,1.2686,1.8513,1,0,1,ok,-
throughput,n128_b16,128,16,20,avx512_logical,AVX512,0.003610,19.855956,0.001613,44.438934,0.030000,0.9401,2.1041,0.6280,1.4278,1,0,1,ok,-
throughput,n128_b32,128,32,1,baseline_sse42_1t,SSE4_2,0.004553,31.486932,0.004636,30.923210,0.060000,1.4909,1.4642,1.0000,1.0000,1,0,1,ok,-
throughput,n128_b32,128,32,10,avx512_phys,AVX512,0.003262,43.948498,0.001317,108.853455,0.060000,2.0809,5.1540,1.3958,3.5201,1,0,1,ok,-
throughput,n128_b32,128,32,20,avx512_logical,AVX512,0.002763,51.885632,0.001893,75.731643,0.060000,2.4567,3.5858,1.6478,2.4490,1,0,1,ok,-
throughput,n128_b64,128,64,1,baseline_sse42_1t,SSE4_2,0.009046,31.695777,0.009331,30.727682,0.120000,1.5007,1.4549,1.0000,1.0000,1,0,1,ok,-
throughput,n128_b64,128,64,10,avx512_phys,AVX512,0.001456,196.923077,0.001517,189.004614,0.120000,9.3240,8.9491,6.2129,6.1510,1,0,1,ok,-
throughput,n128_b64,128,64,20,avx512_logical,AVX512,0.001961,146.211117,0.001999,143.431716,0.120000,6.9229,6.7913,4.6130,4.6678,1,0,1,ok,-
throughput,n128_b128,128,128,1,baseline_sse42_1t,SSE4_2,0.018089,31.701034,0.018412,31.144905,0.250000,1.5010,1.4747,1.0000,1.0000,1,0,1,ok,-
throughput,n128_b128,128,128,10,avx512_phys,AVX512,0.003589,159.777097,0.001993,287.727045,0.250000,7.5652,13.6234,5.0401,9.2383,1,0,1,ok,-
throughput,n128_b128,128,128,20,avx512_logical,AVX512,0.002984,192.171582,0.002681,213.890339,0.250000,9.0990,10.1274,6.0620,6.8676,1,0,1,ok,-
throughput,n128_b256,128,256,1,baseline_sse42_1t,SSE4_2,0.034551,33.193829,0.036329,31.569270,0.500000,1.5717,1.4948,1.0000,1.0000,1,0,1,ok,-
throughput,n128_b256,128,256,10,avx512_phys,AVX512,0.003816,300.545073,0.002845,403.121265,0.500000,14.2304,19.0872,9.0542,12.7694,1,0,1,ok,-
throughput,n128_b256,128,256,20,avx512_logical,AVX512,0.003652,314.041621,0.003246,353.321010,0.500000,14.8694,16.7292,9.4608,11.1919,1,0,1,ok,-
throughput,n128_b512,128,512,1,baseline_sse42_1t,SSE4_2,0.072292,31.729099,0.073703,31.121664,1.000000,1.5023,1.4736,1.0000,1.0000,1,0,1,ok,-
throughput,n128_b512,128,512,10,avx512_phys,AVX512,0.004611,497.453915,0.004138,554.316095,1.000000,23.5537,26.2460,15.6782,17.8113,1,0,1,ok,-
throughput,n128_b512,128,512,20,avx512_logical,AVX512,0.004334,529.247808,0.004588,499.947690,1.000000,25.0591,23.6718,16.6802,16.0643,1,0,1,ok,-
throughput,n128_b1024,128,1024,1,baseline_sse42_1t,SSE4_2,0.149510,30.683700,0.156710,29.273946,2.000000,1.4528,1.3861,1.0000,1.0000,1,0,1,ok,-
throughput,n128_b1024,128,1024,10,avx512_phys,AVX512,0.006748,679.834025,0.006696,685.113501,2.000000,32.1891,32.4391,22.1562,23.4035,1,0,1,ok,-
throughput,n128_b1024,128,1024,20,avx512_logical,AVX512,0.006597,695.394876,0.006619,693.083547,2.000000,32.9259,32.8165,22.6633,23.6758,1,0,1,ok,-
throughput,n128_b2048,128,2048,1,baseline_sse42_1t,SSE4_2,0.295053,31.096244,0.304735,30.108258,4.000000,1.4724,1.4256,1.0000,1.0000,1,0,1,ok,-
throughput,n128_b2048,128,2048,10,avx512_phys,AVX512,0.012236,749.839817,0.011786,778.469370,4.000000,35.5038,36.8593,24.1135,25.8557,1,0,1,ok,-
throughput,n128_b2048,128,2048,20,avx512_logical,AVX512,0.011213,818.250245,0.011044,830.771460,4.000000,38.7429,39.3358,26.3135,27.5928,1,0,1,ok,-
throughput,n128_b4096,128,4096,1,baseline_sse42_1t,SSE4_2,0.599594,30.604175,0.621761,29.513077,8.000000,1.4491,1.3974,1.0000,1.0000,1,0,1,ok,-
throughput,n128_b4096,128,4096,10,avx512_phys,AVX512,0.026843,683.607644,0.023067,795.512204,8.000000,32.3678,37.6663,22.3371,26.9546,1,0,1,ok,-
throughput,n128_b4096,128,4096,20,avx512_logical,AVX512,0.021760,843.294118,0.021407,857.199981,8.000000,39.9287,40.5871,27.5549,29.0448,1,0,1,ok,-
throughput,n128_b8192,128,8192,1,baseline_sse42_1t,SSE4_2,1.389245,26.417342,1.397979,26.252297,16.000000,1.2508,1.2430,1.0000,1.0000,1,0,1,ok,-
throughput,n128_b8192,128,8192,10,avx512_phys,AVX512,0.118498,309.711219,0.116073,316.181713,16.000000,14.6644,14.9707,11.7238,12.0440,1,0,1,ok,-
throughput,n128_b8192,128,8192,20,avx512_logical,AVX512,0.114705,319.952574,0.114706,319.949785,16.000000,15.1493,15.1491,12.1115,12.1875,1,0,1,ok,-
throughput,n128_b16384,128,16384,1,baseline_sse42_1t,SSE4_2,3.195337,22.971073,3.368123,21.792648,32.000000,1.0876,1.0318,1.0000,1.0000,1,0,1,ok,-
throughput,n128_b16384,128,16384,10,avx512_phys,AVX512,0.466363,157.388815,0.471262,155.752681,32.000000,7.4521,7.3747,6.8516,7.1470,1,0,1,ok,-
throughput,n128_b16384,128,16384,20,avx512_logical,AVX512,0.498842,147.141420,0.480692,152.697195,32.000000,6.9669,7.2300,6.4055,7.0068,1,0,1,ok,-
throughput,n128_b32768,128,32768,1,baseline_sse42_1t,SSE4_2,7.075105,20.748899,6.902132,21.268883,64.000000,0.9824,1.0070,1.0000,1.0000,1,0,1,ok,-
throughput,n128_b32768,128,32768,10,avx512_phys,AVX512,1.267297,115.837598,1.233255,119.035106,64.000000,5.4847,5.6361,5.5828,5.5967,1,0,1,ok,-
throughput,n128_b32768,128,32768,20,avx512_logical,AVX512,1.288521,113.929567,1.343529,109.264958,64.000000,5.3944,5.1735,5.4909,5.1373,1,0,1,ok,-
throughput,n128_b65536,128,65536,1,baseline_sse42_1t,SSE4_2,13.761245,21.335372,13.951743,21.044057,128.000000,1.0102,0.9964,1.0000,1.0000,1,0,1,ok,-
throughput,n128_b65536,128,65536,10,avx512_phys,AVX512,2.950198,99.519178,2.929085,100.236518,128.000000,4.7121,4.7460,4.6645,4.7632,1,0,1,ok,-
throughput,n128_b65536,128,65536,20,avx512_logical,AVX512,2.920273,100.538984,2.898782,101.284360,128.000000,4.7604,4.7957,4.7123,4.8130,1,0,1,ok,-
throughput,n256_b1,256,1,1,baseline_sse42_1t,SSE4_2,0.000319,32.100313,0.000324,31.604938,0.000000,1.5199,1.4964,1.0000,1.0000,1,0,1,ok,-
throughput,n256_b1,256,1,10,avx512_phys,AVX512,0.000169,60.591716,0.000163,62.822086,0.000000,2.8689,2.9745,1.8876,1.9877,1,0,1,ok,-
throughput,n256_b1,256,1,20,avx512_logical,AVX512,0.000220,46.545455,0.000200,51.200000,0.000000,2.2039,2.4242,1.4500,1.6200,1,0,1,ok,-
throughput,n256_b2,256,2,1,baseline_sse42_1t,SSE4_2,0.000630,32.507937,0.000628,32.611465,0.010000,1.5392,1.5441,1.0000,1.0000,1,0,1,ok,-
throughput,n256_b2,256,2,10,avx512_phys,AVX512,0.001584,12.929293,0.001324,15.468278,0.010000,0.6122,0.7324,0.3977,0.4743,1,0,1,ok,-
throughput,n256_b2,256,2,20,avx512_logical,AVX512,0.002053,9.975645,0.001077,19.015785,0.010000,0.4723,0.9004,0.3069,0.5831,1,0,1,ok,-
throughput,n256_b4,256,4,1,baseline_sse42_1t,SSE4_2,0.001238,33.085622,0.001244,32.926045,0.020000,1.5666,1.5590,1.0000,1.0000,1,0,1,ok,-
throughput,n256_b4,256,4,10,avx512_phys,AVX512,0.002651,15.450773,0.001255,32.637450,0.020000,0.7316,1.5453,0.4670,0.9912,1,0,1,ok,-
throughput,n256_b4,256,4,20,avx512_logical,AVX512,0.002239,18.293881,0.001308,31.314985,0.020000,0.8662,1.4827,0.5529,0.9511,1,0,1,ok,-
throughput,n256_b8,256,8,1,baseline_sse42_1t,SSE4_2,0.002472,33.139159,0.002489,32.912816,0.030000,1.5691,1.5584,1.0000,1.0000,1,0,1,ok,-
throughput,n256_b8,256,8,10,avx512_phys,AVX512,0.003300,24.824242,0.001467,55.841854,0.030000,1.1754,2.6440,0.7491,1.6967,1,0,1,ok,-
throughput,n256_b8,256,8,20,avx512_logical,AVX512,0.003605,22.723994,0.002122,38.605090,0.030000,1.0759,1.8279,0.6857,1.1730,1,0,1,ok,-
throughput,n256_b16,256,16,1,baseline_sse42_1t,SSE4_2,0.004942,33.152570,0.004995,32.800801,0.060000,1.5697,1.5531,1.0000,1.0000,1,0,1,ok,-
throughput,n256_b16,256,16,10,avx512_phys,AVX512,0.003314,49.438745,0.001774,92.356257,0.060000,2.3408,4.3729,1.4912,2.8157,1,0,1,ok,-
throughput,n256_b16,256,16,20,avx512_logical,AVX512,0.002427,67.507211,0.002055,79.727494,0.060000,3.1964,3.7750,2.0363,2.4307,1,0,1,ok,-
throughput,n256_b32,256,32,1,baseline_sse42_1t,SSE4_2,0.010002,32.761448,0.009948,32.939284,0.120000,1.5512,1.5596,1.0000,1.0000,1,0,1,ok,-
throughput,n256_b32,256,32,10,avx512_phys,AVX512,0.001635,200.415902,0.001782,183.883277,0.120000,9.4894,8.7066,6.1174,5.5825,1,0,1,ok,-
throughput,n256_b32,256,32,20,avx512_logical,AVX512,0.002185,149.967963,0.002240,146.285714,0.120000,7.1008,6.9264,4.5776,4.4411,1,0,1,ok,-
throughput,n256_b64,256,64,1,baseline_sse42_1t,SSE4_2,0.019745,33.191188,0.019066,34.373230,0.250000,1.5716,1.6275,1.0000,1.0000,1,0,1,ok,-
throughput,n256_b64,256,64,10,avx512_phys,AVX512,0.003601,181.993891,0.002418,271.033912,0.250000,8.6171,12.8330,5.4832,7.8850,1,0,1,ok,-
throughput,n256_b64,256,64,20,avx512_logical,AVX512,0.004172,157.085331,0.002806,233.556664,0.250000,7.4378,11.0586,4.7327,6.7947,1,0,1,ok,-
throughput,n256_b128,256,128,1,baseline_sse42_1t,SSE4_2,0.038014,34.479928,0.037886,34.596421,0.500000,1.6326,1.6381,1.0000,1.0000,1,0,1,ok,-
throughput,n256_b128,256,128,10,avx512_phys,AVX512,0.005522,237.363274,0.004028,325.402185,0.500000,11.2388,15.4073,6.8841,9.4057,1,0,1,ok,-
throughput,n256_b128,256,128,20,avx512_logical,AVX512,0.004166,314.623140,0.003958,331.157150,0.500000,14.8969,15.6798,9.1248,9.5720,1,0,1,ok,-
throughput,n256_b256,256,256,1,baseline_sse42_1t,SSE4_2,0.079041,33.165572,0.080764,32.458026,1.000000,1.5703,1.5368,1.0000,1.0000,1,0,1,ok,-
throughput,n256_b256,256,256,10,avx512_phys,AVX512,0.005288,495.733737,0.005585,469.371531,1.000000,23.4722,22.2240,14.9472,14.4609,1,0,1,ok,-
throughput,n256_b256,256,256,20,avx512_logical,AVX512,0.005256,498.751903,0.005345,490.447147,1.000000,23.6151,23.2219,15.0382,15.1102,1,0,1,ok,-
throughput,n256_b512,256,512,1,baseline_sse42_1t,SSE4_2,0.183118,28.631156,0.184798,28.370870,2.000000,1.3556,1.3433,1.0000,1.0000,1,0,1,ok,-
throughput,n256_b512,256,512,10,avx512_phys,AVX512,0.009023,581.057298,0.009222,568.518759,2.000000,27.5122,26.9185,20.2946,20.0388,1,0,1,ok,-
throughput,n256_b512,256,512,20,avx512_logical,AVX512,0.008454,620.165602,0.008382,625.492723,2.000000,29.3639,29.6161,21.6605,22.0470,1,0,1,ok,-
throughput,n256_b1024,256,1024,1,baseline_sse42_1t,SSE4_2,0.367952,28.497630,0.358619,29.239276,4.000000,1.3493,1.3844,1.0000,1.0000,1,0,1,ok,-
throughput,n256_b1024,256,1024,10,avx512_phys,AVX512,0.016857,622.041882,0.016835,622.854767,4.000000,29.4527,29.4912,21.8278,21.3020,1,0,1,ok,-
throughput,n256_b1024,256,1024,20,avx512_logical,AVX512,0.014687,713.948390,0.014716,712.541451,4.000000,33.8044,33.7378,25.0529,24.3693,1,0,1,ok,-
throughput,n256_b2048,256,2048,1,baseline_sse42_1t,SSE4_2,0.717876,29.213290,0.734461,28.553620,8.000000,1.3832,1.3520,1.0000,1.0000,1,0,1,ok,-
throughput,n256_b2048,256,2048,10,avx512_phys,AVX512,0.032501,645.257684,0.047121,445.056769,8.000000,30.5520,21.0728,22.0878,15.5867,1,0,1,ok,-
throughput,n256_b2048,256,2048,20,avx512_logical,AVX512,0.029379,713.826883,0.028863,726.588366,8.000000,33.7986,34.4029,24.4350,25.4465,1,0,1,ok,-
throughput,n256_b4096,256,4096,1,baseline_sse42_1t,SSE4_2,1.639811,25.577972,1.692983,24.774637,16.000000,1.2111,1.1730,1.0000,1.0000,1,0,1,ok,-
throughput,n256_b4096,256,4096,10,avx512_phys,AVX512,0.121803,344.351453,0.119927,349.738091,16.000000,16.3045,16.5596,13.4628,14.1168,1,0,1,ok,-
throughput,n256_b4096,256,4096,20,avx512_logical,AVX512,0.118050,355.298941,0.119617,350.644474,16.000000,16.8229,16.6025,13.8908,14.1534,1,0,1,ok,-
throughput,n256_b8192,256,8192,1,baseline_sse42_1t,SSE4_2,3.794561,22.106926,3.803573,22.054547,32.000000,1.0467,1.0442,1.0000,1.0000,1,0,1,ok,-
throughput,n256_b8192,256,8192,10,avx512_phys,AVX512,0.492055,170.481105,0.495748,169.211131,32.000000,8.0720,8.0119,7.7117,7.6724,1,0,1,ok,-
throughput,n256_b8192,256,8192,20,avx512_logical,AVX512,0.499289,168.011072,0.506040,165.769662,32.000000,7.9551,7.8489,7.5999,7.5163,1,0,1,ok,-
throughput,n256_b16384,256,16384,1,baseline_sse42_1t,SSE4_2,8.825859,19.009159,8.708548,19.265228,64.000000,0.9001,0.9122,1.0000,1.0000,1,0,1,ok,-
throughput,n256_b16384,256,16384,10,avx512_phys,AVX512,1.319483,127.149922,1.337387,125.447728,64.000000,6.0204,5.9398,6.6889,6.5116,1,0,1,ok,-
throughput,n256_b16384,256,16384,20,avx512_logical,AVX512,1.383985,121.223973,1.364215,122.980733,64.000000,5.7398,5.8230,6.3771,6.3836,1,0,1,ok,-
throughput,n256_b32768,256,32768,1,baseline_sse42_1t,SSE4_2,17.421318,19.260559,17.706656,18.950180,128.000000,0.9120,0.8973,1.0000,1.0000,1,0,1,ok,-
throughput,n256_b32768,256,32768,10,avx512_phys,AVX512,2.950886,113.709686,2.898137,115.779316,128.000000,5.3840,5.4820,5.9038,6.1097,1,0,1,ok,-
throughput,n256_b32768,256,32768,20,avx512_logical,AVX512,2.893124,115.979930,2.951095,113.701633,128.000000,5.4915,5.3836,6.0216,6.0000,1,0,1,ok,-
throughput,n256_b65536,256,65536,1,baseline_sse42_1t,SSE4_2,34.849547,19.256739,34.932243,19.211152,256.000000,0.9118,0.9096,1.0000,1.0000,1,0,1,ok,-
throughput,n256_b65536,256,65536,10,avx512_phys,AVX512,6.183404,108.530615,6.156656,109.002134,256.000000,5.1388,5.1611,5.6360,5.6739,1,0,1,ok,-
throughput,n256_b65536,256,65536,20,avx512_logical,AVX512,5.900861,113.727241,5.951418,112.761134,256.000000,5.3848,5.3391,5.9058,5.8696,1,0,1,ok,-
throughput,n512_b1,512,1,1,baseline_sse42_1t,SSE4_2,0.000684,33.684211,0.000683,33.733529,0.010000,1.5949,1.5972,1.0000,1.0000,1,0,1,ok,-
throughput,n512_b1,512,1,10,avx512_phys,AVX512,0.000386,59.689119,0.000826,27.893462,0.010000,2.8262,1.3207,1.7720,0.8269,1,0,1,ok,-
throughput,n512_b1,512,1,20,avx512_logical,AVX512,0.000432,53.333333,0.000357,64.537815,0.010000,2.5253,3.0558,1.5833,1.9132,1,0,1,ok,-
throughput,n512_b2,512,2,1,baseline_sse42_1t,SSE4_2,0.001362,33.832599,0.001357,33.957259,0.020000,1.6019,1.6078,1.0000,1.0000,1,0,1,ok,-
throughput,n512_b2,512,2,10,avx512_phys,AVX512,0.001670,27.592814,0.000949,48.556375,0.020000,1.3065,2.2991,0.8156,1.4299,1,0,1,ok,-
throughput,n512_b2,512,2,20,avx512_logical,AVX512,0.002309,19.956691,0.001328,34.698795,0.020000,0.9449,1.6429,0.5899,1.0218,1,0,1,ok,-
throughput,n512_b4,512,4,1,baseline_sse42_1t,SSE4_2,0.002706,34.057650,0.002699,34.145980,0.030000,1.6126,1.6168,1.0000,1.0000,1,0,1,ok,-
throughput,n512_b4,512,4,10,avx512_phys,AVX512,0.002233,41.271832,0.001150,80.139130,0.030000,1.9542,3.7945,1.2118,2.3470,1,0,1,ok,-
throughput,n512_b4,512,4,20,avx512_logical,AVX512,0.003623,25.437483,0.001620,56.888889,0.030000,1.2044,2.6936,0.7469,1.6660,1,0,1,ok,-
throughput,n512_b8,512,8,1,baseline_sse42_1t,SSE4_2,0.005411,34.063944,0.005420,34.007380,0.060000,1.6129,1.6102,1.0000,1.0000,1,0,1,ok,-
throughput,n512_b8,512,8,10,avx512_phys,AVX512,0.002564,71.887676,0.001654,111.438936,0.060000,3.4038,5.2765,2.1104,3.2769,1,0,1,ok,-
throughput,n512_b8,512,8,20,avx512_logical,AVX512,0.004089,45.077036,0.001884,97.834395,0.060000,2.1343,4.6323,1.3233,2.8769,1,0,1,ok,-
throughput,n512_b16,512,16,1,baseline_sse42_1t,SSE4_2,0.010792,34.158636,0.010948,33.671904,0.120000,1.6174,1.5943,1.0000,1.0000,1,0,1,ok,-
throughput,n512_b16,512,16,10,avx512_phys,AVX512,0.003758,98.094731,0.002135,172.665105,0.120000,4.6446,8.1754,2.8717,5.1279,1,0,1,ok,-
throughput,n512_b16,512,16,20,avx512_logical,AVX512,0.004317,85.392634,0.002697,136.685206,0.120000,4.0432,6.4718,2.4999,4.0593,1,0,1,ok,-
throughput,n512_b32,512,32,1,baseline_sse42_1t,SSE4_2,0.021571,34.179222,0.022920,32.167539,0.250000,1.6183,1.5231,1.0000,1.0000,1,0,1,ok,-
throughput,n512_b32,512,32,10,avx512_phys,AVX512,0.003505,210.350927,0.002673,275.824916,0.250000,9.9598,13.0599,6.1544,8.5746,1,0,1,ok,-
throughput,n512_b32,512,32,20,avx512_logical,AVX512,0.003873,190.364059,0.003203,230.184202,0.250000,9.0134,10.8989,5.5696,7.1558,1,0,1,ok,-
throughput,n512_b64,512,64,1,baseline_sse42_1t,SSE4_2,0.043974,33.532542,0.042450,34.736396,0.500000,1.5877,1.6447,1.0000,1.0000,1,0,1,ok,-
throughput,n512_b64,512,64,10,avx512_phys,AVX512,0.003881,379.943314,0.003490,422.510029,0.500000,17.9897,20.0052,11.3306,12.1633,1,0,1,ok,-
throughput,n512_b64,512,64,20,avx512_logical,AVX512,0.004238,347.937706,0.004068,362.477876,0.500000,16.4743,17.1628,10.3761,10.4351,1,0,1,ok,-
throughput,n512_b128,512,128,1,baseline_sse42_1t,SSE4_2,0.100463,29.355285,0.093901,31.406694,1.000000,1.3899,1.4871,1.0000,1.0000,1,0,1,ok,-
throughput,n512_b128,512,128,10,avx512_phys,AVX512,0.005235,563.346705,0.005379,548.265477,1.000000,26.6736,25.9595,19.1906,17.4570,1,0,1,ok,-
throughput,n512_b128,512,128,20,avx512_logical,AVX512,0.005447,541.420966,0.005641,522.800922,1.000000,25.6355,24.7538,18.4437,16.6462,1,0,1,ok,-
throughput,n512_b256,512,256,1,baseline_sse42_1t,SSE4_2,0.202151,29.177397,0.201320,29.297834,2.000000,1.3815,1.3872,1.0000,1.0000,1,0,1,ok,-
throughput,n512_b256,512,256,10,avx512_phys,AVX512,0.008798,670.406911,0.008911,661.905510,2.000000,31.7428,31.3402,22.9769,22.5923,1,0,1,ok,-
throughput,n512_b256,512,256,20,avx512_logical,AVX512,0.008553,689.610663,0.008705,677.569213,2.000000,32.6520,32.0819,23.6351,23.1269,1,0,1,ok,-
throughput,n512_b512,512,512,1,baseline_sse42_1t,SSE4_2,0.405713,29.075923,0.421128,28.011626,4.000000,1.3767,1.3263,1.0000,1.0000,1,0,1,ok,-
throughput,n512_b512,512,512,10,avx512_phys,AVX512,0.015958,739.220454,0.016321,722.779241,4.000000,35.0010,34.2225,25.4238,25.8028,1,0,1,ok,-
throughput,n512_b512,512,512,20,avx512_logical,AVX512,0.014965,788.271300,0.020565,573.619256,4.000000,37.3235,27.1600,27.1108,20.4779,1,0,1,ok,-
throughput,n512_b1024,512,1024,1,baseline_sse42_1t,SSE4_2,0.840443,28.072052,0.848966,27.790230,8.000000,1.3292,1.3158,1.0000,1.0000,1,0,1,ok,-
throughput,n512_b1024,512,1024,10,avx512_phys,AVX512,0.043198,546.158618,0.032295,730.545286,8.000000,25.8598,34.5902,19.4556,26.2878,1,0,1,ok,-
throughput,n512_b1024,512,1024,20,avx512_logical,AVX512,0.030172,781.948827,0.030737,767.575235,8.000000,37.0241,36.3435,27.8551,27.6203,1,0,1,ok,-
throughput,n512_b2048,512,2048,1,baseline_sse42_1t,SSE4_2,1.852635,25.469626,1.933433,24.405252,16.000000,1.2059,1.1556,1.0000,1.0000,1,0,1,ok,-
throughput,n512_b2048,512,2048,10,avx512_phys,AVX512,0.132574,355.921372,0.123192,383.027469,16.000000,16.8523,18.1358,13.9743,15.6945,1,0,1,ok,-
throughput,n512_b2048,512,2048,20,avx512_logical,AVX512,0.121917,387.033146,0.117015,403.246763,16.000000,18.3254,19.0931,15.1959,16.5230,1,0,1,ok,-
throughput,n512_b4096,512,4096,1,baseline_sse42_1t,SSE4_2,4.334217,21.773677,4.239039,22.262555,32.000000,1.0310,1.0541,1.0000,1.0000,1,0,1,ok,-
throughput,n512_b4096,512,4096,10,avx512_phys,AVX512,0.506978,186.145829,0.514020,183.595658,32.000000,8.8137,8.6930,8.5491,8.2468,1,0,1,ok,-
throughput,n512_b4096,512,4096,20,avx512_logical,AVX512,0.488258,193.282732,0.502057,187.970370,32.000000,9.1516,8.9001,8.8769,8.4433,1,0,1,ok,-
throughput,n512_b8192,512,8192,1,baseline_sse42_1t,SSE4_2,9.108573,20.721542,9.054239,20.845891,64.000000,0.9811,0.9870,1.0000,1.0000,1,0,1,ok,-
throughput,n512_b8192,512,8192,10,avx512_phys,AVX512,1.346201,140.204680,1.317108,143.301597,64.000000,6.6385,6.7851,6.7661,6.8743,1,0,1,ok,-
throughput,n512_b8192,512,8192,20,avx512_logical,AVX512,1.304683,144.666314,1.268372,148.807826,64.000000,6.8497,7.0458,6.9814,7.1385,1,0,1,ok,-
throughput,n512_b16384,512,16384,1,baseline_sse42_1t,SSE4_2,18.470232,20.437608,18.508981,20.394821,128.000000,0.9677,0.9657,1.0000,1.0000,1,0,1,ok,-
throughput,n512_b16384,512,16384,10,avx512_phys,AVX512,2.913083,129.583455,2.914016,129.541965,128.000000,6.1356,6.1336,6.3404,6.3517,1,0,1,ok,-
throughput,n512_b16384,512,16384,20,avx512_logical,AVX512,2.811040,134.287438,2.827194,133.520148,128.000000,6.3583,6.3220,6.5706,6.5468,1,0,1,ok,-
throughput,n512_b32768,512,32768,1,baseline_sse42_1t,SSE4_2,36.943087,20.436157,37.152015,20.321232,256.000000,0.9676,0.9622,1.0000,1.0000,1,0,1,ok,-
throughput,n512_b32768,512,32768,10,avx512_phys,AVX512,6.068049,124.418033,6.119952,123.362850,256.000000,5.8910,5.8410,6.0881,6.0706,1,0,1,ok,-
throughput,n512_b32768,512,32768,20,avx512_logical,AVX512,5.780767,130.601133,5.818462,129.755031,256.000000,6.1838,6.1437,6.3907,6.3852,1,0,1,ok,-
throughput,n512_b65536,512,65536,1,baseline_sse42_1t,SSE4_2,74.102985,20.376365,74.632782,20.231719,512.000000,0.9648,0.9579,1.0000,1.0000,1,0,1,ok,-
throughput,n512_b65536,512,65536,10,avx512_phys,AVX512,12.287148,122.888521,12.310065,122.659746,512.000000,5.8186,5.8078,6.0309,6.0627,1,0,1,ok,-
throughput,n512_b65536,512,65536,20,avx512_logical,AVX512,11.646291,129.650671,11.762393,128.370939,512.000000,6.1388,6.0782,6.3628,6.3450,1,0,1,ok,-
throughput,n1024_b1,1024,1,1,baseline_sse42_1t,SSE4_2,0.001367,37.454279,0.001368,37.426901,0.020000,1.7734,1.7721,1.0000,1.0000,1,0,1,ok,-
throughput,n1024_b1,1024,1,10,avx512_phys,AVX512,0.001216,42.105263,0.000777,65.894466,0.020000,1.9936,3.1200,1.1242,1.7606,1,0,1,ok,-
throughput,n1024_b1,1024,1,20,avx512_logical,AVX512,0.001288,39.751553,0.000761,67.279895,0.020000,1.8822,3.1856,1.0613,1.7976,1,0,1,ok,-
throughput,n1024_b2,1024,2,1,baseline_sse42_1t,SSE4_2,0.002936,34.877384,0.002937,34.865509,0.030000,1.6514,1.6508,1.0000,1.0000,1,0,1,ok,-
throughput,n1024_b2,1024,2,10,avx512_phys,AVX512,0.002867,35.716777,0.001970,51.979695,0.030000,1.6911,2.4612,1.0241,1.4909,1,0,1,ok,-
throughput,n1024_b2,1024,2,20,avx512_logical,AVX512,0.002544,40.251572,0.002083,49.159866,0.030000,1.9059,2.3276,1.1541,1.4100,1,0,1,ok,-
throughput,n1024_b4,1024,4,1,baseline_sse42_1t,SSE4_2,0.005861,34.942843,0.005859,34.954770,0.060000,1.6545,1.6551,1.0000,1.0000,1,0,1,ok,-
throughput,n1024_b4,1024,4,10,avx512_phys,AVX512,0.002826,72.469922,0.002046,100.097752,0.060000,3.4313,4.7395,2.0740,2.8636,1,0,1,ok,-
throughput,n1024_b4,1024,4,20,avx512_logical,AVX512,0.002764,74.095514,0.002413,84.873601,0.060000,3.5083,4.0186,2.1205,2.4281,1,0,1,ok,-
throughput,n1024_b8,1024,8,1,baseline_sse42_1t,SSE4_2,0.011778,34.776702,0.012009,34.107753,0.120000,1.6466,1.6150,1.0000,1.0000,1,0,1,ok,-
throughput,n1024_b8,1024,8,10,avx512_phys,AVX512,0.003922,104.436512,0.002861,143.166725,0.120000,4.9449,6.7787,3.0031,4.1975,1,0,1,ok,-
throughput,n1024_b8,1024,8,20,avx512_logical,AVX512,0.003887,105.376897,0.002778,147.444204,0.120000,4.9894,6.9813,3.0301,4.3229,1,0,1,ok,-
throughput,n1024_b16,1024,16,1,baseline_sse42_1t,SSE4_2,0.023417,34.983132,0.023148,35.389666,0.250000,1.6564,1.6756,1.0000,1.0000,1,0,1,ok,-
throughput,n1024_b16,1024,16,10,avx512_phys,AVX512,0.003808,215.126050,0.002931,279.495053,0.250000,10.1859,13.2337,6.1494,7.8976,1,0,1,ok,-
throughput,n1024_b16,1024,16,20,avx512_logical,AVX512,0.004325,189.410405,0.003865,211.953428,0.250000,8.9683,10.0357,5.4143,5.9891,1,0,1,ok,-
throughput,n1024_b32,1024,32,1,baseline_sse42_1t,SSE4_2,0.045737,35.822201,0.049325,33.216422,0.500000,1.6961,1.5727,1.0000,1.0000,1,0,1,ok,-
throughput,n1024_b32,1024,32,10,avx512_phys,AVX512,0.005623,291.374711,0.004379,374.149349,0.500000,13.7962,17.7154,8.1339,11.2640,1,0,1,ok,-
throughput,n1024_b32,1024,32,20,avx512_logical,AVX512,0.004873,336.219988,0.004845,338.163055,0.500000,15.9195,16.0115,9.3858,10.1806,1,0,1,ok,-
throughput,n1024_b64,1024,64,1,baseline_sse42_1t,SSE4_2,0.098826,33.157266,0.098885,33.137483,1.000000,1.5699,1.5690,1.0000,1.0000,1,0,1,ok,-
throughput,n1024_b64,1024,64,10,avx512_phys,AVX512,0.005580,587.240143,0.005770,567.902946,1.000000,27.8049,26.8893,17.7108,17.1378,1,0,1,ok,-
throughput,n1024_b64,1024,64,20,avx512_logical,AVX512,0.006690,489.805680,0.006813,480.962865,1.000000,23.1916,22.7729,14.7722,14.5142,1,0,1,ok,-
throughput,n1024_b128,1024,128,1,baseline_sse42_1t,SSE4_2,0.223111,29.373720,0.228387,28.695153,2.000000,1.3908,1.3587,1.0000,1.0000,1,0,1,ok,-
throughput,n1024_b128,1024,128,10,avx512_phys,AVX512,0.009580,684.091858,0.009481,691.235102,2.000000,32.3907,32.7289,23.2892,24.0889,1,0,1,ok,-
throughput,n1024_b128,1024,128,20,avx512_logical,AVX512,0.010594,618.614310,0.010768,608.618128,2.000000,29.2905,28.8171,21.0601,21.2098,1,0,1,ok,-
throughput,n1024_b256,1024,256,1,baseline_sse42_1t,SSE4_2,0.451496,29.030600,0.455667,28.764866,4.000000,1.3746,1.3620,1.0000,1.0000,1,0,1,ok,-
throughput,n1024_b256,1024,256,10,avx512_phys,AVX512,0.018070,725.356945,0.017984,728.825623,4.000000,34.3446,34.5088,24.9859,25.3374,1,0,1,ok,-
throughput,n1024_b256,1024,256,20,avx512_logical,AVX512,0.018381,713.084163,0.019735,664.160122,4.000000,33.7635,31.4470,24.5632,23.0893,1,0,1,ok,-
throughput,n1024_b512,1024,512,1,baseline_sse42_1t,SSE4_2,0.915321,28.639570,0.934153,28.062213,8.000000,1.3560,1.3287,1.0000,1.0000,1,0,1,ok,-
throughput,n1024_b512,1024,512,10,avx512_phys,AVX512,0.035688,734.543824,0.035359,741.378433,8.000000,34.7795,35.1031,25.6479,26.4191,1,0,1,ok,-
throughput,n1024_b512,1024,512,20,avx512_logical,AVX512,0.036560,717.024070,0.038425,682.222511,8.000000,33.9500,32.3022,25.0361,24.3111,1,0,1,ok,-
throughput,n1024_b1024,1024,1024,1,baseline_sse42_1t,SSE4_2,2.106056,24.894305,2.138510,24.516509,16.000000,1.1787,1.1608,1.0000,1.0000,1,0,1,ok,-
throughput,n1024_b1024,1024,1024,10,avx512_phys,AVX512,0.130576,401.519422,0.128051,409.436865,16.000000,19.0113,19.3862,16.1290,16.7005,1,0,1,ok,-
throughput,n1024_b1024,1024,1024,20,avx512_logical,AVX512,0.122308,428.662066,0.122692,427.320445,16.000000,20.2965,20.2330,17.2193,17.4299,1,0,1,ok,-
throughput,n1024_b2048,1024,2048,1,baseline_sse42_1t,SSE4_2,5.053000,20.751554,4.926887,21.282729,32.000000,0.9826,1.0077,1.0000,1.0000,1,0,1,ok,-
throughput,n1024_b2048,1024,2048,10,avx512_phys,AVX512,0.508481,206.217341,0.512591,204.563873,32.000000,9.7641,9.6858,9.9374,9.6117,1,0,1,ok,-
throughput,n1024_b2048,1024,2048,20,avx512_logical,AVX512,0.516068,203.185627,0.506317,207.098715,32.000000,9.6205,9.8058,9.7913,9.7308,1,0,1,ok,-
throughput,n1024_b4096,1024,4096,1,baseline_sse42_1t,SSE4_2,11.251759,18.638437,10.971424,19.114675,64.000000,0.8825,0.9051,1.0000,1.0000,1,0,1,ok,-
throughput,n1024_b4096,1024,4096,10,avx512_phys,AVX512,1.331155,157.543787,1.298951,161.449662,64.000000,7.4595,7.6444,8.4526,8.4464,1,0,1,ok,-
throughput,n1024_b4096,1024,4096,20,avx512_logical,AVX512,1.295582,161.869492,1.301659,161.113779,64.000000,7.6643,7.6285,8.6847,8.4288,1,0,1,ok,-
throughput,n1024_b8192,1024,8192,1,baseline_sse42_1t,SSE4_2,22.565357,18.587359,22.115843,18.965155,128.000000,0.8801,0.8980,1.0000,1.0000,1,0,1,ok,-
throughput,n1024_b8192,1024,8192,10,avx512_phys,AVX512,2.882800,145.494103,2.913825,143.944952,128.000000,6.8889,6.8156,7.8276,7.5900,1,0,1,ok,-
throughput,n1024_b8192,1024,8192,20,avx512_logical,AVX512,2.973117,141.074300,2.884777,145.394393,128.000000,6.6797,6.8842,7.5898,7.6664,1,0,1,ok,-
throughput,n1024_b16384,1024,16384,1,baseline_sse42_1t,SSE4_2,44.811545,18.719747,44.007724,19.061672,256.000000,0.8864,0.9025,1.0000,1.0000,1,0,1,ok,-
throughput,n1024_b16384,1024,16384,10,avx512_phys,AVX512,6.031011,139.091240,6.009354,139.592509,256.000000,6.5858,6.6095,7.4302,7.3232,1,0,1,ok,-
throughput,n1024_b16384,1024,16384,20,avx512_logical,AVX512,6.025761,139.212425,6.003143,139.736934,256.000000,6.5915,6.6163,7.4367,7.3308,1,0,1,ok,-
throughput,n1024_b32768,1024,32768,1,baseline_sse42_1t,SSE4_2,90.072381,18.626371,88.891558,18.873801,512.000000,0.8819,0.8936,1.0000,1.0000,1,0,1,ok,-
throughput,n1024_b32768,1024,32768,10,avx512_phys,AVX512,12.257294,136.875366,12.288228,136.530800,512.000000,6.4808,6.4645,7.3485,7.2339,1,0,1,ok,-
throughput,n1024_b32768,1024,32768,20,avx512_logical,AVX512,12.433761,134.932753,12.065852,139.047089,512.000000,6.3889,6.5837,7.2442,7.3672,1,0,1,ok,-
throughput,n1024_b65536,1024,65536,1,baseline_sse42_1t,SSE4_2,179.111460,18.733828,183.145194,18.321219,1024.000000,0.8870,0.8675,1.0000,1.0000,1,0,1,ok,-
throughput,n1024_b65536,1024,65536,10,avx512_phys,AVX512,24.272130,138.242635,24.849688,135.029591,1024.000000,6.5456,6.3934,7.3793,7.3701,1,0,1,ok,-
throughput,n1024_b65536,1024,65536,20,avx512_logical,AVX512,23.801154,140.978173,24.166751,138.845441,1024.000000,6.6751,6.5741,7.5253,7.5784,1,0,1,ok,-
throughput,n2048_b1,2048,1,1,baseline_sse42_1t,SSE4_2,0.003121,36.090996,0.003126,36.033269,0.030000,1.7089,1.7061,1.0000,1.0000,1,0,1,ok,-
throughput,n2048_b1,2048,1,10,avx512_phys,AVX512,0.001550,72.670968,0.001516,74.300792,0.030000,3.4409,3.5180,2.0135,2.0620,1,0,1,ok,-
throughput,n2048_b1,2048,1,20,avx512_logical,AVX512,0.001893,59.503434,0.001855,60.722372,0.030000,2.8174,2.8751,1.6487,1.6852,1,0,1,ok,-
throughput,n2048_b2,2048,2,1,baseline_sse42_1t,SSE4_2,0.006263,35.969982,0.006262,35.975727,0.060000,1.7031,1.7034,1.0000,1.0000,1,0,1,ok,-
throughput,n2048_b2,2048,2,10,avx512_phys,AVX512,0.002457,91.689052,0.002660,84.691729,0.060000,4.3413,4.0100,2.5490,2.3541,1,0,1,ok,-
throughput,n2048_b2,2048,2,20,avx512_logical,AVX512,0.003676,61.284004,0.003207,70.246336,0.060000,2.9017,3.3261,1.7038,1.9526,1,0,1,ok,-
throughput,n2048_b4,2048,4,1,baseline_sse42_1t,SSE4_2,0.013992,32.201258,0.012980,34.711864,0.120000,1.5247,1.6436,1.0000,1.0000,1,0,1,ok,-
throughput,n2048_b4,2048,4,10,avx512_phys,AVX512,0.003201,140.756014,0.003072,146.666667,0.120000,6.6646,6.9444,4.3711,4.2253,1,0,1,ok,-
throughput,n2048_b4,2048,4,20,avx512_logical,AVX512,0.003875,116.273548,0.003742,120.406200,0.120000,5.5054,5.7011,3.6108,3.4687,1,0,1,ok,-
throughput,n2048_b8,2048,8,1,baseline_sse42_1t,SSE4_2,0.027385,32.905605,0.024925,36.153260,0.250000,1.5580,1.7118,1.0000,1.0000,1,0,1,ok,-
throughput,n2048_b8,2048,8,10,avx512_phys,AVX512,0.003635,247.900963,0.003208,280.897756,0.250000,11.7377,13.3001,7.5337,7.7696,1,0,1,ok,-
throughput,n2048_b8,2048,8,20,avx512_logical,AVX512,0.004437,203.092179,0.003999,225.336334,0.250000,9.6161,10.6693,6.1720,6.2328,1,0,1,ok,-
throughput,n2048_b16,2048,16,1,baseline_sse42_1t,SSE4_2,0.049752,36.224473,0.052084,34.602565,0.500000,1.7152,1.6384,1.0000,1.0000,1,0,1,ok,-
throughput,n2048_b16,2048,16,10,avx512_phys,AVX512,0.004797,375.701480,0.004608,391.111111,0.500000,17.7889,18.5185,10.3715,11.3030,1,0,1,ok,-
throughput,n2048_b16,2048,16,20,avx512_logical,AVX512,0.004974,362.332127,0.005148,350.085470,0.500000,17.1559,16.5760,10.0024,10.1173,1,0,1,ok,-
throughput,n2048_b32,2048,32,1,baseline_sse42_1t,SSE4_2,0.112213,32.121768,0.112474,32.047229,1.000000,1.5209,1.5174,1.0000,1.0000,1,0,1,ok,-
throughput,n2048_b32,2048,32,10,avx512_phys,AVX512,0.007367,489.273789,0.007309,493.156383,1.000000,23.1664,23.3502,15.2318,15.3884,1,0,1,ok,-
throughput,n2048_b32,2048,32,20,avx512_logical,AVX512,0.007706,467.749805,0.007836,459.989791,1.000000,22.1472,21.7798,14.5618,14.3535,1,0,1,ok,-
throughput,n2048_b64,2048,64,1,baseline_sse42_1t,SSE4_2,0.247431,29.135234,0.256680,28.085398,2.000000,1.3795,1.3298,1.0000,1.0000,1,0,1,ok,-
throughput,n2048_b64,2048,64,10,avx512_phys,AVX512,0.011816,610.101557,0.011846,608.556475,2.000000,28.8874,28.8142,20.9403,21.6681,1,0,1,ok,-
throughput,n2048_b64,2048,64,20,avx512_logical,AVX512,0.012218,590.027828,0.012495,576.947579,2.000000,27.9369,27.3176,20.2514,20.5426,1,0,1,ok,-
throughput,n2048_b128,2048,128,1,baseline_sse42_1t,SSE4_2,0.503632,28.627887,0.503287,28.647511,4.000000,1.3555,1.3564,1.0000,1.0000,1,0,1,ok,-
throughput,n2048_b128,2048,128,10,avx512_phys,AVX512,0.020723,695.744825,0.021198,680.154732,4.000000,32.9425,32.2043,24.3030,23.7422,1,0,1,ok,-
throughput,n2048_b128,2048,128,20,avx512_logical,AVX512,0.020892,690.116791,0.021594,667.681763,4.000000,32.6760,31.6137,24.1065,23.3068,1,0,1,ok,-
throughput,n2048_b256,2048,256,1,baseline_sse42_1t,SSE4_2,0.996365,28.941041,1.016237,28.375113,8.000000,1.3703,1.3435,1.0000,1.0000,1,0,1,ok,-
throughput,n2048_b256,2048,256,10,avx512_phys,AVX512,0.042884,672.414887,0.042667,675.834720,8.000000,31.8378,31.9998,23.2340,23.8179,1,0,1,ok,-
throughput,n2048_b256,2048,256,20,avx512_logical,AVX512,0.041720,691.175455,0.042618,676.611760,8.000000,32.7261,32.0365,23.8822,23.8453,1,0,1,ok,-
throughput,n2048_b512,2048,512,1,baseline_sse42_1t,SSE4_2,2.339362,24.652739,2.284122,25.248949,16.000000,1.1673,1.1955,1.0000,1.0000,1,0,1,ok,-
throughput,n2048_b512,2048,512,10,avx512_phys,AVX512,0.139896,412.246812,0.136423,422.741620,16.000000,19.5193,20.0162,16.7222,16.7429,1,0,1,ok,-
throughput,n2048_b512,2048,512,20,avx512_logical,AVX512,0.129116,446.665634,0.128070,450.313735,16.000000,21.1489,21.3217,18.1183,17.8349,1,0,1,ok,-
throughput,n2048_b1024,2048,1024,1,baseline_sse42_1t,SSE4_2,5.483956,21.032875,5.334859,21.620695,32.000000,0.9959,1.0237,1.0000,1.0000,1,0,1,ok,-
throughput,n2048_b1024,2048,1024,10,avx512_phys,AVX512,0.541462,213.022077,0.514751,224.076029,32.000000,10.0863,10.6097,10.1281,10.3640,1,0,1,ok,-
throughput,n2048_b1024,2048,1024,20,avx512_logical,AVX512,0.526331,219.146051,0.529187,217.963329,32.000000,10.3762,10.3202,10.4192,10.0812,1,0,1,ok,-
throughput,n2048_b2048,2048,2048,1,baseline_sse42_1t,SSE4_2,11.559030,19.957273,11.378833,20.273320,64.000000,0.9449,0.9599,1.0000,1.0000,1,0,1,ok,-
throughput,n2048_b2048,2048,2048,10,avx512_phys,AVX512,1.326364,173.924141,1.357191,169.973659,64.000000,8.2350,8.0480,8.7148,8.3841,1,0,1,ok,-
throughput,n2048_b2048,2048,2048,20,avx512_logical,AVX512,1.361092,169.486501,1.392858,165.621133,64.000000,8.0249,7.8419,8.4925,8.1694,1,0,1,ok,-
throughput,n2048_b4096,2048,4096,1,baseline_sse42_1t,SSE4_2,23.271055,19.826065,22.919188,20.130444,128.000000,0.9387,0.9531,1.0000,1.0000,1,0,1,ok,-
throughput,n2048_b4096,2048,4096,10,avx512_phys,AVX512,3.044946,151.521058,3.025471,152.496401,128.000000,7.1743,7.2205,7.6425,7.5754,1,0,1,ok,-
throughput,n2048_b4096,2048,4096,20,avx512_logical,AVX512,2.976943,154.982289,2.966295,155.538623,128.000000,7.3382,7.3645,7.8171,7.7265,1,0,1,ok,-
throughput,n2048_b8192,2048,8192,1,baseline_sse42_1t,SSE4_2,46.156090,19.991877,45.776315,20.157736,256.000000,0.9466,0.9544,1.0000,1.0000,1,0,1,ok,-
throughput,n2048_b8192,2048,8192,10,avx512_phys,AVX512,6.125390,150.642960,6.317858,146.053754,256.000000,7.1327,6.9154,7.5352,7.2455,1,0,1,ok,-
throughput,n2048_b8192,2048,8192,20,avx512_logical,AVX512,6.000556,153.776897,6.107318,151.088723,256.000000,7.2811,7.1538,7.6920,7.4953,1,0,1,ok,-
throughput,n2048_b16384,2048,16384,1,baseline_sse42_1t,SSE4_2,92.338332,19.986215,92.616819,19.926119,512.000000,0.9463,0.9435,1.0000,1.0000,1,0,1,ok,-
throughput,n2048_b16384,2048,16384,10,avx512_phys,AVX512,12.623172,146.198892,12.907547,142.977884,512.000000,6.9223,6.7698,7.3150,7.1754,1,0,1,ok,-
throughput,n2048_b16384,2048,16384,20,avx512_logical,AVX512,12.189118,151.405029,12.254752,150.594134,512.000000,7.1688,7.1304,7.5755,7.5576,1,0,1,ok,-
throughput,n2048_b32768,2048,32768,1,baseline_sse42_1t,SSE4_2,185.657503,19.880627,189.428229,19.484886,1024.000000,0.9413,0.9226,1.0000,1.0000,1,0,1,ok,-
throughput,n2048_b32768,2048,32768,10,avx512_phys,AVX512,25.049911,147.345335,25.599388,144.182647,1024.000000,6.9766,6.8268,7.4115,7.3997,1,0,1,ok,-
throughput,n2048_b32768,2048,32768,20,avx512_logical,AVX512,24.370390,151.453773,24.883175,148.332659,1024.000000,7.1711,7.0233,7.6182,7.6127,1,0,1,ok,-
throughput,n2048_b65536,2048,65536,1,baseline_sse42_1t,SSE4_2,375.145326,19.677641,370.022996,19.950044,2048.000000,0.9317,0.9446,1.0000,1.0000,1,0,1,ok,-
throughput,n2048_b65536,2048,65536,10,avx512_phys,AVX512,50.226863,146.972648,50.948597,144.890644,2048.000000,6.9589,6.8604,7.4690,7.2627,1,0,1,ok,-
throughput,n2048_b65536,2048,65536,20,avx512_logical,AVX512,48.946577,150.816982,49.997726,147.646216,2048.000000,7.1410,6.9908,7.6644,7.4008,1,0,1,ok,-
throughput,n4096_b1,4096,1,1,baseline_sse42_1t,SSE4_2,0.007774,31.613069,0.007968,30.843373,0.060000,1.4968,1.4604,1.0000,1.0000,1,0,1,ok,-
throughput,n4096_b1,4096,1,10,avx512_phys,AVX512,0.003678,66.818923,0.003739,65.728804,0.060000,3.1638,3.1122,2.1136,2.1311,1,0,1,ok,-
throughput,n4096_b1,4096,1,20,avx512_logical,AVX512,0.004339,56.639779,0.004404,55.803815,0.060000,2.6818,2.6422,1.7917,1.8093,1,0,1,ok,-
throughput,n4096_b2,4096,2,1,baseline_sse42_1t,SSE4_2,0.015448,31.817711,0.015544,31.621204,0.120000,1.5065,1.4972,1.0000,1.0000,1,0,1,ok,-
throughput,n4096_b2,4096,2,10,avx512_phys,AVX512,0.004676,105.115483,0.004658,105.521683,0.120000,4.9771,4.9963,3.3037,3.3371,1,0,1,ok,-
throughput,n4096_b2,4096,2,20,avx512_logical,AVX512,0.005570,88.244165,0.005784,84.979253,0.120000,4.1782,4.0236,2.7734,2.6874,1,0,1,ok,-
throughput,n4096_b4,4096,4,1,baseline_sse42_1t,SSE4_2,0.030990,31.721200,0.030848,31.867220,0.250000,1.5020,1.5089,1.0000,1.0000,1,0,1,ok,-
throughput,n4096_b4,4096,4,10,avx512_phys,AVX512,0.004886,201.195252,0.004960,198.193548,0.250000,9.5263,9.3842,6.3426,6.2194,1,0,1,ok,-
throughput,n4096_b4,4096,4,20,avx512_logical,AVX512,0.005785,169.929127,0.006440,152.645963,0.250000,8.0459,7.2276,5.3570,4.7901,1,0,1,ok,-
throughput,n4096_b8,4096,8,1,baseline_sse42_1t,SSE4_2,0.061614,31.909631,0.061494,31.971900,0.500000,1.5109,1.5138,1.0000,1.0000,1,0,1,ok,-
throughput,n4096_b8,4096,8,10,avx512_phys,AVX512,0.005025,391.259701,0.005524,355.916003,0.500000,18.5256,16.8521,12.2615,11.1322,1,0,1,ok,-
throughput,n4096_b8,4096,8,20,avx512_logical,AVX512,0.006219,316.140859,0.006573,299.114560,0.500000,14.9688,14.1626,9.9074,9.3555,1,0,1,ok,-
throughput,n4096_b16,4096,16,1,baseline_sse42_1t,SSE4_2,0.134088,29.325219,0.136621,28.781520,1.000000,1.3885,1.3628,1.0000,1.0000,1,0,1,ok,-
throughput,n4096_b16,4096,16,10,avx512_phys,AVX512,0.008535,460.710018,0.009002,436.809598,1.000000,21.8139,20.6823,15.7104,15.1767,1,0,1,ok,-
throughput,n4096_b16,4096,16,20,avx512_logical,AVX512,0.008407,467.724515,0.008784,447.650273,1.000000,22.1460,21.1956,15.9496,15.5534,1,0,1,ok,-
throughput,n4096_b32,4096,32,1,baseline_sse42_1t,SSE4_2,0.283199,27.769590,0.280358,28.050992,2.000000,1.3148,1.3282,1.0000,1.0000,1,0,1,ok,-
throughput,n4096_b32,4096,32,10,avx512_phys,AVX512,0.015027,523.345977,0.015921,493.958922,2.000000,24.7796,23.3882,18.8460,17.6093,1,0,1,ok,-
throughput,n4096_b32,4096,32,20,avx512_logical,AVX512,0.015007,524.043446,0.015354,512.200078,2.000000,24.8127,24.2519,18.8711,18.2596,1,0,1,ok,-
throughput,n4096_b64,4096,64,1,baseline_sse42_1t,SSE4_2,0.553678,28.407558,0.560320,28.070817,4.000000,1.3451,1.3291,1.0000,1.0000,1,0,1,ok,-
throughput,n4096_b64,4096,64,10,avx512_phys,AVX512,0.029114,540.243182,0.030746,511.567033,4.000000,25.5797,24.2219,19.0176,18.2242,1,0,1,ok,-
throughput,n4096_b64,4096,64,20,avx512_logical,AVX512,0.027043,581.615945,0.027980,562.138670,4.000000,27.5386,26.6164,20.4740,20.0257,1,0,1,ok,-
throughput,n4096_b128,4096,128,1,baseline_sse42_1t,SSE4_2,1.176980,26.727115,1.166473,26.967860,8.000000,1.2655,1.2769,1.0000,1.0000,1,0,1,ok,-
throughput,n4096_b128,4096,128,10,avx512_phys,AVX512,0.054696,575.129443,0.058844,534.587723,8.000000,27.2315,25.3119,21.5186,19.8231,1,0,1,ok,-
throughput,n4096_b128,4096,128,20,avx512_logical,AVX512,0.049468,635.911700,0.051183,614.604068,8.000000,30.1095,29.1006,23.7928,22.7902,1,0,1,ok,-
throughput,n4096_b256,4096,256,1,baseline_sse42_1t,SSE4_2,2.598532,24.211578,2.541425,24.755623,16.000000,1.1464,1.1721,1.0000,1.0000,1,0,1,ok,-
throughput,n4096_b256,4096,256,10,avx512_phys,AVX512,0.154704,406.677009,0.164930,381.462196,16.000000,19.2555,18.0617,16.7968,15.4091,1,0,1,ok,-
throughput,n4096_b256,4096,256,20,avx512_logical,AVX512,0.139471,451.094206,0.138714,453.555950,16.000000,21.3586,21.4752,18.6313,18.3213,1,0,1,ok,-
throughput,n4096_b512,4096,512,1,baseline_sse42_1t,SSE4_2,5.817042,21.631118,5.680841,22.149735,32.000000,1.0242,1.0488,1.0000,1.0000,1,0,1,ok,-
throughput,n4096_b512,4096,512,10,avx512_phys,AVX512,0.575309,218.715716,0.567309,221.799971,32.000000,10.3559,10.5019,10.1112,10.0137,1,0,1,ok,-
throughput,n4096_b512,4096,512,20,avx512_logical,AVX512,0.578907,217.356363,0.563946,223.122639,32.000000,10.2915,10.5645,10.0483,10.0734,1,0,1,ok,-
throughput,n4096_b1024,4096,1024,1,baseline_sse42_1t,SSE4_2,12.445540,20.220757,12.229541,20.577897,64.000000,0.9574,0.9743,1.0000,1.0000,1,0,1,ok,-
throughput,n4096_b1024,4096,1024,10,avx512_phys,AVX512,1.381286,182.191262,1.390379,180.999742,64.000000,8.6265,8.5701,9.0101,8.7958,1,0,1,ok,-
throughput,n4096_b1024,4096,1024,20,avx512_logical,AVX512,1.381309,182.188229,1.427470,176.296693,64.000000,8.6263,8.3474,9.0100,8.5673,1,0,1,ok,-
throughput,n4096_b2048,4096,2048,1,baseline_sse42_1t,SSE4_2,24.866587,20.240674,24.523539,20.523811,128.000000,0.9584,0.9718,1.0000,1.0000,1,0,1,ok,-
throughput,n4096_b2048,4096,2048,10,avx512_phys,AVX512,3.065541,164.185206,3.059316,164.519285,128.000000,7.7739,7.7897,8.1116,8.0160,1,0,1,ok,-
throughput,n4096_b2048,4096,2048,20,avx512_logical,AVX512,3.151472,159.708378,3.117009,161.474182,128.000000,7.5619,7.6456,7.8905,7.8677,1,0,1,ok,-
throughput,n4096_b4096,4096,4096,1,baseline_sse42_1t,SSE4_2,49.966776,20.146046,50.019956,20.124627,256.000000,0.9539,0.9529,1.0000,1.0000,1,0,1,ok,-
throughput,n4096_b4096,4096,4096,10,avx512_phys,AVX512,6.372100,157.975073,6.448664,156.099459,256.000000,7.4799,7.3911,7.8415,7.7566,1,0,1,ok,-
throughput,n4096_b4096,4096,4096,20,avx512_logical,AVX512,6.412451,156.980998,6.430283,156.545670,256.000000,7.4328,7.4122,7.7921,7.7788,1,0,1,ok,-
throughput,n4096_b8192,4096,8192,1,baseline_sse42_1t,SSE4_2,100.374718,20.057500,99.836991,20.165531,512.000000,0.9497,0.9548,1.0000,1.0000,1,0,1,ok,-
throughput,n4096_b8192,4096,8192,10,avx512_phys,AVX512,12.990976,154.974185,13.112951,153.532635,512.000000,7.3378,7.2695,7.7265,7.6136,1,0,1,ok,-
throughput,n4096_b8192,4096,8192,20,avx512_logical,AVX512,13.154042,153.053025,12.860942,156.541093,512.000000,7.2468,7.4120,7.6307,7.7628,1,0,1,ok,-
throughput,n4096_b16384,4096,16384,1,baseline_sse42_1t,SSE4_2,204.348732,19.704217,209.988912,19.174974,1024.000000,0.9330,0.9079,1.0000,1.0000,1,0,1,ok,-
throughput,n4096_b16384,4096,16384,10,avx512_phys,AVX512,25.656170,156.942047,26.454965,152.203257,1024.000000,7.4310,7.2066,7.9649,7.9376,1,0,1,ok,-
throughput,n4096_b16384,4096,16384,20,avx512_logical,AVX512,25.897657,155.478615,26.754402,150.499788,1024.000000,7.3617,7.1259,7.8906,7.8488,1,0,1,ok,-
throughput,n4096_b32768,4096,32768,1,baseline_sse42_1t,SSE4_2,414.457004,19.430396,409.824462,19.650032,2048.000000,0.9200,0.9304,1.0000,1.0000,1,0,1,ok,-
throughput,n4096_b32768,4096,32768,10,avx512_phys,AVX512,51.374038,156.753566,52.182777,154.324169,2048.000000,7.4220,7.3070,8.0674,7.8536,1,0,1,ok,-
throughput,n4096_b32768,4096,32768,20,avx512_logical,AVX512,52.804419,152.507382,51.692287,155.788497,2048.000000,7.2210,7.3763,7.8489,7.9282,1,0,1,ok,-
throughput,n4096_b65536,4096,65536,1,baseline_sse42_1t,SSE4_2,-1.000000,-1.000000,-1.000000,-1.000000,4096.000000,-1.0000,-1.0000,-,-,0,1,1,ok,skip:memory_limit
throughput,n4096_b65536,4096,65536,10,avx512_phys,AVX512,-1.000000,-1.000000,-1.000000,-1.000000,4096.000000,-1.0000,-1.0000,-,-,0,1,1,ok,skip:memory_limit
throughput,n4096_b65536,4096,65536,20,avx512_logical,AVX512,-1.000000,-1.000000,-1.000000,-1.000000,4096.000000,-1.0000,-1.0000,-,-,0,1,1,ok,skip:memory_limit
throughput,n8192_b1,8192,1,1,baseline_sse42_1t,SSE4_2,0.016938,31.437006,0.016646,31.988466,0.120000,1.4885,1.5146,1.0000,1.0000,1,0,1,ok,-
throughput,n8192_b1,8192,1,10,avx512_phys,AVX512,0.008862,60.085759,0.008791,60.571039,0.120000,2.8450,2.8679,1.9113,1.8935,1,0,1,ok,-
throughput,n8192_b1,8192,1,20,avx512_logical,AVX512,0.010431,51.047838,0.010280,51.797665,0.120000,2.4170,2.4525,1.6238,1.6193,1,0,1,ok,-
throughput,n8192_b2,8192,2,1,baseline_sse42_1t,SSE4_2,0.037648,28.287293,0.033330,31.951995,0.250000,1.3394,1.5129,1.0000,1.0000,1,0,1,ok,-
throughput,n8192_b2,8192,2,10,avx512_phys,AVX512,0.018544,57.428818,0.017618,60.447270,0.250000,2.7192,2.8621,2.0302,1.8918,1,0,1,ok,-
throughput,n8192_b2,8192,2,20,avx512_logical,AVX512,0.021672,49.139904,0.020589,51.724707,0.250000,2.3267,2.4491,1.7372,1.6188,1,0,1,ok,-
throughput,n8192_b4,8192,4,1,baseline_sse42_1t,SSE4_2,0.071226,29.903687,0.068220,31.221343,0.500000,1.4159,1.4783,1.0000,1.0000,1,0,1,ok,-
throughput,n8192_b4,8192,4,10,avx512_phys,AVX512,0.033911,62.809118,0.035276,60.378728,0.500000,2.9739,2.8588,2.1004,1.9339,1,0,1,ok,-
throughput,n8192_b4,8192,4,20,avx512_logical,AVX512,0.041331,51.533232,0.130767,16.287901,0.500000,2.4400,0.7712,1.7233,0.5217,1,0,1,ok,-
throughput,n8192_b8,8192,8,1,baseline_sse42_1t,SSE4_2,0.146216,29.133884,0.136403,31.229812,1.000000,1.3794,1.4787,1.0000,1.0000,1,0,1,ok,-
throughput,n8192_b8,8192,8,10,avx512_phys,AVX512,0.010467,406.978122,0.010693,398.376508,1.000000,19.2698,18.8625,13.9692,12.7563,1,0,1,ok,-
throughput,n8192_b8,8192,8,20,avx512_logical,AVX512,0.093833,45.398101,0.094259,45.192926,1.000000,2.1495,2.1398,1.5583,1.4471,1,0,1,ok,-
throughput,n8192_b16,8192,16,1,baseline_sse42_1t,SSE4_2,0.301678,28.240972,0.301795,28.230024,2.000000,1.3372,1.3366,1.0000,1.0000,1,0,1,ok,-
throughput,n8192_b16,8192,16,10,avx512_phys,AVX512,0.019818,429.896054,0.019393,439.317279,2.000000,20.3549,20.8010,15.2224,15.5621,1,0,1,ok,-
throughput,n8192_b16,8192,16,20,avx512_logical,AVX512,0.017075,498.956369,0.017309,492.210989,2.000000,23.6248,23.3054,17.6678,17.4357,1,0,1,ok,-
throughput,n8192_b32,8192,32,1,baseline_sse42_1t,SSE4_2,0.612398,27.823997,0.606306,28.103565,4.000000,1.3174,1.3307,1.0000,1.0000,1,0,1,ok,-
throughput,n8192_b32,8192,32,10,avx512_phys,AVX512,0.048412,351.965628,0.038231,445.694855,4.000000,16.6650,21.1030,12.6497,15.8590,1,0,1,ok,-
throughput,n8192_b32,8192,32,20,avx512_logical,AVX512,0.031469,541.464934,0.032224,528.778550,4.000000,25.6375,25.0369,19.4604,18.8154,1,0,1,ok,-
throughput,n8192_b64,8192,64,1,baseline_sse42_1t,SSE4_2,1.247301,27.321970,1.261153,27.021876,8.000000,1.2937,1.2794,1.0000,1.0000,1,0,1,ok,-
throughput,n8192_b64,8192,64,10,avx512_phys,AVX512,0.074454,457.715099,0.076980,442.695765,8.000000,21.6721,20.9610,16.7526,16.3829,1,0,1,ok,-
throughput,n8192_b64,8192,64,20,avx512_logical,AVX512,0.064147,531.259763,0.065397,521.105249,8.000000,25.1543,24.6735,19.4444,19.2846,1,0,1,ok,-
throughput,n8192_b128,8192,128,1,baseline_sse42_1t,SSE4_2,2.723496,25.025717,2.734861,24.921720,16.000000,1.1849,1.1800,1.0000,1.0000,1,0,1,ok,-
throughput,n8192_b128,8192,128,10,avx512_phys,AVX512,0.173099,393.748317,0.175982,387.297792,16.000000,18.6434,18.3380,15.7337,15.5406,1,0,1,ok,-
throughput,n8192_b128,8192,128,20,avx512_logical,AVX512,0.159054,428.517610,0.165215,412.537845,16.000000,20.2897,19.5330,17.1231,16.5533,1,0,1,ok,-
throughput,n8192_b256,8192,256,1,baseline_sse42_1t,SSE4_2,6.198247,21.992489,6.093023,22.372290,32.000000,1.0413,1.0593,1.0000,1.0000,1,0,1,ok,-
throughput,n8192_b256,8192,256,10,avx512_phys,AVX512,0.550424,247.654317,0.546121,249.605637,32.000000,11.7261,11.8184,11.2609,11.1569,1,0,1,ok,-
throughput,n8192_b256,8192,256,20,avx512_logical,AVX512,0.585181,232.944815,0.564330,241.551716,32.000000,11.0296,11.4371,10.5920,10.7969,1,0,1,ok,-
throughput,n8192_b512,8192,512,1,baseline_sse42_1t,SSE4_2,13.142791,20.743673,12.894772,21.142658,64.000000,0.9822,1.0011,1.0000,1.0000,1,0,1,ok,-
throughput,n8192_b512,8192,512,10,avx512_phys,AVX512,1.348984,202.100069,1.366803,199.465292,64.000000,9.5691,9.4444,9.7427,9.4343,1,0,1,ok,-
throughput,n8192_b512,8192,512,20,avx512_logical,AVX512,1.415766,192.566964,1.499288,181.839486,64.000000,9.1178,8.6098,9.2832,8.6006,1,0,1,ok,-
throughput,n8192_b1024,8192,1024,1,baseline_sse42_1t,SSE4_2,26.661160,20.451455,26.553813,20.534133,128.000000,0.9683,0.9723,1.0000,1.0000,1,0,1,ok,-
throughput,n8192_b1024,8192,1024,10,avx512_phys,AVX512,2.984618,182.689885,3.086194,176.677007,128.000000,8.6501,8.3654,8.9329,8.6041,1,0,1,ok,-
throughput,n8192_b1024,8192,1024,20,avx512_logical,AVX512,3.275370,166.472649,3.095167,176.164814,128.000000,7.8822,8.3411,8.1399,8.5791,1,0,1,ok,-
throughput,n8192_b2048,8192,2048,1,baseline_sse42_1t,SSE4_2,53.155424,20.515668,53.053895,20.554929,256.000000,0.9714,0.9732,1.0000,1.0000,1,0,1,ok,-
throughput,n8192_b2048,8192,2048,10,avx512_phys,AVX512,6.282256,173.587170,6.245661,174.604264,256.000000,8.2191,8.2672,8.4612,8.4945,1,0,1,ok,-
throughput,n8192_b2048,8192,2048,20,avx512_logical,AVX512,6.581205,165.702032,6.628945,164.508687,256.000000,7.8457,7.7892,8.0769,8.0034,1,0,1,ok,-
throughput,n8192_b4096,8192,4096,1,baseline_sse42_1t,SSE4_2,106.622552,20.455692,107.069140,20.370371,512.000000,0.9685,0.9645,1.0000,1.0000,1,0,1,ok,-
throughput,n8192_b4096,8192,4096,10,avx512_phys,AVX512,12.675514,172.067033,13.379549,163.012825,512.000000,8.1471,7.7184,8.4117,8.0024,1,0,1,ok,-
throughput,n8192_b4096,8192,4096,20,avx512_logical,AVX512,15.325825,142.311300,15.646314,139.396287,512.000000,6.7382,6.6002,6.9571,6.8431,1,0,1,ok,-
throughput,n8192_b8192,8192,8192,1,baseline_sse42_1t,SSE4_2,215.511755,20.240549,218.966068,19.921243,1024.000000,0.9584,0.9432,1.0000,1.0000,1,0,1,ok,-
throughput,n8192_b8192,8192,8192,10,avx512_phys,AVX512,25.552542,170.710067,25.835918,168.837669,1024.000000,8.0829,7.9942,8.4341,8.4753,1,0,1,ok,-
throughput,n8192_b8192,8192,8192,20,avx512_logical,AVX512,25.671513,169.918935,26.105992,167.090994,1024.000000,8.0454,7.9115,8.3950,8.3876,1,0,1,ok,-
throughput,n8192_b16384,8192,16384,1,baseline_sse42_1t,SSE4_2,437.087208,19.959752,434.837806,20.063003,2048.000000,0.9451,0.9500,1.0000,1.0000,1,0,1,ok,-
throughput,n8192_b16384,8192,16384,10,avx512_phys,AVX512,51.171401,170.488831,51.549556,169.238166,2048.000000,8.0724,8.0132,8.5416,8.4353,1,0,1,ok,-
throughput,n8192_b16384,8192,16384,20,avx512_logical,AVX512,51.712147,168.706055,51.838466,168.294955,2048.000000,7.9880,7.9685,8.4523,8.3883,1,0,1,ok,-
throughput,n8192_b32768,8192,32768,1,baseline_sse42_1t,SSE4_2,-1.000000,-1.000000,-1.000000,-1.000000,4096.000000,-1.0000,-1.0000,-,-,0,1,1,ok,skip:memory_limit
throughput,n8192_b32768,8192,32768,10,avx512_phys,AVX512,-1.000000,-1.000000,-1.000000,-1.000000,4096.000000,-1.0000,-1.0000,-,-,0,1,1,ok,skip:memory_limit
throughput,n8192_b32768,8192,32768,20,avx512_logical,AVX512,-1.000000,-1.000000,-1.000000,-1.000000,4096.000000,-1.0000,-1.0000,-,-,0,1,1,ok,skip:memory_limit
throughput,n8192_b65536,8192,65536,1,baseline_sse42_1t,SSE4_2,-1.000000,-1.000000,-1.000000,-1.000000,8192.000000,-1.0000,-1.0000,-,-,0,1,1,ok,skip:memory_limit
throughput,n8192_b65536,8192,65536,10,avx512_phys,AVX512,-1.000000,-1.000000,-1.000000,-1.000000,8192.000000,-1.0000,-1.0000,-,-,0,1,1,ok,skip:memory_limit
throughput,n8192_b65536,8192,65536,20,avx512_logical,AVX512,-1.000000,-1.000000,-1.000000,-1.000000,8192.000000,-1.0000,-1.0000,-,-,0,1,1,ok,skip:memory_limit
throughput,n16384_b1,16384,1,1,baseline_sse42_1t,SSE4_2,0.035708,32.118293,0.035774,32.059037,0.250000,1.5208,1.5179,1.0000,1.0000,1,0,1,ok,-
throughput,n16384_b1,16384,1,10,avx512_phys,AVX512,0.012527,91.552646,0.012611,90.942828,0.250000,4.3349,4.3060,2.8505,2.8367,1,0,1,ok,-
throughput,n16384_b1,16384,1,20,avx512_logical,AVX512,0.012956,88.521149,0.012626,90.834785,0.250000,4.1913,4.3009,2.7561,2.8334,1,0,1,ok,-
throughput,n16384_b2,16384,2,1,baseline_sse42_1t,SSE4_2,0.071775,31.957645,0.072262,31.742271,0.500000,1.5131,1.5029,1.0000,1.0000,1,0,1,ok,-
throughput,n16384_b2,16384,2,10,avx512_phys,AVX512,0.041818,54.851021,0.041713,54.989092,0.500000,2.5971,2.6037,1.7164,1.7324,1,0,1,ok,-
throughput,n16384_b2,16384,2,20,avx512_logical,AVX512,0.052023,44.091267,0.051156,44.838533,0.500000,2.0877,2.1230,1.3797,1.4126,1,0,1,ok,-
throughput,n16384_b4,16384,4,1,baseline_sse42_1t,SSE4_2,0.156649,29.285345,0.158421,28.957777,1.000000,1.3866,1.3711,1.0000,1.0000,1,0,1,ok,-
throughput,n16384_b4,16384,4,10,avx512_phys,AVX512,0.093044,49.304845,0.092238,49.735684,1.000000,2.3345,2.3549,1.6836,1.7175,1,0,1,ok,-
throughput,n16384_b4,16384,4,20,avx512_logical,AVX512,0.111092,41.294783,0.157810,29.069894,1.000000,1.9552,1.3764,1.4101,1.0039,1,0,1,ok,-
throughput,n16384_b8,16384,8,1,baseline_sse42_1t,SSE4_2,0.329327,27.859969,0.322029,28.491347,2.000000,1.3191,1.3490,1.0000,1.0000,1,0,1,ok,-
throughput,n16384_b8,16384,8,10,avx512_phys,AVX512,0.022706,404.079979,0.023283,394.066057,2.000000,19.1326,18.6584,14.5040,13.8311,1,0,1,ok,-
throughput,n16384_b8,16384,8,20,avx512_logical,AVX512,0.250576,36.615797,0.264647,34.668974,2.000000,1.7337,1.6415,1.3143,1.2168,1,0,1,ok,-
throughput,n16384_b16,16384,16,1,baseline_sse42_1t,SSE4_2,0.665106,27.589708,0.658970,27.846609,4.000000,1.3063,1.3185,1.0000,1.0000,1,0,1,ok,-
throughput,n16384_b16,16384,16,10,avx512_phys,AVX512,0.044010,416.952511,0.044926,408.451231,4.000000,19.7421,19.3395,15.1126,14.6679,1,0,1,ok,-
throughput,n16384_b16,16384,16,20,avx512_logical,AVX512,0.038721,473.905116,0.039014,470.346030,4.000000,22.4387,22.2702,17.1769,16.8906,1,0,1,ok,-
throughput,n16384_b32,16384,32,1,baseline_sse42_1t,SSE4_2,1.404973,26.121612,1.373096,26.728036,8.000000,1.2368,1.2655,1.0000,1.0000,1,0,1,ok,-
throughput,n16384_b32,16384,32,10,avx512_phys,AVX512,0.094826,387.026343,0.095423,384.604969,8.000000,18.3251,18.2105,14.8163,14.3896,1,0,1,ok,-
throughput,n16384_b32,16384,32,20,avx512_logical,AVX512,0.089152,411.658291,0.113582,323.115987,8.000000,19.4914,15.2991,15.7593,12.0890,1,0,1,ok,-
throughput,n16384_b64,16384,64,1,baseline_sse42_1t,SSE4_2,3.323027,22.088391,3.323585,22.084683,16.000000,1.0459,1.0457,1.0000,1.0000,1,0,1,ok,-
throughput,n16384_b64,16384,64,10,avx512_phys,AVX512,0.198561,369.661313,0.201000,365.175721,16.000000,17.5029,17.2905,16.7355,16.5352,1,0,1,ok,-
throughput,n16384_b64,16384,64,20,avx512_logical,AVX512,0.209839,349.793508,0.203890,359.999608,16.000000,16.5622,17.0454,15.8361,16.3009,1,0,1,ok,-
throughput,n16384_b128,16384,128,1,baseline_sse42_1t,SSE4_2,7.881629,18.625672,7.922471,18.529653,32.000000,0.8819,0.8774,1.0000,1.0000,1,0,1,ok,-
throughput,n16384_b128,16384,128,10,avx512_phys,AVX512,0.579332,253.396394,0.594235,247.041389,32.000000,11.9979,11.6970,13.6047,13.3322,1,0,1,ok,-
throughput,n16384_b128,16384,128,20,avx512_logical,AVX512,0.658104,223.066020,0.674011,217.801549,32.000000,10.5618,10.3126,11.9763,11.7542,1,0,1,ok,-
throughput,n16384_b256,16384,256,1,baseline_sse42_1t,SSE4_2,16.093664,18.243284,15.705263,18.694452,64.000000,0.8638,0.8852,1.0000,1.0000,1,0,1,ok,-
throughput,n16384_b256,16384,256,10,avx512_phys,AVX512,1.378920,212.921185,1.428529,205.527000,64.000000,10.0815,9.7314,11.6712,10.9940,1,0,1,ok,-
throughput,n16384_b256,16384,256,20,avx512_logical,AVX512,1.579082,185.931624,1.587853,184.904572,64.000000,8.8036,8.7550,10.1918,9.8909,1,0,1,ok,-
throughput,n16384_b512,16384,512,1,baseline_sse42_1t,SSE4_2,32.585652,18.020280,31.932306,18.388981,128.000000,0.8532,0.8707,1.0000,1.0000,1,0,1,ok,-
throughput,n16384_b512,16384,512,10,avx512_phys,AVX512,3.030969,193.734268,3.076979,190.837364,128.000000,9.1730,9.0359,10.7509,10.3778,1,0,1,ok,-
throughput,n16384_b512,16384,512,20,avx512_logical,AVX512,3.454896,169.962442,3.395972,172.911485,128.000000,8.0475,8.1871,9.4317,9.4030,1,0,1,ok,-
throughput,n16384_b1024,16384,1024,1,baseline_sse42_1t,SSE4_2,65.735759,17.865544,64.235514,18.282801,256.000000,0.8459,0.8657,1.0000,1.0000,1,0,1,ok,-
throughput,n16384_b1024,16384,1024,10,avx512_phys,AVX512,6.335804,185.360077,6.357345,184.732010,256.000000,8.7765,8.7468,10.3753,10.1041,1,0,1,ok,-
throughput,n16384_b1024,16384,1024,20,avx512_logical,AVX512,6.891855,170.404792,6.917571,169.771314,256.000000,8.0684,8.0384,9.5382,9.2858,1,0,1,ok,-
throughput,n16384_b2048,16384,2048,1,baseline_sse42_1t,SSE4_2,132.035788,17.789194,129.671408,18.113555,512.000000,0.8423,0.8576,1.0000,1.0000,1,0,1,ok,-
throughput,n16384_b2048,16384,2048,10,avx512_phys,AVX512,12.858669,182.663559,13.094529,179.373404,512.000000,8.6488,8.4931,10.2682,9.9027,1,0,1,ok,-
throughput,n16384_b2048,16384,2048,20,avx512_logical,AVX512,13.736956,170.984768,13.824765,169.898746,512.000000,8.0959,8.0444,9.6117,9.3796,1,0,1,ok,-
throughput,n16384_b4096,16384,4096,1,baseline_sse42_1t,SSE4_2,270.724934,17.352005,269.057290,17.459555,1024.000000,0.8216,0.8267,1.0000,1.0000,1,0,1,ok,-
throughput,n16384_b4096,16384,4096,10,avx512_phys,AVX512,25.985285,180.780025,27.409393,171.387250,1024.000000,8.5597,8.1149,10.4184,9.8162,1,0,1,ok,-
throughput,n16384_b4096,16384,4096,20,avx512_logical,AVX512,27.744256,169.318668,28.341047,165.753244,1024.000000,8.0170,7.8482,9.7579,9.4936,1,0,1,ok,-
throughput,n16384_b8192,16384,8192,1,baseline_sse42_1t,SSE4_2,545.396256,17.226449,546.562790,17.189683,2048.000000,0.8156,0.8139,1.0000,1.0000,1,0,1,ok,-
throughput,n16384_b8192,16384,8192,10,avx512_phys,AVX512,52.687795,178.319115,53.886184,174.353429,2048.000000,8.4431,8.2554,10.3515,10.1429,1,0,1,ok,-
throughput,n16384_b8192,16384,8192,20,avx512_logical,AVX512,56.012302,167.735312,56.309109,166.851174,2048.000000,7.9420,7.9002,9.7371,9.7065,1,0,1,ok,-
throughput,n16384_b16384,16384,16384,1,baseline_sse42_1t,SSE4_2,-1.000000,-1.000000,-1.000000,-1.000000,4096.000000,-1.0000,-1.0000,-,-,0,1,1,ok,skip:memory_limit
throughput,n16384_b16384,16384,16384,10,avx512_phys,AVX512,-1.000000,-1.000000,-1.000000,-1.000000,4096.000000,-1.0000,-1.0000,-,-,0,1,1,ok,skip:memory_limit
throughput,n16384_b16384,16384,16384,20,avx512_logical,AVX512,-1.000000,-1.000000,-1.000000,-1.000000,4096.000000,-1.0000,-1.0000,-,-,0,1,1,ok,skip:memory_limit
throughput,n16384_b32768,16384,32768,1,baseline_sse42_1t,SSE4_2,-1.000000,-1.000000,-1.000000,-1.000000,8192.000000,-1.0000,-1.0000,-,-,0,1,1,ok,skip:memory_limit
throughput,n16384_b32768,16384,32768,10,avx512_phys,AVX512,-1.000000,-1.000000,-1.000000,-1.000000,8192.000000,-1.0000,-1.0000,-,-,0,1,1,ok,skip:memory_limit
throughput,n16384_b32768,16384,32768,20,avx512_logical,AVX512,-1.000000,-1.000000,-1.000000,-1.000000,8192.000000,-1.0000,-1.0000,-,-,0,1,1,ok,skip:memory_limit
throughput,n16384_b65536,16384,65536,1,baseline_sse42_1t,SSE4_2,-1.000000,-1.000000,-1.000000,-1.000000,16384.000000,-1.0000,-1.0000,-,-,0,1,1,ok,skip:memory_limit
throughput,n16384_b65536,16384,65536,10,avx512_phys,AVX512,-1.000000,-1.000000,-1.000000,-1.000000,16384.000000,-1.0000,-1.0000,-,-,0,1,1,ok,skip:memory_limit
throughput,n16384_b65536,16384,65536,20,avx512_logical,AVX512,-1.000000,-1.000000,-1.000000,-1.000000,16384.000000,-1.0000,-1.0000,-,-,0,1,1,ok,skip:memory_limit
throughput,n32768_b1,32768,1,1,baseline_sse42_1t,SSE4_2,0.076183,32.259165,0.078030,31.495579,0.500000,1.5274,1.4913,1.0000,1.0000,1,0,1,ok,-
throughput,n32768_b1,32768,1,10,avx512_phys,AVX512,0.019803,124.102409,0.019423,126.530402,0.500000,5.8761,5.9910,3.8470,4.0174,1,0,1,ok,-
throughput,n32768_b1,32768,1,20,avx512_logical,AVX512,0.017989,136.616821,0.017820,137.912458,0.500000,6.4686,6.5299,4.2350,4.3788,1,0,1,ok,-
throughput,n32768_b2,32768,2,1,baseline_sse42_1t,SSE4_2,0.175809,27.957613,0.170392,28.846425,1.000000,1.3238,1.3658,1.0000,1.0000,1,0,1,ok,-
throughput,n32768_b2,32768,2,10,avx512_phys,AVX512,0.110579,44.449669,0.112035,43.872004,1.000000,2.1046,2.0773,1.5899,1.5209,1,0,1,ok,-
throughput,n32768_b2,32768,2,20,avx512_logical,AVX512,0.127393,38.582968,0.172534,28.488298,1.000000,1.8268,1.3489,1.3801,0.9876,1,0,1,ok,-
throughput,n32768_b4,32768,4,1,baseline_sse42_1t,SSE4_2,0.355514,27.651232,0.363209,27.065409,2.000000,1.3092,1.2815,1.0000,1.0000,1,0,1,ok,-
throughput,n32768_b4,32768,4,10,avx512_phys,AVX512,0.244918,40.137515,0.246373,39.900476,2.000000,1.9005,1.8892,1.4516,1.4742,1,0,1,ok,-
throughput,n32768_b4,32768,4,20,avx512_logical,AVX512,0.284123,34.599100,0.274874,35.763295,2.000000,1.6382,1.6933,1.2513,1.3214,1,0,1,ok,-
throughput,n32768_b8,32768,8,1,baseline_sse42_1t,SSE4_2,0.731679,26.870800,0.705106,27.883467,4.000000,1.2723,1.3202,1.0000,1.0000,1,0,1,ok,-
throughput,n32768_b8,32768,8,10,avx512_phys,AVX512,0.053866,364.994616,0.059014,333.154845,4.000000,17.2819,15.7744,13.5833,11.9481,1,0,1,ok,-
throughput,n32768_b8,32768,8,20,avx512_logical,AVX512,0.582868,33.731136,0.568580,34.578775,4.000000,1.5971,1.6373,1.2553,1.2401,1,0,1,ok,-
throughput,n32768_b16,32768,16,1,baseline_sse42_1t,SSE4_2,1.485046,26.478372,1.480754,26.555120,8.000000,1.2537,1.2573,1.0000,1.0000,1,0,1,ok,-
throughput,n32768_b16,32768,16,10,avx512_phys,AVX512,0.115866,339.371343,0.123135,319.337313,8.000000,16.0687,15.1201,12.8169,12.0255,1,0,1,ok,-
throughput,n32768_b16,32768,16,20,avx512_logical,AVX512,0.118279,332.447856,0.119455,329.175003,8.000000,15.7409,15.5859,12.5554,12.3959,1,0,1,ok,-
throughput,n32768_b32,32768,32,1,baseline_sse42_1t,SSE4_2,3.489283,22.538499,3.700249,21.253489,16.000000,1.0672,1.0063,1.0000,1.0000,1,0,1,ok,-
throughput,n32768_b32,32768,32,10,avx512_phys,AVX512,0.259443,303.123229,0.268054,293.385661,16.000000,14.3524,13.8914,13.4491,13.8041,1,0,1,ok,-
throughput,n32768_b32,32768,32,20,avx512_logical,AVX512,0.306454,256.623180,0.304480,258.286915,16.000000,12.1507,12.2295,11.3860,12.1527,1,0,1,ok,-
throughput,n32768_b64,32768,64,1,baseline_sse42_1t,SSE4_2,8.645543,18.192773,8.961059,17.552211,32.000000,0.8614,0.8311,1.0000,1.0000,1,0,1,ok,-
throughput,n32768_b64,32768,64,10,avx512_phys,AVX512,0.658509,238.852316,0.674598,233.155746,32.000000,11.3093,11.0396,13.1290,13.2836,1,0,1,ok,-
throughput,n32768_b64,32768,64,20,avx512_logical,AVX512,0.838611,187.555851,0.805110,195.360137,32.000000,8.8805,9.2500,10.3094,11.1302,1,0,1,ok,-
throughput,n32768_b128,32768,128,1,baseline_sse42_1t,SSE4_2,19.507399,16.125820,19.356263,16.251732,64.000000,0.7635,0.7695,1.0000,1.0000,1,0,1,ok,-
throughput,n32768_b128,32768,128,10,avx512_phys,AVX512,1.498610,209.909716,1.518767,207.123805,64.000000,9.9389,9.8070,13.0170,12.7447,1,0,1,ok,-
throughput,n32768_b128,32768,128,20,avx512_logical,AVX512,1.744901,180.281174,1.801026,174.663109,64.000000,8.5360,8.2700,11.1797,10.7474,1,0,1,ok,-
throughput,n32768_b256,32768,256,1,baseline_sse42_1t,SSE4_2,40.006315,15.726157,40.639885,15.480989,128.000000,0.7446,0.7330,1.0000,1.0000,1,0,1,ok,-
throughput,n32768_b256,32768,256,10,avx512_phys,AVX512,3.355317,187.507052,3.280772,191.767547,128.000000,8.8782,9.0799,11.9233,12.3873,1,0,1,ok,-
throughput,n32768_b256,32768,256,20,avx512_logical,AVX512,3.567254,176.366920,3.523572,178.553354,128.000000,8.3507,8.4542,11.2149,11.5337,1,0,1,ok,-
throughput,n32768_b512,32768,512,1,baseline_sse42_1t,SSE4_2,80.767539,15.579170,80.774355,15.577855,256.000000,0.7377,0.7376,1.0000,1.0000,1,0,1,ok,-
throughput,n32768_b512,32768,512,10,avx512_phys,AVX512,6.714069,187.411121,6.628925,189.818289,256.000000,8.8736,8.9876,12.0296,12.1851,1,0,1,ok,-
throughput,n32768_b512,32768,512,20,avx512_logical,AVX512,7.046822,178.561513,7.036601,178.820882,256.000000,8.4546,8.4669,11.4616,11.4792,1,0,1,ok,-
throughput,n32768_b1024,32768,1024,1,baseline_sse42_1t,SSE4_2,161.335753,15.598417,160.632530,15.666705,512.000000,0.7386,0.7418,1.0000,1.0000,1,0,1,ok,-
throughput,n32768_b1024,32768,1024,10,avx512_phys,AVX512,13.576078,185.368882,13.410679,187.655107,512.000000,8.7769,8.8852,11.8838,11.9780,1,0,1,ok,-
throughput,n32768_b1024,32768,1024,20,avx512_logical,AVX512,14.025591,179.427904,13.914985,180.854122,512.000000,8.4956,8.5632,11.5030,11.5439,1,0,1,ok,-
throughput,n32768_b2048,32768,2048,1,baseline_sse42_1t,SSE4_2,320.263227,15.715713,304.717281,16.517491,1024.000000,0.7441,0.7821,1.0000,1.0000,1,0,1,ok,-
throughput,n32768_b2048,32768,2048,10,avx512_phys,AVX512,27.084079,185.834815,27.497355,183.041780,1024.000000,8.7990,8.6668,11.8248,11.0817,1,0,1,ok,-
throughput,n32768_b2048,32768,2048,20,avx512_logical,AVX512,28.103413,179.094432,27.842623,180.771934,1024.000000,8.4799,8.5593,11.3959,10.9443,1,0,1,ok,-
throughput,n32768_b4096,32768,4096,1,baseline_sse42_1t,SSE4_2,629.378579,15.994077,612.700047,16.429458,2048.000000,0.7573,0.7779,1.0000,1.0000,1,0,1,ok,-
throughput,n32768_b4096,32768,4096,10,avx512_phys,AVX512,54.182668,185.785048,55.253584,182.184193,2048.000000,8.7966,8.6261,11.6159,11.0889,1,0,1,ok,-
throughput,n32768_b4096,32768,4096,20,avx512_logical,AVX512,56.071323,179.527235,55.785342,180.447573,2048.000000,8.5003,8.5439,11.2246,10.9832,1,0,1,ok,-
throughput,n32768_b8192,32768,8192,1,baseline_sse42_1t,SSE4_2,-1.000000,-1.000000,-1.000000,-1.000000,4096.000000,-1.0000,-1.0000,-,-,0,1,1,ok,skip:memory_limit
throughput,n32768_b8192,32768,8192,10,avx512_phys,AVX512,-1.000000,-1.000000,-1.000000,-1.000000,4096.000000,-1.0000,-1.0000,-,-,0,1,1,ok,skip:memory_limit
throughput,n32768_b8192,32768,8192,20,avx512_logical,AVX512,-1.000000,-1.000000,-1.000000,-1.000000,4096.000000,-1.0000,-1.0000,-,-,0,1,1,ok,skip:memory_limit
throughput,n32768_b16384,32768,16384,1,baseline_sse42_1t,SSE4_2,-1.000000,-1.000000,-1.000000,-1.000000,8192.000000,-1.0000,-1.0000,-,-,0,1,1,ok,skip:memory_limit
throughput,n32768_b16384,32768,16384,10,avx512_phys,AVX512,-1.000000,-1.000000,-1.000000,-1.000000,8192.000000,-1.0000,-1.0000,-,-,0,1,1,ok,skip:memory_limit
throughput,n32768_b16384,32768,16384,20,avx512_logical,AVX512,-1.000000,-1.000000,-1.000000,-1.000000,8192.000000,-1.0000,-1.0000,-,-,0,1,1,ok,skip:memory_limit
throughput,n32768_b32768,32768,32768,1,baseline_sse42_1t,SSE4_2,-1.000000,-1.000000,-1.000000,-1.000000,16384.000000,-1.0000,-1.0000,-,-,0,1,1,ok,skip:memory_limit
throughput,n32768_b32768,32768,32768,10,avx512_phys,AVX512,-1.000000,-1.000000,-1.000000,-1.000000,16384.000000,-1.0000,-1.0000,-,-,0,1,1,ok,skip:memory_limit
throughput,n32768_b32768,32768,32768,20,avx512_logical,AVX512,-1.000000,-1.000000,-1.000000,-1.000000,16384.000000,-1.0000,-1.0000,-,-,0,1,1,ok,skip:memory_limit
throughput,n32768_b65536,32768,65536,1,baseline_sse42_1t,SSE4_2,-1.000000,-1.000000,-1.000000,-1.000000,32768.000000,-1.0000,-1.0000,-,-,0,1,1,ok,skip:memory_limit
throughput,n32768_b65536,32768,65536,10,avx512_phys,AVX512,-1.000000,-1.000000,-1.000000,-1.000000,32768.000000,-1.0000,-1.0000,-,-,0,1,1,ok,skip:memory_limit
throughput,n32768_b65536,32768,65536,20,avx512_logical,AVX512,-1.000000,-1.000000,-1.000000,-1.000000,32768.000000,-1.0000,-1.0000,-,-,0,1,1,ok,skip:memory_limit
throughput,n65536_b1,65536,1,1,baseline_sse42_1t,SSE4_2,0.207147,25.309949,0.204800,25.600000,1.000000,1.1984,1.2121,1.0000,1.0000,1,0,1,ok,-
throughput,n65536_b1,65536,1,10,avx512_phys,AVX512,0.049291,106.365868,0.038262,137.025770,1.000000,5.0363,6.4880,4.2025,5.3526,1,0,1,ok,-
throughput,n65536_b1,65536,1,20,avx512_logical,AVX512,0.035062,149.531687,0.035342,148.347009,1.000000,7.0801,7.0240,5.9080,5.7948,1,0,1,ok,-
throughput,n65536_b2,65536,2,1,baseline_sse42_1t,SSE4_2,0.417242,25.131123,0.410272,25.558069,2.000000,1.1899,1.2101,1.0000,1.0000,1,0,1,ok,-
throughput,n65536_b2,65536,2,10,avx512_phys,AVX512,0.281747,37.216936,0.286662,36.578828,2.000000,1.7622,1.7320,1.4809,1.4312,1,0,1,ok,-
throughput,n65536_b2,65536,2,20,avx512_logical,AVX512,0.347654,30.161482,0.344197,30.464414,2.000000,1.4281,1.4424,1.2002,1.1920,1,0,1,ok,-
throughput,n65536_b4,65536,4,1,baseline_sse42_1t,SSE4_2,0.828774,25.304269,0.818298,25.628219,4.000000,1.1981,1.2135,1.0000,1.0000,1,0,1,ok,-
throughput,n65536_b4,65536,4,10,avx512_phys,AVX512,0.567983,36.922795,0.576655,36.367533,4.000000,1.7482,1.7219,1.4592,1.4190,1,0,1,ok,-
throughput,n65536_b4,65536,4,20,avx512_logical,AVX512,0.143309,146.337774,0.144971,144.660104,4.000000,6.9289,6.8494,5.7831,5.6446,1,0,1,ok,-
throughput,n65536_b8,65536,8,1,baseline_sse42_1t,SSE4_2,1.745042,24.035548,1.750498,23.960633,8.000000,1.1380,1.1345,1.0000,1.0000,1,0,1,ok,-
throughput,n65536_b8,65536,8,10,avx512_phys,AVX512,0.171811,244.123135,0.166686,251.629051,8.000000,11.5589,11.9143,10.1568,10.5018,1,0,1,ok,-
throughput,n65536_b8,65536,8,20,avx512_logical,AVX512,0.293280,143.013639,0.301909,138.926100,8.000000,6.7715,6.5779,5.9501,5.7981,1,0,1,ok,-
throughput,n65536_b16,65536,16,1,baseline_sse42_1t,SSE4_2,4.300436,19.506413,4.430938,18.931901,16.000000,0.9236,0.8964,1.0000,1.0000,1,0,1,ok,-
throughput,n65536_b16,65536,16,10,avx512_phys,AVX512,0.408044,205.580967,0.404387,207.440101,16.000000,9.7339,9.8220,10.5391,10.9572,1,0,1,ok,-
throughput,n65536_b16,65536,16,20,avx512_logical,AVX512,0.462822,181.249120,0.462258,181.470261,16.000000,8.5819,8.5923,9.2918,9.5854,1,0,1,ok,-
throughput,n65536_b32,65536,32,1,baseline_sse42_1t,SSE4_2,10.780794,15.562134,11.236197,14.931401,32.000000,0.7368,0.7070,1.0000,1.0000,1,0,1,ok,-
throughput,n65536_b32,65536,32,10,avx512_phys,AVX512,1.037012,161.784203,1.066888,157.253770,32.000000,7.6602,7.4457,10.3960,10.5317,1,0,1,ok,-
throughput,n65536_b32,65536,32,20,avx512_logical,AVX512,1.275982,131.484739,1.273148,131.777421,32.000000,6.2256,6.2395,8.4490,8.8255,1,0,1,ok,-
throughput,n65536_b64,65536,64,1,baseline_sse42_1t,SSE4_2,24.359342,13.774769,24.132852,13.904047,64.000000,0.6522,0.6583,1.0000,1.0000,1,0,1,ok,-
throughput,n65536_b64,65536,64,10,avx512_phys,AVX512,2.176278,154.182655,2.250959,149.067273,64.000000,7.3003,7.0581,11.1931,10.7211,1,0,1,ok,-
throughput,n65536_b64,65536,64,20,avx512_logical,AVX512,2.435966,137.745896,2.424637,138.389507,64.000000,6.5221,6.5525,9.9999,9.9532,1,0,1,ok,-
throughput,n65536_b128,65536,128,1,baseline_sse42_1t,SSE4_2,49.733521,13.493688,49.352855,13.597767,128.000000,0.6389,0.6438,1.0000,1.0000,1,0,1,ok,-
throughput,n65536_b128,65536,128,10,avx512_phys,AVX512,4.307867,155.782117,4.292733,156.331326,128.000000,7.3760,7.4021,11.5448,11.4968,1,0,1,ok,-
throughput,n65536_b128,65536,128,20,avx512_logical,AVX512,4.483025,149.695494,4.564888,147.010976,128.000000,7.0879,6.9607,11.0937,10.8114,1,0,1,ok,-
throughput,n65536_b256,65536,256,1,baseline_sse42_1t,SSE4_2,99.904633,13.434585,99.116748,13.541377,256.000000,0.6361,0.6412,1.0000,1.0000,1,0,1,ok,-
throughput,n65536_b256,65536,256,10,avx512_phys,AVX512,8.505377,157.803385,8.513053,157.661098,256.000000,7.4718,7.4650,11.7461,11.6429,1,0,1,ok,-
throughput,n65536_b256,65536,256,20,avx512_logical,AVX512,8.910252,150.632920,8.973959,149.563563,256.000000,7.1322,7.0816,11.2123,11.0449,1,0,1,ok,-
throughput,n65536_b512,65536,512,1,baseline_sse42_1t,SSE4_2,201.863157,13.297892,195.108858,13.758240,512.000000,0.6296,0.6514,1.0000,1.0000,1,0,1,ok,-
throughput,n65536_b512,65536,512,10,avx512_phys,AVX512,16.937449,158.486355,17.103201,156.950419,512.000000,7.5041,7.4314,11.9182,11.4077,1,0,1,ok,-
throughput,n65536_b512,65536,512,20,avx512_logical,AVX512,17.574855,152.738362,17.684189,151.794044,512.000000,7.2319,7.1872,11.4859,11.0330,1,0,1,ok,-
throughput,n65536_b1024,65536,1024,1,baseline_sse42_1t,SSE4_2,416.472995,12.890894,339.670210,15.805652,1024.000000,0.6104,0.7484,1.0000,1.0000,1,0,1,ok,-
throughput,n65536_b1024,65536,1024,10,avx512_phys,AVX512,32.673276,164.314993,32.661877,164.372339,1024.000000,7.7801,7.7828,12.7466,10.3996,1,0,1,ok,-
throughput,n65536_b1024,65536,1024,20,avx512_logical,AVX512,34.469101,155.754254,33.997364,157.915453,1024.000000,7.3747,7.4771,12.0825,9.9911,1,0,1,ok,-
throughput,n65536_b2048,65536,2048,1,baseline_sse42_1t,SSE4_2,769.966637,13.945303,687.435105,15.619537,2048.000000,0.6603,0.7396,1.0000,1.0000,1,0,1,ok,-
throughput,n65536_b2048,65536,2048,10,avx512_phys,AVX512,66.963608,160.347069,64.127926,167.437479,2048.000000,7.5922,7.9279,11.4983,10.7197,1,0,1,ok,-
throughput,n65536_b2048,65536,2048,20,avx512_logical,AVX512,67.663706,158.688001,67.672148,158.668205,2048.000000,7.5136,7.5127,11.3793,10.1583,1,0,1,ok,-
throughput,n65536_b4096,65536,4096,1,baseline_sse42_1t,SSE4_2,-1.000000,-1.000000,-1.000000,-1.000000,4096.000000,-1.0000,-1.0000,-,-,0,1,1,ok,skip:memory_limit
throughput,n65536_b4096,65536,4096,10,avx512_phys,AVX512,-1.000000,-1.000000,-1.000000,-1.000000,4096.000000,-1.0000,-1.0000,-,-,0,1,1,ok,skip:memory_limit
throughput,n65536_b4096,65536,4096,20,avx512_logical,AVX512,-1.000000,-1.000000,-1.000000,-1.000000,4096.000000,-1.0000,-1.0000,-,-,0,1,1,ok,skip:memory_limit
throughput,n65536_b8192,65536,8192,1,baseline_sse42_1t,SSE4_2,-1.000000,-1.000000,-1.000000,-1.000000,8192.000000,-1.0000,-1.0000,-,-,0,1,1,ok,skip:memory_limit
throughput,n65536_b8192,65536,8192,10,avx512_phys,AVX512,-1.000000,-1.000000,-1.000000,-1.000000,8192.000000,-1.0000,-1.0000,-,-,0,1,1,ok,skip:memory_limit
throughput,n65536_b8192,65536,8192,20,avx512_logical,AVX512,-1.000000,-1.000000,-1.000000,-1.000000,8192.000000,-1.0000,-1.0000,-,-,0,1,1,ok,skip:memory_limit
throughput,n65536_b16384,65536,16384,1,baseline_sse42_1t,SSE4_2,-1.000000,-1.000000,-1.000000,-1.000000,16384.000000,-1.0000,-1.0000,-,-,0,1,1,ok,skip:memory_limit
throughput,n65536_b16384,65536,16384,10,avx512_phys,AVX512,-1.000000,-1.000000,-1.000000,-1.000000,16384.000000,-1.0000,-1.0000,-,-,0,1,1,ok,skip:memory_limit
throughput,n65536_b16384,65536,16384,20,avx512_logical,AVX512,-1.000000,-1.000000,-1.000000,-1.000000,16384.000000,-1.0000,-1.0000,-,-,0,1,1,ok,skip:memory_limit
throughput,n65536_b32768,65536,32768,1,baseline_sse42_1t,SSE4_2,-1.000000,-1.000000,-1.000000,-1.000000,32768.000000,-1.0000,-1.0000,-,-,0,1,1,ok,skip:memory_limit
throughput,n65536_b32768,65536,32768,10,avx512_phys,AVX512,-1.000000,-1.000000,-1.000000,-1.000000,32768.000000,-1.0000,-1.0000,-,-,0,1,1,ok,skip:memory_limit
throughput,n65536_b32768,65536,32768,20,avx512_logical,AVX512,-1.000000,-1.000000,-1.000000,-1.000000,32768.000000,-1.0000,-1.0000,-,-,0,1,1,ok,skip:memory_limit
throughput,n65536_b65536,65536,65536,1,baseline_sse42_1t,SSE4_2,-1.000000,-1.000000,-1.000000,-1.000000,65536.000000,-1.0000,-1.0000,-,-,0,1,1,ok,skip:memory_limit
throughput,n65536_b65536,65536,65536,10,avx512_phys,AVX512,-1.000000,-1.000000,-1.000000,-1.000000,65536.000000,-1.0000,-1.0000,-,-,0,1,1,ok,skip:memory_limit
throughput,n65536_b65536,65536,65536,20,avx512_logical,AVX512,-1.000000,-1.000000,-1.000000,-1.000000,65536.000000,-1.0000,-1.0000,-,-,0,1,1,ok,skip:memory_limit
throughput,n131072_b1,131072,1,1,baseline_sse42_1t,SSE4_2,0.471620,23.623086,0.481503,23.138215,2.000000,1.1185,1.0956,1.0000,1.0000,1,0,1,ok,-
throughput,n131072_b1,131072,1,10,avx512_phys,AVX512,0.081161,137.271842,0.069612,160.045969,2.000000,6.4996,7.5779,5.8109,6.9170,1,0,1,ok,-
throughput,n131072_b1,131072,1,20,avx512_logical,AVX512,0.068036,163.753307,0.067086,166.072206,2.000000,7.7535,7.8633,6.9319,7.1774,1,0,1,ok,-
throughput,n131072_b2,131072,2,1,baseline_sse42_1t,SSE4_2,0.945504,23.566521,0.975228,22.848237,4.000000,1.1158,1.0818,1.0000,1.0000,1,0,1,ok,-
throughput,n131072_b2,131072,2,10,avx512_phys,AVX512,0.676484,32.938310,0.675905,32.966526,4.000000,1.5596,1.5609,1.3977,1.4428,1,0,1,ok,-
throughput,n131072_b2,131072,2,20,avx512_logical,AVX512,0.791523,28.151096,0.738731,30.162860,4.000000,1.3329,1.4282,1.1945,1.3201,1,0,1,ok,-
throughput,n131072_b4,131072,4,1,baseline_sse42_1t,SSE4_2,2.149592,20.731599,2.111085,21.109752,8.000000,0.9816,0.9995,1.0000,1.0000,1,0,1,ok,-
throughput,n131072_b4,131072,4,10,avx512_phys,AVX512,0.278393,160.077588,0.275984,161.474868,8.000000,7.5794,7.6456,7.7214,7.6493,1,0,1,ok,-
throughput,n131072_b4,131072,4,20,avx512_logical,AVX512,0.283429,157.233311,0.283946,156.947025,8.000000,7.4448,7.4312,7.5842,7.4348,1,0,1,ok,-
throughput,n131072_b8,131072,8,1,baseline_sse42_1t,SSE4_2,6.251490,14.257235,6.728496,13.246491,16.000000,0.6751,0.6272,1.0000,1.0000,1,0,1,ok,-
throughput,n131072_b8,131072,8,10,avx512_phys,AVX512,0.617186,144.411830,0.607338,146.753472,16.000000,6.8377,6.9486,10.1290,11.0787,1,0,1,ok,-
throughput,n131072_b8,131072,8,20,avx512_logical,AVX512,0.630995,141.251452,0.653467,136.393972,16.000000,6.6880,6.4580,9.9074,10.2966,1,0,1,ok,-
throughput,n131072_b16,131072,16,1,baseline_sse42_1t,SSE4_2,15.798832,11.282981,17.496219,10.188368,32.000000,0.5342,0.4824,1.0000,1.0000,1,0,1,ok,-
throughput,n131072_b16,131072,16,10,avx512_phys,AVX512,1.695345,105.145513,1.654996,107.708973,32.000000,4.9785,5.0999,9.3189,10.5718,1,0,1,ok,-
throughput,n131072_b16,131072,16,20,avx512_logical,AVX512,1.605196,111.050563,1.582313,112.656548,32.000000,5.2581,5.3341,9.8423,11.0574,1,0,1,ok,-
throughput,n131072_b32,131072,32,1,baseline_sse42_1t,SSE4_2,31.418177,11.347439,31.599211,11.282429,64.000000,0.5373,0.5342,1.0000,1.0000,1,0,1,ok,-
throughput,n131072_b32,131072,32,10,avx512_phys,AVX512,3.674321,97.029040,3.605175,98.890023,64.000000,4.5942,4.6823,8.5507,8.7650,1,0,1,ok,-
throughput,n131072_b32,131072,32,20,avx512_logical,AVX512,3.608191,98.807364,3.602305,98.968810,64.000000,4.6784,4.6860,8.7075,8.7719,1,0,1,ok,-
throughput,n131072_b64,131072,64,1,baseline_sse42_1t,SSE4_2,62.293122,11.446395,62.739887,11.364886,128.000000,0.5420,0.5381,1.0000,1.0000,1,0,1,ok,-
throughput,n131072_b64,131072,64,10,avx512_phys,AVX512,7.192988,99.128718,7.354180,96.955973,128.000000,4.6936,4.5907,8.6603,8.5312,1,0,1,ok,-
throughput,n131072_b64,131072,64,20,avx512_logical,AVX512,7.403206,96.313905,7.357548,96.911591,128.000000,4.5603,4.5886,8.4143,8.5273,1,0,1,ok,-
throughput,n131072_b128,131072,128,1,baseline_sse42_1t,SSE4_2,125.910563,11.326003,126.396823,11.282430,256.000000,0.5363,0.5342,1.0000,1.0000,1,0,1,ok,-
throughput,n131072_b128,131072,128,10,avx512_phys,AVX512,14.643606,97.384712,14.660265,97.274051,256.000000,4.6110,4.6058,8.5983,8.6217,1,0,1,ok,-
throughput,n131072_b128,131072,128,20,avx512_logical,AVX512,15.679859,90.948736,14.541650,98.067507,256.000000,4.3063,4.6433,8.0301,8.6921,1,0,1,ok,-
throughput,n131072_b256,131072,256,1,baseline_sse42_1t,SSE4_2,252.434339,11.298489,247.392271,11.528762,512.000000,0.5350,0.5459,1.0000,1.0000,1,0,1,ok,-
throughput,n131072_b256,131072,256,10,avx512_phys,AVX512,28.842853,98.885042,29.496740,96.692947,512.000000,4.6821,4.5783,8.7521,8.3871,1,0,1,ok,-
throughput,n131072_b256,131072,256,20,avx512_logical,AVX512,28.269892,100.889198,29.682500,96.087820,512.000000,4.7770,4.5496,8.9294,8.3346,1,0,1,ok,-
throughput,n131072_b512,131072,512,1,baseline_sse42_1t,SSE4_2,500.338142,11.400797,416.014252,13.711678,1024.000000,0.5398,0.6492,1.0000,1.0000,1,0,1,ok,-
throughput,n131072_b512,131072,512,10,avx512_phys,AVX512,53.989456,105.654953,61.422011,92.869858,1024.000000,5.0026,4.3972,9.2673,6.7730,1,0,1,ok,-
throughput,n131072_b512,131072,512,20,avx512_logical,AVX512,54.379385,104.897351,58.569050,97.393648,1024.000000,4.9667,4.6114,9.2009,7.1030,1,0,1,ok,-
throughput,n131072_b1024,131072,1024,1,baseline_sse42_1t,SSE4_2,938.082362,12.161519,838.882868,13.599642,2048.000000,0.5758,0.6439,1.0000,1.0000,1,0,1,ok,-
throughput,n131072_b1024,131072,1024,10,avx512_phys,AVX512,111.621072,102.207466,117.843328,96.810800,2048.000000,4.8394,4.5838,8.4042,7.1186,1,0,1,ok,-
throughput,n131072_b1024,131072,1024,20,avx512_logical,AVX512,110.429208,103.310592,115.085548,99.130665,2048.000000,4.8916,4.6937,8.4949,7.2892,1,0,1,ok,-
throughput,n131072_b2048,131072,2048,1,baseline_sse42_1t,SSE4_2,-1.000000,-1.000000,-1.000000,-1.000000,4096.000000,-1.0000,-1.0000,-,-,0,1,1,ok,skip:memory_limit
throughput,n131072_b2048,131072,2048,10,avx512_phys,AVX512,-1.000000,-1.000000,-1.000000,-1.000000,4096.000000,-1.0000,-1.0000,-,-,0,1,1,ok,skip:memory_limit
throughput,n131072_b2048,131072,2048,20,avx512_logical,AVX512,-1.000000,-1.000000,-1.000000,-1.000000,4096.000000,-1.0000,-1.0000,-,-,0,1,1,ok,skip:memory_limit
throughput,n131072_b4096,131072,4096,1,baseline_sse42_1t,SSE4_2,-1.000000,-1.000000,-1.000000,-1.000000,8192.000000,-1.0000,-1.0000,-,-,0,1,1,ok,skip:memory_limit
throughput,n131072_b4096,131072,4096,10,avx512_phys,AVX512,-1.000000,-1.000000,-1.000000,-1.000000,8192.000000,-1.0000,-1.0000,-,-,0,1,1,ok,skip:memory_limit
throughput,n131072_b4096,131072,4096,20,avx512_logical,AVX512,-1.000000,-1.000000,-1.000000,-1.000000,8192.000000,-1.0000,-1.0000,-,-,0,1,1,ok,skip:memory_limit
throughput,n131072_b8192,131072,8192,1,baseline_sse42_1t,SSE4_2,-1.000000,-1.000000,-1.000000,-1.000000,16384.000000,-1.0000,-1.0000,-,-,0,1,1,ok,skip:memory_limit
throughput,n131072_b8192,131072,8192,10,avx512_phys,AVX512,-1.000000,-1.000000,-1.000000,-1.000000,16384.000000,-1.0000,-1.0000,-,-,0,1,1,ok,skip:memory_limit
throughput,n131072_b8192,131072,8192,20,avx512_logical,AVX512,-1.000000,-1.000000,-1.000000,-1.000000,16384.000000,-1.0000,-1.0000,-,-,0,1,1,ok,skip:memory_limit
throughput,n131072_b16384,131072,16384,1,baseline_sse42_1t,SSE4_2,-1.000000,-1.000000,-1.000000,-1.000000,32768.000000,-1.0000,-1.0000,-,-,0,1,1,ok,skip:memory_limit
throughput,n131072_b16384,131072,16384,10,avx512_phys,AVX512,-1.000000,-1.000000,-1.000000,-1.000000,32768.000000,-1.0000,-1.0000,-,-,0,1,1,ok,skip:memory_limit
throughput,n131072_b16384,131072,16384,20,avx512_logical,AVX512,-1.000000,-1.000000,-1.000000,-1.000000,32768.000000,-1.0000,-1.0000,-,-,0,1,1,ok,skip:memory_limit
throughput,n131072_b32768,131072,32768,1,baseline_sse42_1t,SSE4_2,-1.000000,-1.000000,-1.000000,-1.000000,65536.000000,-1.0000,-1.0000,-,-,0,1,1,ok,skip:memory_limit
throughput,n131072_b32768,131072,32768,10,avx512_phys,AVX512,-1.000000,-1.000000,-1.000000,-1.000000,65536.000000,-1.0000,-1.0000,-,-,0,1,1,ok,skip:memory_limit
throughput,n131072_b32768,131072,32768,20,avx512_logical,AVX512,-1.000000,-1.000000,-1.000000,-1.000000,65536.000000,-1.0000,-1.0000,-,-,0,1,1,ok,skip:memory_limit
throughput,n131072_b65536,131072,65536,1,baseline_sse42_1t,SSE4_2,-1.000000,-1.000000,-1.000000,-1.000000,131072.000000,-1.0000,-1.0000,-,-,0,1,1,ok,skip:memory_limit
throughput,n131072_b65536,131072,65536,10,avx512_phys,AVX512,-1.000000,-1.000000,-1.000000,-1.000000,131072.000000,-1.0000,-1.0000,-,-,0,1,1,ok,skip:memory_limit
throughput,n131072_b65536,131072,65536,20,avx512_logical,AVX512,-1.000000,-1.000000,-1.000000,-1.000000,131072.000000,-1.0000,-1.0000,-,-,0,1,1,ok,skip:memory_limit
throughput,n262144_b1,262144,1,1,baseline_sse42_1t,SSE4_2,1.103838,21.373571,1.094067,21.564456,4.000000,1.0120,1.0210,1.0000,1.0000,1,0,1,ok,-
throughput,n262144_b1,262144,1,10,avx512_phys,AVX512,0.139940,168.593397,0.145577,162.065161,4.000000,7.9826,7.6735,7.8879,7.5154,1,0,1,ok,-
throughput,n262144_b1,262144,1,20,avx512_logical,AVX512,0.172272,136.951797,0.145851,161.760701,4.000000,6.4845,7.6591,6.4075,7.5013,1,0,1,ok,-
throughput,n262144_b2,262144,2,1,baseline_sse42_1t,SSE4_2,2.288432,20.619324,2.262879,20.852162,8.000000,0.9763,0.9873,1.0000,1.0000,1,0,1,ok,-
throughput,n262144_b2,262144,2,10,avx512_phys,AVX512,1.682813,28.039907,1.692246,27.883606,8.000000,1.3276,1.3202,1.3599,1.3372,1,0,1,ok,-
throughput,n262144_b2,262144,2,20,avx512_logical,AVX512,2.020863,23.349391,1.997562,23.621755,8.000000,1.1056,1.1185,1.1324,1.1328,1,0,1,ok,-
throughput,n262144_b4,262144,4,1,baseline_sse42_1t,SSE4_2,5.868593,16.080829,5.966165,15.817839,16.000000,0.7614,0.7490,1.0000,1.0000,1,0,1,ok,-
throughput,n262144_b4,262144,4,10,avx512_phys,AVX512,0.614549,153.562759,0.599788,157.341994,16.000000,7.2710,7.4499,9.5494,9.9471,1,0,1,ok,-
throughput,n262144_b4,262144,4,20,avx512_logical,AVX512,0.658224,143.373441,0.650147,145.154619,16.000000,6.7885,6.8729,8.9158,9.1766,1,0,1,ok,-
throughput,n262144_b8,262144,8,1,baseline_sse42_1t,SSE4_2,15.822737,11.928637,16.017985,11.783235,32.000000,0.5648,0.5579,1.0000,1.0000,1,0,1,ok,-
throughput,n262144_b8,262144,8,10,avx512_phys,AVX512,1.657272,113.888173,1.607073,117.445617,32.000000,5.3924,5.5609,9.5475,9.9672,1,0,1,ok,-
throughput,n262144_b8,262144,8,20,avx512_logical,AVX512,1.791265,105.368932,1.656625,113.932652,32.000000,4.9891,5.3945,8.8333,9.6690,1,0,1,ok,-
throughput,n262144_b16,262144,16,1,baseline_sse42_1t,SSE4_2,32.874408,11.482712,33.040671,11.424930,64.000000,0.5437,0.5410,1.0000,1.0000,1,0,1,ok,-
throughput,n262144_b16,262144,16,10,avx512_phys,AVX512,3.776241,99.963789,3.777007,99.943516,64.000000,4.7331,4.7322,8.7056,8.7478,1,0,1,ok,-
throughput,n262144_b16,262144,16,20,avx512_logical,AVX512,3.814524,98.960541,3.935184,95.926229,64.000000,4.6856,4.5420,8.6182,8.3962,1,0,1,ok,-
throughput,n262144_b32,262144,32,1,baseline_sse42_1t,SSE4_2,65.908353,11.454917,66.150497,11.412986,128.000000,0.5424,0.5404,1.0000,1.0000,1,0,1,ok,-
throughput,n262144_b32,262144,32,10,avx512_phys,AVX512,7.297942,103.450359,7.326183,103.051578,128.000000,4.8982,4.8793,9.0311,9.0293,1,0,1,ok,-
throughput,n262144_b32,262144,32,20,avx512_logical,AVX512,7.860488,96.046800,7.912538,95.414988,128.000000,4.5477,4.5178,8.3848,8.3602,1,0,1,ok,-
throughput,n262144_b64,262144,64,1,baseline_sse42_1t,SSE4_2,131.576663,11.475815,132.464053,11.398937,256.000000,0.5434,0.5397,1.0000,1.0000,1,0,1,ok,-
throughput,n262144_b64,262144,64,10,avx512_phys,AVX512,14.701367,102.708098,14.907113,101.290534,256.000000,4.8631,4.7960,8.9500,8.8860,1,0,1,ok,-
throughput,n262144_b64,262144,64,20,avx512_logical,AVX512,15.755272,95.837726,16.563570,91.160869,256.000000,4.5378,4.3163,8.3513,7.9973,1,0,1,ok,-
throughput,n262144_b128,262144,128,1,baseline_sse42_1t,SSE4_2,262.717358,11.494859,264.034248,11.437527,512.000000,0.5443,0.5415,1.0000,1.0000,1,0,1,ok,-
throughput,n262144_b128,262144,128,10,avx512_phys,AVX512,29.817896,101.278067,30.131257,100.224789,512.000000,4.7954,4.7455,8.8107,8.7628,1,0,1,ok,-
throughput,n262144_b128,262144,128,20,avx512_logical,AVX512,31.538897,95.751569,31.568574,95.661555,512.000000,4.5337,4.5294,8.3299,8.3638,1,0,1,ok,-
throughput,n262144_b256,262144,256,1,baseline_sse42_1t,SSE4_2,508.438607,11.879109,471.537676,12.808728,1024.000000,0.5625,0.6065,1.0000,1.0000,1,0,1,ok,-
throughput,n262144_b256,262144,256,10,avx512_phys,AVX512,59.294850,101.860410,62.518863,96.607607,1024.000000,4.8229,4.5742,8.5748,7.5423,1,0,1,ok,-
throughput,n262144_b256,262144,256,20,avx512_logical,AVX512,60.771716,99.385013,63.288574,95.432673,1024.000000,4.7057,4.5186,8.3664,7.4506,1,0,1,ok,-
throughput,n262144_b512,262144,512,1,baseline_sse42_1t,SSE4_2,960.706490,12.573659,920.704375,13.119950,2048.000000,0.5953,0.6212,1.0000,1.0000,1,0,1,ok,-
throughput,n262144_b512,262144,512,10,avx512_phys,AVX512,119.548361,101.043590,122.796990,98.370453,2048.000000,4.7843,4.6577,8.0361,7.4978,1,0,1,ok,-
throughput,n262144_b512,262144,512,20,avx512_logical,AVX512,124.203533,97.256457,124.447459,97.065827,2048.000000,4.6049,4.5959,7.7349,7.3983,1,0,1,ok,-
throughput,n262144_b1024,262144,1024,1,baseline_sse42_1t,SSE4_2,-1.000000,-1.000000,-1.000000,-1.000000,4096.000000,-1.0000,-1.0000,-,-,0,1,1,ok,skip:memory_limit
throughput,n262144_b1024,262144,1024,10,avx512_phys,AVX512,-1.000000,-1.000000,-1.000000,-1.000000,4096.000000,-1.0000,-1.0000,-,-,0,1,1,ok,skip:memory_limit
throughput,n262144_b1024,262144,1024,20,avx512_logical,AVX512,-1.000000,-1.000000,-1.000000,-1.000000,4096.000000,-1.0000,-1.0000,-,-,0,1,1,ok,skip:memory_limit
throughput,n262144_b2048,262144,2048,1,baseline_sse42_1t,SSE4_2,-1.000000,-1.000000,-1.000000,-1.000000,8192.000000,-1.0000,-1.0000,-,-,0,1,1,ok,skip:memory_limit
throughput,n262144_b2048,262144,2048,10,avx512_phys,AVX512,-1.000000,-1.000000,-1.000000,-1.000000,8192.000000,-1.0000,-1.0000,-,-,0,1,1,ok,skip:memory_limit
throughput,n262144_b2048,262144,2048,20,avx512_logical,AVX512,-1.000000,-1.000000,-1.000000,-1.000000,8192.000000,-1.0000,-1.0000,-,-,0,1,1,ok,skip:memory_limit
throughput,n262144_b4096,262144,4096,1,baseline_sse42_1t,SSE4_2,-1.000000,-1.000000,-1.000000,-1.000000,16384.000000,-1.0000,-1.0000,-,-,0,1,1,ok,skip:memory_limit
throughput,n262144_b4096,262144,4096,10,avx512_phys,AVX512,-1.000000,-1.000000,-1.000000,-1.000000,16384.000000,-1.0000,-1.0000,-,-,0,1,1,ok,skip:memory_limit
throughput,n262144_b4096,262144,4096,20,avx512_logical,AVX512,-1.000000,-1.000000,-1.000000,-1.000000,16384.000000,-1.0000,-1.0000,-,-,0,1,1,ok,skip:memory_limit
throughput,n262144_b8192,262144,8192,1,baseline_sse42_1t,SSE4_2,-1.000000,-1.000000,-1.000000,-1.000000,32768.000000,-1.0000,-1.0000,-,-,0,1,1,ok,skip:memory_limit
throughput,n262144_b8192,262144,8192,10,avx512_phys,AVX512,-1.000000,-1.000000,-1.000000,-1.000000,32768.000000,-1.0000,-1.0000,-,-,0,1,1,ok,skip:memory_limit
throughput,n262144_b8192,262144,8192,20,avx512_logical,AVX512,-1.000000,-1.000000,-1.000000,-1.000000,32768.000000,-1.0000,-1.0000,-,-,0,1,1,ok,skip:memory_limit
throughput,n262144_b16384,262144,16384,1,baseline_sse42_1t,SSE4_2,-1.000000,-1.000000,-1.000000,-1.000000,65536.000000,-1.0000,-1.0000,-,-,0,1,1,ok,skip:memory_limit
throughput,n262144_b16384,262144,16384,10,avx512_phys,AVX512,-1.000000,-1.000000,-1.000000,-1.000000,65536.000000,-1.0000,-1.0000,-,-,0,1,1,ok,skip:memory_limit
throughput,n262144_b16384,262144,16384,20,avx512_logical,AVX512,-1.000000,-1.000000,-1.000000,-1.000000,65536.000000,-1.0000,-1.0000,-,-,0,1,1,ok,skip:memory_limit
throughput,n262144_b32768,262144,32768,1,baseline_sse42_1t,SSE4_2,-1.000000,-1.000000,-1.000000,-1.000000,131072.000000,-1.0000,-1.0000,-,-,0,1,1,ok,skip:memory_limit
throughput,n262144_b32768,262144,32768,10,avx512_phys,AVX512,-1.000000,-1.000000,-1.000000,-1.000000,131072.000000,-1.0000,-1.0000,-,-,0,1,1,ok,skip:memory_limit
throughput,n262144_b32768,262144,32768,20,avx512_logical,AVX512,-1.000000,-1.000000,-1.000000,-1.000000,131072.000000,-1.0000,-1.0000,-,-,0,1,1,ok,skip:memory_limit
throughput,n262144_b65536,262144,65536,1,baseline_sse42_1t,SSE4_2,-1.000000,-1.000000,-1.000000,-1.000000,262144.000000,-1.0000,-1.0000,-,-,0,1,1,ok,skip:memory_limit
throughput,n262144_b65536,262144,65536,10,avx512_phys,AVX512,-1.000000,-1.000000,-1.000000,-1.000000,262144.000000,-1.0000,-1.0000,-,-,0,1,1,ok,skip:memory_limit
throughput,n262144_b65536,262144,65536,20,avx512_logical,AVX512,-1.000000,-1.000000,-1.000000,-1.000000,262144.000000,-1.0000,-1.0000,-,-,0,1,1,ok,skip:memory_limit
throughput,n524288_b1,524288,1,1,baseline_sse42_1t,SSE4_2,2.311169,21.550722,2.319783,21.470698,8.000000,1.0204,1.0166,1.0000,1.0000,1,0,1,ok,-
throughput,n524288_b1,524288,1,10,avx512_phys,AVX512,0.295401,168.609314,0.271885,183.192747,8.000000,7.9834,8.6739,7.8238,8.5322,1,0,1,ok,-
throughput,n524288_b1,524288,1,20,avx512_logical,AVX512,0.264666,188.189492,0.263974,188.682825,8.000000,8.9105,8.9338,8.7324,8.7879,1,0,1,ok,-
throughput,n524288_b2,524288,2,1,baseline_sse42_1t,SSE4_2,5.467150,18.220594,5.323525,18.712173,16.000000,0.8627,0.8860,1.0000,1.0000,1,0,1,ok,-
throughput,n524288_b2,524288,2,10,avx512_phys,AVX512,4.639862,21.469328,4.514760,22.064234,16.000000,1.0165,1.0447,1.1783,1.1791,1,0,1,ok,-
throughput,n524288_b2,524288,2,20,avx512_logical,AVX512,5.303603,18.782462,5.198231,19.163196,16.000000,0.8893,0.9073,1.0308,1.0241,1,0,1,ok,-
throughput,n524288_b4,524288,4,1,baseline_sse42_1t,SSE4_2,12.854445,15.498875,12.214197,16.311301,32.000000,0.7338,0.7723,1.0000,1.0000,1,0,1,ok,-
throughput,n524288_b4,524288,4,10,avx512_phys,AVX512,1.542920,129.124932,1.506973,132.205049,32.000000,6.1139,6.2597,8.3312,8.1051,1,0,1,ok,-
throughput,n524288_b4,524288,4,20,avx512_logical,AVX512,1.665564,119.616802,1.616795,123.224923,32.000000,5.6637,5.8345,7.7178,7.5546,1,0,1,ok,-
throughput,n524288_b8,524288,8,1,baseline_sse42_1t,SSE4_2,26.879976,14.823632,27.083760,14.712096,64.000000,0.7019,0.6966,1.0000,1.0000,1,0,1,ok,-
throughput,n524288_b8,524288,8,10,avx512_phys,AVX512,3.422603,116.419836,3.405727,116.996718,64.000000,5.5123,5.5396,7.8537,7.9524,1,0,1,ok,-
throughput,n524288_b8,524288,8,20,avx512_logical,AVX512,3.496654,113.954335,3.521295,113.156915,64.000000,5.3956,5.3578,7.6873,7.6914,1,0,1,ok,-
throughput,n524288_b16,524288,16,1,baseline_sse42_1t,SSE4_2,54.097893,14.731031,53.884580,14.789347,128.000000,0.6975,0.7003,1.0000,1.0000,1,0,1,ok,-
throughput,n524288_b16,524288,16,10,avx512_phys,AVX512,6.886667,115.718933,6.890699,115.651222,128.000000,5.4791,5.4759,7.8555,7.8199,1,0,1,ok,-
throughput,n524288_b16,524288,16,20,avx512_logical,AVX512,6.938031,114.862237,7.036693,113.251745,128.000000,5.4386,5.3623,7.7973,7.6577,1,0,1,ok,-
throughput,n524288_b32,524288,32,1,baseline_sse42_1t,SSE4_2,107.874055,14.774966,107.997587,14.758066,256.000000,0.6996,0.6988,1.0000,1.0000,1,0,1,ok,-
throughput,n524288_b32,524288,32,10,avx512_phys,AVX512,13.731324,116.072967,13.845245,115.117899,256.000000,5.4959,5.4507,7.8561,7.8003,1,0,1,ok,-
throughput,n524288_b32,524288,32,20,avx512_logical,AVX512,13.814253,115.376164,13.954669,114.215215,256.000000,5.4629,5.4079,7.8089,7.7392,1,0,1,ok,-
throughput,n524288_b64,524288,64,1,baseline_sse42_1t,SSE4_2,214.892929,14.833764,216.573421,14.718662,512.000000,0.7024,0.6969,1.0000,1.0000,1,0,1,ok,-
throughput,n524288_b64,524288,64,10,avx512_phys,AVX512,27.445952,116.143577,27.794795,114.685899,512.000000,5.4992,5.4302,7.8297,7.7919,1,0,1,ok,-
throughput,n524288_b64,524288,64,20,avx512_logical,AVX512,27.410943,116.291915,28.063166,113.589145,512.000000,5.5062,5.3783,7.8397,7.7174,1,0,1,ok,-
throughput,n524288_b128,524288,128,1,baseline_sse42_1t,SSE4_2,413.644514,15.412611,438.055578,14.553729,1024.000000,0.7298,0.6891,1.0000,1.0000,1,0,1,ok,-
throughput,n524288_b128,524288,128,10,avx512_phys,AVX512,53.444525,119.288965,57.942292,110.029166,1024.000000,5.6482,5.2097,7.7397,7.5602,1,0,1,ok,-
throughput,n524288_b128,524288,128,20,avx512_logical,AVX512,53.988102,118.087909,60.314295,105.702008,1024.000000,5.5913,5.0048,7.6618,7.2629,1,0,1,ok,-
throughput,n524288_b256,524288,256,1,baseline_sse42_1t,SSE4_2,836.341468,15.245787,855.787450,14.899359,2048.000000,0.7219,0.7055,1.0000,1.0000,1,0,1,ok,-
throughput,n524288_b256,524288,256,10,avx512_phys,AVX512,113.883762,111.962267,113.118810,112.719398,2048.000000,5.3012,5.3371,7.3438,7.5654,1,0,1,ok,-
throughput,n524288_b256,524288,256,20,avx512_logical,AVX512,117.502476,108.514174,123.145324,103.541765,2048.000000,5.1380,4.9025,7.1176,6.9494,1,0,1,ok,-
throughput,n524288_b512,524288,512,1,baseline_sse42_1t,SSE4_2,-1.000000,-1.000000,-1.000000,-1.000000,4096.000000,-1.0000,-1.0000,-,-,0,1,1,ok,skip:memory_limit
throughput,n524288_b512,524288,512,10,avx512_phys,AVX512,-1.000000,-1.000000,-1.000000,-1.000000,4096.000000,-1.0000,-1.0000,-,-,0,1,1,ok,skip:memory_limit
throughput,n524288_b512,524288,512,20,avx512_logical,AVX512,-1.000000,-1.000000,-1.000000,-1.000000,4096.000000,-1.0000,-1.0000,-,-,0,1,1,ok,skip:memory_limit
throughput,n524288_b1024,524288,1024,1,baseline_sse42_1t,SSE4_2,-1.000000,-1.000000,-1.000000,-1.000000,8192.000000,-1.0000,-1.0000,-,-,0,1,1,ok,skip:memory_limit
throughput,n524288_b1024,524288,1024,10,avx512_phys,AVX512,-1.000000,-1.000000,-1.000000,-1.000000,8192.000000,-1.0000,-1.0000,-,-,0,1,1,ok,skip:memory_limit
throughput,n524288_b1024,524288,1024,20,avx512_logical,AVX512,-1.000000,-1.000000,-1.000000,-1.000000,8192.000000,-1.0000,-1.0000,-,-,0,1,1,ok,skip:memory_limit
throughput,n524288_b2048,524288,2048,1,baseline_sse42_1t,SSE4_2,-1.000000,-1.000000,-1.000000,-1.000000,16384.000000,-1.0000,-1.0000,-,-,0,1,1,ok,skip:memory_limit
throughput,n524288_b2048,524288,2048,10,avx512_phys,AVX512,-1.000000,-1.000000,-1.000000,-1.000000,16384.000000,-1.0000,-1.0000,-,-,0,1,1,ok,skip:memory_limit
throughput,n524288_b2048,524288,2048,20,avx512_logical,AVX512,-1.000000,-1.000000,-1.000000,-1.000000,16384.000000,-1.0000,-1.0000,-,-,0,1,1,ok,skip:memory_limit
throughput,n524288_b4096,524288,4096,1,baseline_sse42_1t,SSE4_2,-1.000000,-1.000000,-1.000000,-1.000000,32768.000000,-1.0000,-1.0000,-,-,0,1,1,ok,skip:memory_limit
throughput,n524288_b4096,524288,4096,10,avx512_phys,AVX512,-1.000000,-1.000000,-1.000000,-1.000000,32768.000000,-1.0000,-1.0000,-,-,0,1,1,ok,skip:memory_limit
throughput,n524288_b4096,524288,4096,20,avx512_logical,AVX512,-1.000000,-1.000000,-1.000000,-1.000000,32768.000000,-1.0000,-1.0000,-,-,0,1,1,ok,skip:memory_limit
throughput,n524288_b8192,524288,8192,1,baseline_sse42_1t,SSE4_2,-1.000000,-1.000000,-1.000000,-1.000000,65536.000000,-1.0000,-1.0000,-,-,0,1,1,ok,skip:memory_limit
throughput,n524288_b8192,524288,8192,10,avx512_phys,AVX512,-1.000000,-1.000000,-1.000000,-1.000000,65536.000000,-1.0000,-1.0000,-,-,0,1,1,ok,skip:memory_limit
throughput,n524288_b8192,524288,8192,20,avx512_logical,AVX512,-1.000000,-1.000000,-1.000000,-1.000000,65536.000000,-1.0000,-1.0000,-,-,0,1,1,ok,skip:memory_limit
throughput,n524288_b16384,524288,16384,1,baseline_sse42_1t,SSE4_2,-1.000000,-1.000000,-1.000000,-1.000000,131072.000000,-1.0000,-1.0000,-,-,0,1,1,ok,skip:memory_limit
throughput,n524288_b16384,524288,16384,10,avx512_phys,AVX512,-1.000000,-1.000000,-1.000000,-1.000000,131072.000000,-1.0000,-1.0000,-,-,0,1,1,ok,skip:memory_limit
throughput,n524288_b16384,524288,16384,20,avx512_logical,AVX512,-1.000000,-1.000000,-1.000000,-1.000000,131072.000000,-1.0000,-1.0000,-,-,0,1,1,ok,skip:memory_limit
throughput,n524288_b32768,524288,32768,1,baseline_sse42_1t,SSE4_2,-1.000000,-1.000000,-1.000000,-1.000000,262144.000000,-1.0000,-1.0000,-,-,0,1,1,ok,skip:memory_limit
throughput,n524288_b32768,524288,32768,10,avx512_phys,AVX512,-1.000000,-1.000000,-1.000000,-1.000000,262144.000000,-1.0000,-1.0000,-,-,0,1,1,ok,skip:memory_limit
throughput,n524288_b32768,524288,32768,20,avx512_logical,AVX512,-1.000000,-1.000000,-1.000000,-1.000000,262144.000000,-1.0000,-1.0000,-,-,0,1,1,ok,skip:memory_limit
throughput,n524288_b65536,524288,65536,1,baseline_sse42_1t,SSE4_2,-1.000000,-1.000000,-1.000000,-1.000000,524288.000000,-1.0000,-1.0000,-,-,0,1,1,ok,skip:memory_limit
throughput,n524288_b65536,524288,65536,10,avx512_phys,AVX512,-1.000000,-1.000000,-1.000000,-1.000000,524288.000000,-1.0000,-1.0000,-,-,0,1,1,ok,skip:memory_limit
throughput,n524288_b65536,524288,65536,20,avx512_logical,AVX512,-1.000000,-1.000000,-1.000000,-1.000000,524288.000000,-1.0000,-1.0000,-,-,0,1,1,ok,skip:memory_limit
throughput,n1048576_b1,1048576,1,1,baseline_sse42_1t,SSE4_2,6.161807,17.017346,6.027692,17.395978,16.000000,0.8057,0.8237,1.0000,1.0000,1,0,1,ok,-
throughput,n1048576_b1,1048576,1,10,avx512_phys,AVX512,0.575217,182.292248,0.576179,181.987889,16.000000,8.6313,8.6169,10.7121,10.4615,1,0,1,ok,-
throughput,n1048576_b1,1048576,1,20,avx512_logical,AVX512,0.540449,194.019417,0.523498,200.301816,16.000000,9.1865,9.4840,11.4013,11.5143,1,0,1,ok,-
throughput,n1048576_b2,1048576,2,1,baseline_sse42_1t,SSE4_2,14.755035,14.213128,14.625850,14.338667,32.000000,0.6730,0.6789,1.0000,1.0000,1,0,1,ok,-
throughput,n1048576_b2,1048576,2,10,avx512_phys,AVX512,11.515659,18.211307,11.427180,18.352314,32.000000,0.8623,0.8690,1.2813,1.2799,1,0,1,ok,-
throughput,n1048576_b2,1048576,2,20,avx512_logical,AVX512,12.786621,16.401143,12.642095,16.588643,32.000000,0.7766,0.7854,1.1539,1.1569,1,0,1,ok,-
throughput,n1048576_b4,1048576,4,1,baseline_sse42_1t,SSE4_2,32.544459,12.887920,32.536503,12.891072,64.000000,0.6102,0.6104,1.0000,1.0000,1,0,1,ok,-
throughput,n1048576_b4,1048576,4,10,avx512_phys,AVX512,3.752091,111.785775,3.679396,113.994362,64.000000,5.2929,5.3975,8.6737,8.8429,1,0,1,ok,-
throughput,n1048576_b4,1048576,4,20,avx512_logical,AVX512,3.561238,117.776571,3.523887,119.024929,64.000000,5.5765,5.6357,9.1385,9.2331,1,0,1,ok,-
throughput,n1048576_b8,1048576,8,1,baseline_sse42_1t,SSE4_2,65.215806,12.862845,65.468104,12.813275,128.000000,0.6090,0.6067,1.0000,1.0000,1,0,1,ok,-
throughput,n1048576_b8,1048576,8,10,avx512_phys,AVX512,7.364876,113.900193,7.490474,111.990349,128.000000,5.3930,5.3026,8.8550,8.7402,1,0,1,ok,-
throughput,n1048576_b8,1048576,8,20,avx512_logical,AVX512,6.922788,121.173839,6.961266,120.504058,128.000000,5.7374,5.7057,9.4205,9.4046,1,0,1,ok,-
throughput,n1048576_b16,1048576,16,1,baseline_sse42_1t,SSE4_2,130.987747,12.808233,130.730775,12.833410,256.000000,0.6065,0.6076,1.0000,1.0000,1,0,1,ok,-
throughput,n1048576_b16,1048576,16,10,avx512_phys,AVX512,14.755207,113.703698,14.980828,111.991246,256.000000,5.3837,5.3026,8.8774,8.7265,1,0,1,ok,-
throughput,n1048576_b16,1048576,16,20,avx512_logical,AVX512,13.777727,121.770565,13.960317,120.177901,256.000000,5.7657,5.6902,9.5072,9.3645,1,0,1,ok,-
throughput,n1048576_b32,1048576,32,1,baseline_sse42_1t,SSE4_2,260.661282,12.872810,263.021002,12.757320,512.000000,0.6095,0.6040,1.0000,1.0000,1,0,1,ok,-
throughput,n1048576_b32,1048576,32,10,avx512_phys,AVX512,29.319809,114.442874,29.944656,112.054825,512.000000,5.4187,5.3056,8.8903,8.7836,1,0,1,ok,-
throughput,n1048576_b32,1048576,32,20,avx512_logical,AVX512,31.081529,107.956182,28.168996,119.118310,512.000000,5.1116,5.6401,8.3864,9.3373,1,0,1,ok,-
throughput,n1048576_b64,1048576,64,1,baseline_sse42_1t,SSE4_2,505.557385,13.274233,539.731886,12.433741,1024.000000,0.6285,0.5887,1.0000,1.0000,1,0,1,ok,-
throughput,n1048576_b64,1048576,64,10,avx512_phys,AVX512,56.452524,118.876640,60.797648,110.380691,1024.000000,5.6286,5.2264,8.9554,8.8775,1,0,1,ok,-
throughput,n1048576_b64,1048576,64,20,avx512_logical,AVX512,54.159360,123.910002,59.808850,112.205575,1024.000000,5.8670,5.3128,9.3346,9.0243,1,0,1,ok,-
throughput,n1048576_b128,1048576,128,1,baseline_sse42_1t,SSE4_2,1039.421312,12.912736,1060.951948,12.650689,2048.000000,0.6114,0.5990,1.0000,1.0000,1,0,1,ok,-
throughput,n1048576_b128,1048576,128,10,avx512_phys,AVX512,116.246692,115.459396,119.742620,112.088518,2048.000000,5.4668,5.3072,8.9415,8.8603,1,0,1,ok,-
throughput,n1048576_b128,1048576,128,20,avx512_logical,AVX512,113.847815,117.892230,117.259874,114.461771,2048.000000,5.5820,5.4196,9.1299,9.0479,1,0,1,ok,-
throughput,n1048576_b256,1048576,256,1,baseline_sse42_1t,SSE4_2,-1.000000,-1.000000,-1.000000,-1.000000,4096.000000,-1.0000,-1.0000,-,-,0,1,1,ok,skip:memory_limit
throughput,n1048576_b256,1048576,256,10,avx512_phys,AVX512,-1.000000,-1.000000,-1.000000,-1.000000,4096.000000,-1.0000,-1.0000,-,-,0,1,1,ok,skip:memory_limit
throughput,n1048576_b256,1048576,256,20,avx512_logical,AVX512,-1.000000,-1.000000,-1.000000,-1.000000,4096.000000,-1.0000,-1.0000,-,-,0,1,1,ok,skip:memory_limit
throughput,n1048576_b512,1048576,512,1,baseline_sse42_1t,SSE4_2,-1.000000,-1.000000,-1.000000,-1.000000,8192.000000,-1.0000,-1.0000,-,-,0,1,1,ok,skip:memory_limit
throughput,n1048576_b512,1048576,512,10,avx512_phys,AVX512,-1.000000,-1.000000,-1.000000,-1.000000,8192.000000,-1.0000,-1.0000,-,-,0,1,1,ok,skip:memory_limit
throughput,n1048576_b512,1048576,512,20,avx512_logical,AVX512,-1.000000,-1.000000,-1.000000,-1.000000,8192.000000,-1.0000,-1.0000,-,-,0,1,1,ok,skip:memory_limit
throughput,n1048576_b1024,1048576,1024,1,baseline_sse42_1t,SSE4_2,-1.000000,-1.000000,-1.000000,-1.000000,16384.000000,-1.0000,-1.0000,-,-,0,1,1,ok,skip:memory_limit
throughput,n1048576_b1024,1048576,1024,10,avx512_phys,AVX512,-1.000000,-1.000000,-1.000000,-1.000000,16384.000000,-1.0000,-1.0000,-,-,0,1,1,ok,skip:memory_limit
throughput,n1048576_b1024,1048576,1024,20,avx512_logical,AVX512,-1.000000,-1.000000,-1.000000,-1.000000,16384.000000,-1.0000,-1.0000,-,-,0,1,1,ok,skip:memory_limit
throughput,n1048576_b2048,1048576,2048,1,baseline_sse42_1t,SSE4_2,-1.000000,-1.000000,-1.000000,-1.000000,32768.000000,-1.0000,-1.0000,-,-,0,1,1,ok,skip:memory_limit
throughput,n1048576_b2048,1048576,2048,10,avx512_phys,AVX512,-1.000000,-1.000000,-1.000000,-1.000000,32768.000000,-1.0000,-1.0000,-,-,0,1,1,ok,skip:memory_limit
throughput,n1048576_b2048,1048576,2048,20,avx512_logical,AVX512,-1.000000,-1.000000,-1.000000,-1.000000,32768.000000,-1.0000,-1.0000,-,-,0,1,1,ok,skip:memory_limit
throughput,n1048576_b4096,1048576,4096,1,baseline_sse42_1t,SSE4_2,-1.000000,-1.000000,-1.000000,-1.000000,65536.000000,-1.0000,-1.0000,-,-,0,1,1,ok,skip:memory_limit
throughput,n1048576_b4096,1048576,4096,10,avx512_phys,AVX512,-1.000000,-1.000000,-1.000000,-1.000000,65536.000000,-1.0000,-1.0000,-,-,0,1,1,ok,skip:memory_limit
throughput,n1048576_b4096,1048576,4096,20,avx512_logical,AVX512,-1.000000,-1.000000,-1.000000,-1.000000,65536.000000,-1.0000,-1.0000,-,-,0,1,1,ok,skip:memory_limit
throughput,n1048576_b8192,1048576,8192,1,baseline_sse42_1t,SSE4_2,-1.000000,-1.000000,-1.000000,-1.000000,131072.000000,-1.0000,-1.0000,-,-,0,1,1,ok,skip:memory_limit
throughput,n1048576_b8192,1048576,8192,10,avx512_phys,AVX512,-1.000000,-1.000000,-1.000000,-1.000000,131072.000000,-1.0000,-1.0000,-,-,0,1,1,ok,skip:memory_limit
throughput,n1048576_b8192,1048576,8192,20,avx512_logical,AVX512,-1.000000,-1.000000,-1.000000,-1.000000,131072.000000,-1.0000,-1.0000,-,-,0,1,1,ok,skip:memory_limit
throughput,n1048576_b16384,1048576,16384,1,baseline_sse42_1t,SSE4_2,-1.000000,-1.000000,-1.000000,-1.000000,262144.000000,-1.0000,-1.0000,-,-,0,1,1,ok,skip:memory_limit
throughput,n1048576_b16384,1048576,16384,10,avx512_phys,AVX512,-1.000000,-1.000000,-1.000000,-1.000000,262144.000000,-1.0000,-1.0000,-,-,0,1,1,ok,skip:memory_limit
throughput,n1048576_b16384,1048576,16384,20,avx512_logical,AVX512,-1.000000,-1.000000,-1.000000,-1.000000,262144.000000,-1.0000,-1.0000,-,-,0,1,1,ok,skip:memory_limit
throughput,n1048576_b32768,1048576,32768,1,baseline_sse42_1t,SSE4_2,-1.000000,-1.000000,-1.000000,-1.000000,524288.000000,-1.0000,-1.0000,-,-,0,1,1,ok,skip:memory_limit
throughput,n1048576_b32768,1048576,32768,10,avx512_phys,AVX512,-1.000000,-1.000000,-1.000000,-1.000000,524288.000000,-1.0000,-1.0000,-,-,0,1,1,ok,skip:memory_limit
throughput,n1048576_b32768,1048576,32768,20,avx512_logical,AVX512,-1.000000,-1.000000,-1.000000,-1.000000,524288.000000,-1.0000,-1.0000,-,-,0,1,1,ok,skip:memory_limit
throughput,n1048576_b65536,1048576,65536,1,baseline_sse42_1t,SSE4_2,-1.000000,-1.000000,-1.000000,-1.000000,1048576.000000,-1.0000,-1.0000,-,-,0,1,1,ok,skip:memory_limit
throughput,n1048576_b65536,1048576,65536,10,avx512_phys,AVX512,-1.000000,-1.000000,-1.000000,-1.000000,1048576.000000,-1.0000,-1.0000,-,-,0,1,1,ok,skip:memory_limit
throughput,n1048576_b65536,1048576,65536,20,avx512_logical,AVX512,-1.000000,-1.000000,-1.000000,-1.000000,1048576.000000,-1.0000,-1.0000,-,-,0,1,1,ok,skip:memory_limit
throughput,n2097152_b1,2097152,1,1,baseline_sse42_1t,SSE4_2,14.674973,15.005204,14.439227,15.250190,32.000000,0.7105,0.7221,1.0000,1.0000,1,0,1,ok,-
throughput,n2097152_b1,2097152,1,10,avx512_phys,AVX512,1.371486,160.556477,1.383450,159.167993,32.000000,7.6021,7.5364,10.7001,10.4371,1,0,1,ok,-
throughput,n2097152_b1,2097152,1,20,avx512_logical,AVX512,1.368031,160.961967,1.373652,160.303308,32.000000,7.6213,7.5901,10.7271,10.5116,1,0,1,ok,-
throughput,n2097152_b2,2097152,2,1,baseline_sse42_1t,SSE4_2,33.061301,13.320768,32.666043,13.481949,64.000000,0.6307,0.6383,1.0000,1.0000,1,0,1,ok,-
throughput,n2097152_b2,2097152,2,10,avx512_phys,AVX512,26.086464,16.882392,25.928964,16.984941,64.000000,0.7994,0.8042,1.2674,1.2598,1,0,1,ok,-
throughput,n2097152_b2,2097152,2,20,avx512_logical,AVX512,28.825910,15.277988,28.678689,15.356417,64.000000,0.7234,0.7271,1.1469,1.1390,1,0,1,ok,-
throughput,n2097152_b4,2097152,4,1,baseline_sse42_1t,SSE4_2,67.614220,13.026902,67.567868,13.035839,128.000000,0.6168,0.6172,1.0000,1.0000,1,0,1,ok,-
throughput,n2097152_b4,2097152,4,10,avx512_phys,AVX512,7.861975,112.033406,7.825358,112.557641,128.000000,5.3046,5.3294,8.6002,8.6345,1,0,1,ok,-
throughput,n2097152_b4,2097152,4,20,avx512_logical,AVX512,7.169362,122.856656,7.144084,123.291361,128.000000,5.8171,5.8377,9.4310,9.4579,1,0,1,ok,-
throughput,n2097152_b8,2097152,8,1,baseline_sse42_1t,SSE4_2,135.495775,13.001200,136.420713,12.913051,256.000000,0.6156,0.6114,1.0000,1.0000,1,0,1,ok,-
throughput,n2097152_b8,2097152,8,10,avx512_phys,AVX512,15.680260,112.345566,15.744342,111.888301,256.000000,5.3194,5.2977,8.6412,8.6647,1,0,1,ok,-
throughput,n2097152_b8,2097152,8,20,avx512_logical,AVX512,14.423403,122.135371,14.574156,120.872020,256.000000,5.7829,5.7231,9.3942,9.3605,1,0,1,ok,-
throughput,n2097152_b16,2097152,16,1,baseline_sse42_1t,SSE4_2,270.225631,13.038050,278.497537,12.650795,512.000000,0.6173,0.5990,1.0000,1.0000,1,0,1,ok,-
throughput,n2097152_b16,2097152,16,10,avx512_phys,AVX512,31.371721,112.305454,33.183039,106.175187,512.000000,5.3175,5.0272,8.6137,8.3928,1,0,1,ok,-
throughput,n2097152_b16,2097152,16,20,avx512_logical,AVX512,28.645679,122.992908,32.359320,108.877917,512.000000,5.8235,5.1552,9.4334,8.6064,1,0,1,ok,-
throughput,n2097152_b32,2097152,32,1,baseline_sse42_1t,SSE4_2,530.341539,13.286590,624.793581,11.278014,1024.000000,0.6291,0.5340,1.0000,1.0000,1,0,1,ok,-
throughput,n2097152_b32,2097152,32,10,avx512_phys,AVX512,62.199091,113.288323,85.718035,82.204763,1024.000000,5.3640,3.8923,8.5265,7.2889,1,0,1,ok,-
throughput,n2097152_b32,2097152,32,20,avx512_logical,AVX512,58.949842,119.532648,63.132633,111.613129,1024.000000,5.6597,5.2847,8.9965,9.8965,1,0,1,ok,-
throughput,n2097152_b64,2097152,64,1,baseline_sse42_1t,SSE4_2,1146.753155,12.289359,1230.352698,11.454326,2048.000000,0.5819,0.5423,1.0000,1.0000,1,0,1,ok,-
throughput,n2097152_b64,2097152,64,10,avx512_phys,AVX512,146.536751,96.172880,166.203153,84.792985,2048.000000,4.5536,4.0148,7.8257,7.4027,1,0,1,ok,-
throughput,n2097152_b64,2097152,64,20,avx512_logical,AVX512,127.975679,110.121404,126.862602,111.087596,2048.000000,5.2141,5.2598,8.9607,9.6983,1,0,1,ok,-
throughput,n2097152_b128,2097152,128,1,baseline_sse42_1t,SSE4_2,-1.000000,-1.000000,-1.000000,-1.000000,4096.000000,-1.0000,-1.0000,-,-,0,1,1,ok,skip:memory_limit
throughput,n2097152_b128,2097152,128,10,avx512_phys,AVX512,-1.000000,-1.000000,-1.000000,-1.000000,4096.000000,-1.0000,-1.0000,-,-,0,1,1,ok,skip:memory_limit
throughput,n2097152_b128,2097152,128,20,avx512_logical,AVX512,-1.000000,-1.000000,-1.000000,-1.000000,4096.000000,-1.0000,-1.0000,-,-,0,1,1,ok,skip:memory_limit
throughput,n2097152_b256,2097152,256,1,baseline_sse42_1t,SSE4_2,-1.000000,-1.000000,-1.000000,-1.000000,8192.000000,-1.0000,-1.0000,-,-,0,1,1,ok,skip:memory_limit
throughput,n2097152_b256,2097152,256,10,avx512_phys,AVX512,-1.000000,-1.000000,-1.000000,-1.000000,8192.000000,-1.0000,-1.0000,-,-,0,1,1,ok,skip:memory_limit
throughput,n2097152_b256,2097152,256,20,avx512_logical,AVX512,-1.000000,-1.000000,-1.000000,-1.000000,8192.000000,-1.0000,-1.0000,-,-,0,1,1,ok,skip:memory_limit
throughput,n2097152_b512,2097152,512,1,baseline_sse42_1t,SSE4_2,-1.000000,-1.000000,-1.000000,-1.000000,16384.000000,-1.0000,-1.0000,-,-,0,1,1,ok,skip:memory_limit
throughput,n2097152_b512,2097152,512,10,avx512_phys,AVX512,-1.000000,-1.000000,-1.000000,-1.000000,16384.000000,-1.0000,-1.0000,-,-,0,1,1,ok,skip:memory_limit
throughput,n2097152_b512,2097152,512,20,avx512_logical,AVX512,-1.000000,-1.000000,-1.000000,-1.000000,16384.000000,-1.0000,-1.0000,-,-,0,1,1,ok,skip:memory_limit
throughput,n2097152_b1024,2097152,1024,1,baseline_sse42_1t,SSE4_2,-1.000000,-1.000000,-1.000000,-1.000000,32768.000000,-1.0000,-1.0000,-,-,0,1,1,ok,skip:memory_limit
throughput,n2097152_b1024,2097152,1024,10,avx512_phys,AVX512,-1.000000,-1.000000,-1.000000,-1.000000,32768.000000,-1.0000,-1.0000,-,-,0,1,1,ok,skip:memory_limit
throughput,n2097152_b1024,2097152,1024,20,avx512_logical,AVX512,-1.000000,-1.000000,-1.000000,-1.000000,32768.000000,-1.0000,-1.0000,-,-,0,1,1,ok,skip:memory_limit
throughput,n2097152_b2048,2097152,2048,1,baseline_sse42_1t,SSE4_2,-1.000000,-1.000000,-1.000000,-1.000000,65536.000000,-1.0000,-1.0000,-,-,0,1,1,ok,skip:memory_limit
throughput,n2097152_b2048,2097152,2048,10,avx512_phys,AVX512,-1.000000,-1.000000,-1.000000,-1.000000,65536.000000,-1.0000,-1.0000,-,-,0,1,1,ok,skip:memory_limit
throughput,n2097152_b2048,2097152,2048,20,avx512_logical,AVX512,-1.000000,-1.000000,-1.000000,-1.000000,65536.000000,-1.0000,-1.0000,-,-,0,1,1,ok,skip:memory_limit
throughput,n2097152_b4096,2097152,4096,1,baseline_sse42_1t,SSE4_2,-1.000000,-1.000000,-1.000000,-1.000000,131072.000000,-1.0000,-1.0000,-,-,0,1,1,ok,skip:memory_limit
throughput,n2097152_b4096,2097152,4096,10,avx512_phys,AVX512,-1.000000,-1.000000,-1.000000,-1.000000,131072.000000,-1.0000,-1.0000,-,-,0,1,1,ok,skip:memory_limit
throughput,n2097152_b4096,2097152,4096,20,avx512_logical,AVX512,-1.000000,-1.000000,-1.000000,-1.000000,131072.000000,-1.0000,-1.0000,-,-,0,1,1,ok,skip:memory_limit
throughput,n2097152_b8192,2097152,8192,1,baseline_sse42_1t,SSE4_2,-1.000000,-1.000000,-1.000000,-1.000000,262144.000000,-1.0000,-1.0000,-,-,0,1,1,ok,skip:memory_limit
throughput,n2097152_b8192,2097152,8192,10,avx512_phys,AVX512,-1.000000,-1.000000,-1.000000,-1.000000,262144.000000,-1.0000,-1.0000,-,-,0,1,1,ok,skip:memory_limit
throughput,n2097152_b8192,2097152,8192,20,avx512_logical,AVX512,-1.000000,-1.000000,-1.000000,-1.000000,262144.000000,-1.0000,-1.0000,-,-,0,1,1,ok,skip:memory_limit
throughput,n2097152_b16384,2097152,16384,1,baseline_sse42_1t,SSE4_2,-1.000000,-1.000000,-1.000000,-1.000000,524288.000000,-1.0000,-1.0000,-,-,0,1,1,ok,skip:memory_limit
throughput,n2097152_b16384,2097152,16384,10,avx512_phys,AVX512,-1.000000,-1.000000,-1.000000,-1.000000,524288.000000,-1.0000,-1.0000,-,-,0,1,1,ok,skip:memory_limit
throughput,n2097152_b16384,2097152,16384,20,avx512_logical,AVX512,-1.000000,-1.000000,-1.000000,-1.000000,524288.000000,-1.0000,-1.0000,-,-,0,1,1,ok,skip:memory_limit
throughput,n2097152_b32768,2097152,32768,1,baseline_sse42_1t,SSE4_2,-1.000000,-1.000000,-1.000000,-1.000000,1048576.000000,-1.0000,-1.0000,-,-,0,1,1,ok,skip:memory_limit
throughput,n2097152_b32768,2097152,32768,10,avx512_phys,AVX512,-1.000000,-1.000000,-1.000000,-1.000000,1048576.000000,-1.0000,-1.0000,-,-,0,1,1,ok,skip:memory_limit
throughput,n2097152_b32768,2097152,32768,20,avx512_logical,AVX512,-1.000000,-1.000000,-1.000000,-1.000000,1048576.000000,-1.0000,-1.0000,-,-,0,1,1,ok,skip:memory_limit
throughput,n2097152_b65536,2097152,65536,1,baseline_sse42_1t,SSE4_2,-1.000000,-1.000000,-1.000000,-1.000000,2097152.000000,-1.0000,-1.0000,-,-,0,1,1,ok,skip:memory_limit
throughput,n2097152_b65536,2097152,65536,10,avx512_phys,AVX512,-1.000000,-1.000000,-1.000000,-1.000000,2097152.000000,-1.0000,-1.0000,-,-,0,1,1,ok,skip:memory_limit
throughput,n2097152_b65536,2097152,65536,20,avx512_logical,AVX512,-1.000000,-1.000000,-1.000000,-1.000000,2097152.000000,-1.0000,-1.0000,-,-,0,1,1,ok,skip:memory_limit
throughput,n4194304_b1,4194304,1,1,baseline_sse42_1t,SSE4_2,33.359688,13.830268,33.378442,13.822498,64.000000,0.6548,0.6545,1.0000,1.0000,1,0,1,ok,-
throughput,n4194304_b1,4194304,1,10,avx512_phys,AVX512,3.982929,115.837726,3.985735,115.756175,64.000000,5.4847,5.4809,8.3757,8.3745,1,0,1,ok,-
throughput,n4194304_b1,4194304,1,20,avx512_logical,AVX512,3.552436,129.875229,3.589912,128.519429,64.000000,6.1494,6.0852,9.3907,9.2978,1,0,1,ok,-
throughput,n4194304_b2,4194304,2,1,baseline_sse42_1t,SSE4_2,69.890787,13.202697,69.506955,13.275605,128.000000,0.6251,0.6286,1.0000,1.0000,1,0,1,ok,-
throughput,n4194304_b2,4194304,2,10,avx512_phys,AVX512,57.408741,16.073282,57.355280,16.088264,128.000000,0.7610,0.7618,1.2174,1.2119,1,0,1,ok,-
throughput,n4194304_b2,4194304,2,20,avx512_logical,AVX512,62.455562,14.774455,62.353808,14.798565,128.000000,0.6995,0.7007,1.1190,1.1147,1,0,1,ok,-
throughput,n4194304_b4,4194304,4,1,baseline_sse42_1t,SSE4_2,141.583208,13.034694,141.960205,13.000078,256.000000,0.6172,0.6155,1.0000,1.0000,1,0,1,ok,-
throughput,n4194304_b4,4194304,4,10,avx512_phys,AVX512,18.341725,100.617241,18.247640,101.136024,256.000000,4.7641,4.7886,7.7192,7.7796,1,0,1,ok,-
throughput,n4194304_b4,4194304,4,20,avx512_logical,AVX512,15.736337,117.275943,15.663217,117.823418,256.000000,5.5528,5.5788,8.9972,9.0633,1,0,1,ok,-
throughput,n4194304_b8,4194304,8,1,baseline_sse42_1t,SSE4_2,281.234931,13.124214,286.499070,12.883070,512.000000,0.6214,0.6100,1.0000,1.0000,1,0,1,ok,-
throughput,n4194304_b8,4194304,8,10,avx512_phys,AVX512,37.378909,98.745191,38.546411,95.754376,512.000000,4.6754,4.5338,7.5239,7.4326,1,0,1,ok,-
throughput,n4194304_b8,4194304,8,20,avx512_logical,AVX512,32.020469,115.269627,31.473481,117.272936,512.000000,5.4578,5.5527,8.7830,9.1029,1,0,1,ok,-
throughput,n4194304_b16,4194304,16,1,baseline_sse42_1t,SSE4_2,537.539070,13.732909,582.133533,12.680896,1024.000000,0.6502,0.6004,1.0000,1.0000,1,0,1,ok,-
throughput,n4194304_b16,4194304,16,10,avx512_phys,AVX512,90.872281,81.234618,98.592641,74.873489,1024.000000,3.8463,3.5451,5.9153,5.9044,1,0,1,ok,-
throughput,n4194304_b16,4194304,16,20,avx512_logical,AVX512,64.907757,113.730244,66.325470,111.299250,1024.000000,5.3850,5.2699,8.2816,8.7769,1,0,1,ok,-
throughput,n4194304_b32,4194304,32,1,baseline_sse42_1t,SSE4_2,1103.105427,13.383988,1132.927949,13.031676,2048.000000,0.6337,0.6170,1.0000,1.0000,1,0,1,ok,-
throughput,n4194304_b32,4194304,32,10,avx512_phys,AVX512,207.400559,71.185681,212.833221,69.368635,2048.000000,3.3705,3.2845,5.3187,5.3231,1,0,1,ok,-
throughput,n4194304_b32,4194304,32,20,avx512_logical,AVX512,133.254210,110.795374,138.235651,106.802767,2048.000000,5.2460,5.0569,8.2782,8.1956,1,0,1,ok,-
throughput,n4194304_b64,4194304,64,1,baseline_sse42_1t,SSE4_2,-1.000000,-1.000000,-1.000000,-1.000000,4096.000000,-1.0000,-1.0000,-,-,0,1,1,ok,skip:memory_limit
throughput,n4194304_b64,4194304,64,10,avx512_phys,AVX512,-1.000000,-1.000000,-1.000000,-1.000000,4096.000000,-1.0000,-1.0000,-,-,0,1,1,ok,skip:memory_limit
throughput,n4194304_b64,4194304,64,20,avx512_logical,AVX512,-1.000000,-1.000000,-1.000000,-1.000000,4096.000000,-1.0000,-1.0000,-,-,0,1,1,ok,skip:memory_limit
throughput,n4194304_b128,4194304,128,1,baseline_sse42_1t,SSE4_2,-1.000000,-1.000000,-1.000000,-1.000000,8192.000000,-1.0000,-1.0000,-,-,0,1,1,ok,skip:memory_limit
throughput,n4194304_b128,4194304,128,10,avx512_phys,AVX512,-1.000000,-1.000000,-1.000000,-1.000000,8192.000000,-1.0000,-1.0000,-,-,0,1,1,ok,skip:memory_limit
throughput,n4194304_b128,4194304,128,20,avx512_logical,AVX512,-1.000000,-1.000000,-1.000000,-1.000000,8192.000000,-1.0000,-1.0000,-,-,0,1,1,ok,skip:memory_limit
throughput,n4194304_b256,4194304,256,1,baseline_sse42_1t,SSE4_2,-1.000000,-1.000000,-1.000000,-1.000000,16384.000000,-1.0000,-1.0000,-,-,0,1,1,ok,skip:memory_limit
throughput,n4194304_b256,4194304,256,10,avx512_phys,AVX512,-1.000000,-1.000000,-1.000000,-1.000000,16384.000000,-1.0000,-1.0000,-,-,0,1,1,ok,skip:memory_limit
throughput,n4194304_b256,4194304,256,20,avx512_logical,AVX512,-1.000000,-1.000000,-1.000000,-1.000000,16384.000000,-1.0000,-1.0000,-,-,0,1,1,ok,skip:memory_limit
throughput,n4194304_b512,4194304,512,1,baseline_sse42_1t,SSE4_2,-1.000000,-1.000000,-1.000000,-1.000000,32768.000000,-1.0000,-1.0000,-,-,0,1,1,ok,skip:memory_limit
throughput,n4194304_b512,4194304,512,10,avx512_phys,AVX512,-1.000000,-1.000000,-1.000000,-1.000000,32768.000000,-1.0000,-1.0000,-,-,0,1,1,ok,skip:memory_limit
throughput,n4194304_b512,4194304,512,20,avx512_logical,AVX512,-1.000000,-1.000000,-1.000000,-1.000000,32768.000000,-1.0000,-1.0000,-,-,0,1,1,ok,skip:memory_limit
throughput,n4194304_b1024,4194304,1024,1,baseline_sse42_1t,SSE4_2,-1.000000,-1.000000,-1.000000,-1.000000,65536.000000,-1.0000,-1.0000,-,-,0,1,1,ok,skip:memory_limit
throughput,n4194304_b1024,4194304,1024,10,avx512_phys,AVX512,-1.000000,-1.000000,-1.000000,-1.000000,65536.000000,-1.0000,-1.0000,-,-,0,1,1,ok,skip:memory_limit
throughput,n4194304_b1024,4194304,1024,20,avx512_logical,AVX512,-1.000000,-1.000000,-1.000000,-1.000000,65536.000000,-1.0000,-1.0000,-,-,0,1,1,ok,skip:memory_limit
throughput,n4194304_b2048,4194304,2048,1,baseline_sse42_1t,SSE4_2,-1.000000,-1.000000,-1.000000,-1.000000,131072.000000,-1.0000,-1.0000,-,-,0,1,1,ok,skip:memory_limit
throughput,n4194304_b2048,4194304,2048,10,avx512_phys,AVX512,-1.000000,-1.000000,-1.000000,-1.000000,131072.000000,-1.0000,-1.0000,-,-,0,1,1,ok,skip:memory_limit
throughput,n4194304_b2048,4194304,2048,20,avx512_logical,AVX512,-1.000000,-1.000000,-1.000000,-1.000000,131072.000000,-1.0000,-1.0000,-,-,0,1,1,ok,skip:memory_limit
throughput,n4194304_b4096,4194304,4096,1,baseline_sse42_1t,SSE4_2,-1.000000,-1.000000,-1.000000,-1.000000,262144.000000,-1.0000,-1.0000,-,-,0,1,1,ok,skip:memory_limit
throughput,n4194304_b4096,4194304,4096,10,avx512_phys,AVX512,-1.000000,-1.000000,-1.000000,-1.000000,262144.000000,-1.0000,-1.0000,-,-,0,1,1,ok,skip:memory_limit
throughput,n4194304_b4096,4194304,4096,20,avx512_logical,AVX512,-1.000000,-1.000000,-1.000000,-1.000000,262144.000000,-1.0000,-1.0000,-,-,0,1,1,ok,skip:memory_limit
throughput,n4194304_b8192,4194304,8192,1,baseline_sse42_1t,SSE4_2,-1.000000,-1.000000,-1.000000,-1.000000,524288.000000,-1.0000,-1.0000,-,-,0,1,1,ok,skip:memory_limit
throughput,n4194304_b8192,4194304,8192,10,avx512_phys,AVX512,-1.000000,-1.000000,-1.000000,-1.000000,524288.000000,-1.0000,-1.0000,-,-,0,1,1,ok,skip:memory_limit
throughput,n4194304_b8192,4194304,8192,20,avx512_logical,AVX512,-1.000000,-1.000000,-1.000000,-1.000000,524288.000000,-1.0000,-1.0000,-,-,0,1,1,ok,skip:memory_limit
throughput,n4194304_b16384,4194304,16384,1,baseline_sse42_1t,SSE4_2,-1.000000,-1.000000,-1.000000,-1.000000,1048576.000000,-1.0000,-1.0000,-,-,0,1,1,ok,skip:memory_limit
throughput,n4194304_b16384,4194304,16384,10,avx512_phys,AVX512,-1.000000,-1.000000,-1.000000,-1.000000,1048576.000000,-1.0000,-1.0000,-,-,0,1,1,ok,skip:memory_limit
throughput,n4194304_b16384,4194304,16384,20,avx512_logical,AVX512,-1.000000,-1.000000,-1.000000,-1.000000,1048576.000000,-1.0000,-1.0000,-,-,0,1,1,ok,skip:memory_limit
throughput,n4194304_b32768,4194304,32768,1,baseline_sse42_1t,SSE4_2,-1.000000,-1.000000,-1.000000,-1.000000,2097152.000000,-1.0000,-1.0000,-,-,0,1,1,ok,skip:memory_limit
throughput,n4194304_b32768,4194304,32768,10,avx512_phys,AVX512,-1.000000,-1.000000,-1.000000,-1.000000,2097152.000000,-1.0000,-1.0000,-,-,0,1,1,ok,skip:memory_limit
throughput,n4194304_b32768,4194304,32768,20,avx512_logical,AVX512,-1.000000,-1.000000,-1.000000,-1.000000,2097152.000000,-1.0000,-1.0000,-,-,0,1,1,ok,skip:memory_limit
throughput,n4194304_b65536,4194304,65536,1,baseline_sse42_1t,SSE4_2,-1.000000,-1.000000,-1.000000,-1.000000,4194304.000000,-1.0000,-1.0000,-,-,0,1,1,ok,skip:memory_limit
throughput,n4194304_b65536,4194304,65536,10,avx512_phys,AVX512,-1.000000,-1.000000,-1.000000,-1.000000,4194304.000000,-1.0000,-1.0000,-,-,0,1,1,ok,skip:memory_limit
throughput,n4194304_b65536,4194304,65536,20,avx512_logical,AVX512,-1.000000,-1.000000,-1.000000,-1.000000,4194304.000000,-1.0000,-1.0000,-,-,0,1,1,ok,skip:memory_limit
