============================================================
FFT RUN run01
Date: Tue Mar 10 11:33:31 IST 2026
Host: amdtoolsserver.morphingmachines
============================================================
CONFIG|BENCH_NRUNS|20
CONFIG|BENCH_WARMUP|5
CONFIG|BENCH_MAX_MEM_MB|3072
CONFIG|BENCH_MIN_TOTAL_MS|75
CONFIG|BENCH_MAX_ADAPT_ITERS|100000000
CONFIG|BENCH_VALIDATE|1
CONFIG|BENCH_VALIDATE_TOL|1e-4
CONFIG|BENCH_VALIDATE_STRICT|1
CONFIG|BENCH_STREAM_MODE|1
CONFIG|BENCH_STREAM_TARGET_MB|1024
CONFIG|BENCH_STREAM_MIN_SLOTS|64
CONFIG|BENCH_STREAM_MAX_SLOTS|32768
CONFIG|THROUGHPUT_LENGTHS|2,4,8,16,32,64,128,256,512,1024,2048,4096,8192,16384,32768,65536,131072,262144,524288,1048576,2097152,4194304
CONFIG|THROUGHPUT_BATCHES|1
CONFIG|CORE_SWEEP_MIN|1
CONFIG|CORE_SWEEP_MAX|10
CONFIG|LOGICAL_FACTOR_SET|1,2
============================================================
RUN PROFILE: avx512_c01_t01
Description : MKL AVX-512 pinned to 1 core(s), 1 thread(s)
ISA         : AVX512
Cores       : 1
Threads/core: 1
Threads     : 1
CPU set     : 0
Workload    : throughput
============================================================
PROFILE|avx512_c01_t01|MKL AVX-512 pinned to 1 core(s), 1 thread(s)|AVX512|1|throughput|2,4,8,16,32,64,128,256,512,1024,2048,4096,8192,16384,32768,65536,131072,262144,524288,1048576,2097152,4194304|1|1,10,20|4194304|1024|10|1|1|0

############################################################
# FFT BENCHMARK (Intel oneMKL DFTI, 1D, single precision)  #
############################################################
profile_id       : avx512_c01_t01
profile_desc     : MKL AVX-512 pinned to 1 core(s), 1 thread(s)
workload         : throughput
threads(cli)     : 1
mkl max threads  : 1
timed runs       : 20
warmup runs      : 5
min total ms     : 75.0
max adapt iters  : 100000000
validate         : 1
validate tol     : 1.000e-04
validate strict  : 1
stream mode      : 1
stream target MB : 1024.0
stream min slots : 64
stream max slots : 32768
mem cap (MB)     : 3072.0
lengths: 2,4,8,16,32,64,128,256,512,1024,2048,4096,8192,16384,32768,65536,131072,262144,524288,1048576,2097152,4194304
batches: 1
thread_set: 1,2,4,8,10,20
batch_scale_set: 1,4,16,64,256
scale_length     : 16384
scale_batch      : 64
scale_threads    : 1


====================================================================
WORKLOAD: throughput (length x batch at fixed thread count)
====================================================================
threads=1
CHECK|avx512_c01_t01|throughput|n2_b1|2|1|1|1|1|1.14557866e-08|1.49011612e-08|1.00000000e-04|PASS
[run ] n2_b1            | Len:      2 | Batch:     1 | Thr: 1 | Fwd:    0.0000 ms     0.50 GF/s (iters:3779384) | Bwd:    0.0000 ms     0.50 GF/s (iters:3784465) | Slots:32768 | Mem:   1.00 MB
RESULT|avx512_c01_t01|throughput|n2_b1|2|1|1|1|1|0.000020|0.502825|0.000020|0.498585|1.00
CHECK|avx512_c01_t01|throughput|n4_b1|4|1|1|1|1|4.49494167e-08|5.96046448e-08|1.00000000e-04|PASS
[run ] n4_b1            | Len:      4 | Batch:     1 | Thr: 1 | Fwd:    0.0000 ms     1.66 GF/s (iters:3171136) | Bwd:    0.0000 ms     1.71 GF/s (iters:3241484) | Slots:32768 | Mem:   2.00 MB
RESULT|avx512_c01_t01|throughput|n4_b1|4|1|1|1|1|0.000024|1.664640|0.000023|1.706930|2.00
CHECK|avx512_c01_t01|throughput|n8_b1|8|1|1|1|1|6.88878659e-08|1.33280037e-07|1.00000000e-04|PASS
[run ] n8_b1            | Len:      8 | Batch:     1 | Thr: 1 | Fwd:    0.0000 ms     5.56 GF/s (iters:3486658) | Bwd:    0.0000 ms     5.53 GF/s (iters:3460285) | Slots:32768 | Mem:   4.00 MB
RESULT|avx512_c01_t01|throughput|n8_b1|8|1|1|1|1|0.000022|5.559815|0.000022|5.532065|4.00
CHECK|avx512_c01_t01|throughput|n16_b1|16|1|1|1|1|8.06080983e-08|1.33280037e-07|1.00000000e-04|PASS
[run ] n16_b1           | Len:     16 | Batch:     1 | Thr: 1 | Fwd:    0.0000 ms    14.36 GF/s (iters:3368349) | Bwd:    0.0000 ms    14.69 GF/s (iters:3447747) | Slots:32768 | Mem:   8.00 MB
RESULT|avx512_c01_t01|throughput|n16_b1|16|1|1|1|1|0.000022|14.355421|0.000022|14.690811|8.00
CHECK|avx512_c01_t01|throughput|n32_b1|32|1|1|1|1|9.37525156e-08|1.33280037e-07|1.00000000e-04|PASS
[run ] n32_b1           | Len:     32 | Batch:     1 | Thr: 1 | Fwd:    0.0000 ms    18.77 GF/s (iters:1771954) | Bwd:    0.0000 ms    18.12 GF/s (iters:1715152) | Slots:32768 | Mem:  16.00 MB
RESULT|avx512_c01_t01|throughput|n32_b1|32|1|1|1|1|0.000043|18.766747|0.000044|18.124851|16.00
CHECK|avx512_c01_t01|throughput|n64_b1|64|1|1|1|1|1.04453060e-07|1.49011612e-07|1.00000000e-04|PASS
[run ] n64_b1           | Len:     64 | Batch:     1 | Thr: 1 | Fwd:    0.0001 ms    26.04 GF/s (iters:1042942) | Bwd:    0.0001 ms    23.75 GF/s (iters:1134823) | Slots:32768 | Mem:  32.00 MB
RESULT|avx512_c01_t01|throughput|n64_b1|64|1|1|1|1|0.000074|26.039890|0.000081|23.747589|32.00
CHECK|avx512_c01_t01|throughput|n128_b1|128|1|1|1|1|1.14162990e-07|2.02677705e-07|1.00000000e-04|PASS
[run ] n128_b1          | Len:    128 | Batch:     1 | Thr: 1 | Fwd:    0.0002 ms    24.49 GF/s (iters:431385) | Bwd:    0.0002 ms    25.38 GF/s (iters:532633) | Slots:32768 | Mem:  64.00 MB
RESULT|avx512_c01_t01|throughput|n128_b1|128|1|1|1|1|0.000183|24.493112|0.000177|25.376077|64.00
CHECK|avx512_c01_t01|throughput|n256_b1|256|1|1|1|1|1.20880689e-07|2.14907603e-07|1.00000000e-04|PASS
[run ] n256_b1          | Len:    256 | Batch:     1 | Thr: 1 | Fwd:    0.0005 ms    21.71 GF/s (iters:160907) | Bwd:    0.0005 ms    21.68 GF/s (iters:206657) | Slots:32768 | Mem: 128.00 MB
RESULT|avx512_c01_t01|throughput|n256_b1|256|1|1|1|1|0.000472|21.711801|0.000472|21.684127|128.00
CHECK|avx512_c01_t01|throughput|n512_b1|512|1|1|1|1|1.15796630e-07|2.71920675e-07|1.00000000e-04|PASS
[run ] n512_b1          | Len:    512 | Batch:     1 | Thr: 1 | Fwd:    0.0010 ms    23.14 GF/s (iters:80380) | Bwd:    0.0010 ms    22.88 GF/s (iters:87135) | Slots:32768 | Mem: 256.00 MB
RESULT|avx512_c01_t01|throughput|n512_b1|512|1|1|1|1|0.000996|23.135193|0.001007|22.883648|256.00
CHECK|avx512_c01_t01|throughput|n1024_b1|1024|1|1|1|1|1.24276207e-07|2.52881091e-07|1.00000000e-04|PASS
[run ] n1024_b1         | Len:   1024 | Batch:     1 | Thr: 1 | Fwd:    0.0018 ms    27.90 GF/s (iters:41928) | Bwd:    0.0018 ms    28.38 GF/s (iters:49999) | Slots:32768 | Mem: 512.01 MB
RESULT|avx512_c01_t01|throughput|n1024_b1|1024|1|1|1|1|0.001835|27.901454|0.001804|28.383436|512.01
CHECK|avx512_c01_t01|throughput|n2048_b1|2048|1|1|1|1|1.45184027e-07|3.37174788e-07|1.00000000e-04|PASS
[run ] n2048_b1         | Len:   2048 | Batch:     1 | Thr: 1 | Fwd:    0.0039 ms    29.04 GF/s (iters:22346) | Bwd:    0.0039 ms    29.12 GF/s (iters:23807) | Slots:32768 | Mem:1024.02 MB
RESULT|avx512_c01_t01|throughput|n2048_b1|2048|1|1|1|1|0.003878|29.043125|0.003868|29.117858|1024.02
CHECK|avx512_c01_t01|throughput|n4096_b1|4096|1|1|1|1|1.45690048e-07|3.20980835e-07|1.00000000e-04|PASS
[run ] n4096_b1         | Len:   4096 | Batch:     1 | Thr: 1 | Fwd:    0.0071 ms    34.67 GF/s (iters:11616) | Bwd:    0.0074 ms    33.40 GF/s (iters:11793) | Slots:16384 | Mem:1024.03 MB
RESULT|avx512_c01_t01|throughput|n4096_b1|4096|1|1|1|1|0.007088|34.674147|0.007358|33.399425|1024.03
CHECK|avx512_c01_t01|throughput|n8192_b1|8192|1|1|1|1|1.49159132e-07|4.21468485e-07|1.00000000e-04|PASS
[run ] n8192_b1         | Len:   8192 | Batch:     1 | Thr: 1 | Fwd:    0.0140 ms    38.05 GF/s (iters:5360) | Bwd:    0.0145 ms    36.66 GF/s (iters:5342) | Slots:8192 | Mem:1024.06 MB
RESULT|avx512_c01_t01|throughput|n8192_b1|8192|1|1|1|1|0.013994|38.051665|0.014525|36.660380|1024.06
CHECK|avx512_c01_t01|throughput|n16384_b1|16384|1|1|1|1|1.83837893e-07|4.91512492e-07|1.00000000e-04|PASS
[run ] n16384_b1        | Len:  16384 | Batch:     1 | Thr: 1 | Fwd:    0.0275 ms    41.73 GF/s (iters:2744) | Bwd:    0.0282 ms    40.69 GF/s (iters:2854) | Slots:4096 | Mem:1024.12 MB
RESULT|avx512_c01_t01|throughput|n16384_b1|16384|1|1|1|1|0.027486|41.725466|0.028183|40.694040|1024.12
CHECK|avx512_c01_t01|throughput|n32768_b1|32768|1|1|1|1|1.80400391e-07|5.39743014e-07|1.00000000e-04|PASS
[run ] n32768_b1        | Len:  32768 | Batch:     1 | Thr: 1 | Fwd:    0.0693 ms    35.47 GF/s (iters:1083) | Bwd:    0.0736 ms    33.38 GF/s (iters:1022) | Slots:2048 | Mem:1024.25 MB
RESULT|avx512_c01_t01|throughput|n32768_b1|32768|1|1|1|1|0.069293|35.466918|0.073622|33.381537|1024.25
CHECK|avx512_c01_t01|throughput|n65536_b1|65536|1|1|1|1|1.84587689e-07|5.56753328e-07|1.00000000e-04|PASS
[run ] n65536_b1        | Len:  65536 | Batch:     1 | Thr: 1 | Fwd:    0.2118 ms    24.75 GF/s (iters:363) | Bwd:    0.2112 ms    24.82 GF/s (iters:361) | Slots:1024 | Mem:1024.50 MB
RESULT|avx512_c01_t01|throughput|n65536_b1|65536|1|1|1|1|0.211843|24.748861|0.211225|24.821256|1024.50
CHECK|avx512_c01_t01|throughput|n131072_b1|131072|1|1|1|1|2.14457557e-07|6.97654480e-07|1.00000000e-04|PASS
[run ] n131072_b1       | Len: 131072 | Batch:     1 | Thr: 1 | Fwd:    0.5941 ms    18.75 GF/s (iters:136) | Bwd:    0.5920 ms    18.82 GF/s (iters:134) | Slots:512 | Mem:1025.00 MB
RESULT|avx512_c01_t01|throughput|n131072_b1|131072|1|1|1|1|0.594087|18.753362|0.591963|18.820646|1025.00
CHECK|avx512_c01_t01|throughput|n262144_b1|262144|1|1|1|1|2.13310155e-07|6.97654480e-07|1.00000000e-04|PASS
[run ] n262144_b1       | Len: 262144 | Batch:     1 | Thr: 1 | Fwd:    1.3649 ms    17.29 GF/s (iters:58) | Bwd:    1.3740 ms    17.17 GF/s (iters:58) | Slots:256 | Mem:1026.00 MB
RESULT|avx512_c01_t01|throughput|n262144_b1|262144|1|1|1|1|1.364864|17.285943|1.374034|17.170585|1026.00
CHECK|avx512_c01_t01|throughput|n524288_b1|524288|1|1|1|1|2.25376377e-07|8.86086747e-07|1.00000000e-04|PASS
[run ] n524288_b1       | Len: 524288 | Batch:     1 | Thr: 1 | Fwd:    2.9438 ms    16.92 GF/s (iters:26) | Bwd:    2.9602 ms    16.83 GF/s (iters:26) | Slots:128 | Mem:1028.00 MB
RESULT|avx512_c01_t01|throughput|n524288_b1|524288|1|1|1|1|2.943841|16.919177|2.960195|16.825705|1028.00
CHECK|avx512_c01_t01|throughput|n1048576_b1|1048576|1|1|1|1|2.21522234e-07|7.20205663e-07|1.00000000e-04|PASS
[run ] n1048576_b1      | Len:1048576 | Batch:     1 | Thr: 1 | Fwd:    6.5696 ms    15.96 GF/s (iters:20) | Bwd:    6.5718 ms    15.96 GF/s (iters:20) | Slots: 64 | Mem:1032.00 MB
RESULT|avx512_c01_t01|throughput|n1048576_b1|1048576|1|1|1|1|6.569554|15.961145|6.571845|15.955580|1032.00
CHECK|avx512_c01_t01|throughput|n2097152_b1|2097152|1|1|1|1|2.36765642e-07|8.10710818e-07|1.00000000e-04|PASS
[run ] n2097152_b1      | Len:2097152 | Batch:     1 | Thr: 1 | Fwd:   21.1290 ms    10.42 GF/s (iters:20) | Bwd:   21.0016 ms    10.48 GF/s (iters:20) | Slots: 64 | Mem:2064.00 MB
RESULT|avx512_c01_t01|throughput|n2097152_b1|2097152|1|1|1|1|21.128996|10.421743|21.001626|10.484948|2064.00
CHECK|avx512_c01_t01|throughput|n4194304_b1|4194304|1|1|1|1|2.25452393e-07|7.63311891e-07|1.00000000e-04|PASS
[run ] n4194304_b1      | Len:4194304 | Batch:     1 | Thr: 1 | Fwd:   60.4146 ms     7.64 GF/s (iters:20) | Bwd:   61.9420 ms     7.45 GF/s (iters:20) | Slots: 47 | Mem:3040.00 MB
RESULT|avx512_c01_t01|throughput|n4194304_b1|4194304|1|1|1|1|60.414623|7.636784|61.942048|7.448469|3040.00

Benchmark workload complete.

[DONE] avx512_c01_t01

============================================================
RUN PROFILE: avx512_c01_t02
Description : MKL AVX-512 pinned to 1 core(s), 2 thread(s)
ISA         : AVX512
Cores       : 1
Threads/core: 2
Threads     : 2
CPU set     : 0,10
Workload    : throughput
============================================================
PROFILE|avx512_c01_t02|MKL AVX-512 pinned to 1 core(s), 2 thread(s)|AVX512|2|throughput|2,4,8,16,32,64,128,256,512,1024,2048,4096,8192,16384,32768,65536,131072,262144,524288,1048576,2097152,4194304|1|1,10,20|4194304|1024|10|1|2|0,10

############################################################
# FFT BENCHMARK (Intel oneMKL DFTI, 1D, single precision)  #
############################################################
profile_id       : avx512_c01_t02
profile_desc     : MKL AVX-512 pinned to 1 core(s), 2 thread(s)
workload         : throughput
threads(cli)     : 2
mkl max threads  : 2
timed runs       : 20
warmup runs      : 5
min total ms     : 75.0
max adapt iters  : 100000000
validate         : 1
validate tol     : 1.000e-04
validate strict  : 1
stream mode      : 1
stream target MB : 1024.0
stream min slots : 64
stream max slots : 32768
mem cap (MB)     : 3072.0
lengths: 2,4,8,16,32,64,128,256,512,1024,2048,4096,8192,16384,32768,65536,131072,262144,524288,1048576,2097152,4194304
batches: 1
thread_set: 1,2,4,8,10,20
batch_scale_set: 1,4,16,64,256
scale_length     : 16384
scale_batch      : 64
scale_threads    : 2


====================================================================
WORKLOAD: throughput (length x batch at fixed thread count)
====================================================================
threads=2
CHECK|avx512_c01_t02|throughput|n2_b1|2|1|1|1|2|1.14557866e-08|1.49011612e-08|1.00000000e-04|PASS
[run ] n2_b1            | Len:      2 | Batch:     1 | Thr: 2 | Fwd:    0.0000 ms     0.50 GF/s (iters:3729139) | Bwd:    0.0000 ms     0.48 GF/s (iters:3688704) | Slots:32768 | Mem:   1.00 MB
RESULT|avx512_c01_t02|throughput|n2_b1|2|1|1|1|2|0.000020|0.497173|0.000021|0.478062|1.00
CHECK|avx512_c01_t02|throughput|n4_b1|4|1|1|1|2|4.49494167e-08|5.96046448e-08|1.00000000e-04|PASS
[run ] n4_b1            | Len:      4 | Batch:     1 | Thr: 2 | Fwd:    0.0000 ms     1.65 GF/s (iters:3093412) | Bwd:    0.0000 ms     1.67 GF/s (iters:3162669) | Slots:32768 | Mem:   2.00 MB
RESULT|avx512_c01_t02|throughput|n4_b1|4|1|1|1|2|0.000024|1.647251|0.000024|1.673347|2.00
CHECK|avx512_c01_t02|throughput|n8_b1|8|1|1|1|2|6.88878659e-08|1.33280037e-07|1.00000000e-04|PASS
[run ] n8_b1            | Len:      8 | Batch:     1 | Thr: 2 | Fwd:    0.0000 ms     5.74 GF/s (iters:3604385) | Bwd:    0.0000 ms     5.55 GF/s (iters:3511321) | Slots:32768 | Mem:   4.00 MB
RESULT|avx512_c01_t02|throughput|n8_b1|8|1|1|1|2|0.000021|5.735080|0.000022|5.549284|4.00
CHECK|avx512_c01_t02|throughput|n16_b1|16|1|1|1|2|8.06080983e-08|1.33280037e-07|1.00000000e-04|PASS
[run ] n16_b1           | Len:     16 | Batch:     1 | Thr: 2 | Fwd:    0.0000 ms    14.48 GF/s (iters:3398167) | Bwd:    0.0000 ms    15.16 GF/s (iters:3569107) | Slots:32768 | Mem:   8.00 MB
RESULT|avx512_c01_t02|throughput|n16_b1|16|1|1|1|2|0.000022|14.475562|0.000021|15.161024|8.00
CHECK|avx512_c01_t02|throughput|n32_b1|32|1|1|1|2|9.37525156e-08|1.33280037e-07|1.00000000e-04|PASS
[run ] n32_b1           | Len:     32 | Batch:     1 | Thr: 2 | Fwd:    0.0000 ms    19.13 GF/s (iters:1834307) | Bwd:    0.0000 ms    18.61 GF/s (iters:1917724) | Slots:32768 | Mem:  16.00 MB
RESULT|avx512_c01_t02|throughput|n32_b1|32|1|1|1|2|0.000042|19.134027|0.000043|18.612372|16.00
CHECK|avx512_c01_t02|throughput|n64_b1|64|1|1|1|2|1.04453060e-07|1.49011612e-07|1.00000000e-04|PASS
[run ] n64_b1           | Len:     64 | Batch:     1 | Thr: 2 | Fwd:    0.0001 ms    27.54 GF/s (iters:1076108) | Bwd:    0.0001 ms    27.87 GF/s (iters:1293474) | Slots:32768 | Mem:  32.00 MB
RESULT|avx512_c01_t02|throughput|n64_b1|64|1|1|1|2|0.000070|27.541729|0.000069|27.872167|32.00
CHECK|avx512_c01_t02|throughput|n128_b1|128|1|1|1|2|1.14162990e-07|2.02677705e-07|1.00000000e-04|PASS
[run ] n128_b1          | Len:    128 | Batch:     1 | Thr: 2 | Fwd:    0.0002 ms    26.45 GF/s (iters:453930) | Bwd:    0.0002 ms    26.52 GF/s (iters:544810) | Slots:32768 | Mem:  64.00 MB
RESULT|avx512_c01_t02|throughput|n128_b1|128|1|1|1|2|0.000169|26.450351|0.000169|26.520845|64.00
CHECK|avx512_c01_t02|throughput|n256_b1|256|1|1|1|2|1.20880689e-07|2.14907603e-07|1.00000000e-04|PASS
[run ] n256_b1          | Len:    256 | Batch:     1 | Thr: 2 | Fwd:    0.0005 ms    22.11 GF/s (iters:166248) | Bwd:    0.0005 ms    22.59 GF/s (iters:187962) | Slots:32768 | Mem: 128.00 MB
RESULT|avx512_c01_t02|throughput|n256_b1|256|1|1|1|2|0.000463|22.107273|0.000453|22.589987|128.00
CHECK|avx512_c01_t02|throughput|n512_b1|512|1|1|1|2|1.15796630e-07|2.71920675e-07|1.00000000e-04|PASS
[run ] n512_b1          | Len:    512 | Batch:     1 | Thr: 2 | Fwd:    0.0010 ms    23.63 GF/s (iters:80273) | Bwd:    0.0010 ms    23.41 GF/s (iters:93674) | Slots:32768 | Mem: 256.00 MB
RESULT|avx512_c01_t02|throughput|n512_b1|512|1|1|1|2|0.000975|23.627249|0.000984|23.410598|256.00
CHECK|avx512_c01_t02|throughput|n1024_b1|1024|1|1|1|2|1.24276207e-07|2.52881091e-07|1.00000000e-04|PASS
[run ] n1024_b1         | Len:   1024 | Batch:     1 | Thr: 2 | Fwd:    0.0018 ms    28.40 GF/s (iters:41657) | Bwd:    0.0018 ms    28.78 GF/s (iters:50910) | Slots:32768 | Mem: 512.01 MB
RESULT|avx512_c01_t02|throughput|n1024_b1|1024|1|1|1|2|0.001803|28.400824|0.001779|28.776636|512.01
CHECK|avx512_c01_t02|throughput|n2048_b1|2048|1|1|1|2|1.45184027e-07|3.37174788e-07|1.00000000e-04|PASS
[run ] n2048_b1         | Len:   2048 | Batch:     1 | Thr: 2 | Fwd:    0.0039 ms    28.71 GF/s (iters:22168) | Bwd:    0.0039 ms    28.96 GF/s (iters:19286) | Slots:32768 | Mem:1024.02 MB
RESULT|avx512_c01_t02|throughput|n2048_b1|2048|1|1|1|2|0.003923|28.714272|0.003889|28.964996|1024.02
CHECK|avx512_c01_t02|throughput|n4096_b1|4096|1|1|1|2|1.45690048e-07|3.20980835e-07|1.00000000e-04|PASS
[run ] n4096_b1         | Len:   4096 | Batch:     1 | Thr: 2 | Fwd:    0.0071 ms    34.54 GF/s (iters:10739) | Bwd:    0.0073 ms    33.85 GF/s (iters:11639) | Slots:16384 | Mem:1024.03 MB
RESULT|avx512_c01_t02|throughput|n4096_b1|4096|1|1|1|2|0.007115|34.540957|0.007259|33.853794|1024.03
CHECK|avx512_c01_t02|throughput|n8192_b1|8192|1|1|1|2|1.89483007e-07|5.41591103e-07|1.00000000e-04|PASS
[run ] n8192_b1         | Len:   8192 | Batch:     1 | Thr: 2 | Fwd:    0.0238 ms    22.42 GF/s (iters:3225) | Bwd:    0.0239 ms    22.28 GF/s (iters:3552) | Slots:8192 | Mem:1024.06 MB
RESULT|avx512_c01_t02|throughput|n8192_b1|8192|1|1|1|2|0.023755|22.415146|0.023896|22.283564|1024.06
CHECK|avx512_c01_t02|throughput|n16384_b1|16384|1|1|1|2|1.95270107e-07|5.37269007e-07|1.00000000e-04|PASS
[run ] n16384_b1        | Len:  16384 | Batch:     1 | Thr: 2 | Fwd:    0.0501 ms    22.88 GF/s (iters:1508) | Bwd:    0.0490 ms    23.38 GF/s (iters:1654) | Slots:4096 | Mem:1024.12 MB
RESULT|avx512_c01_t02|throughput|n16384_b1|16384|1|1|1|2|0.050133|22.876566|0.049044|23.384723|1024.12
CHECK|avx512_c01_t02|throughput|n32768_b1|32768|1|1|1|2|2.09355397e-07|5.49527672e-07|1.00000000e-04|PASS
[run ] n32768_b1        | Len:  32768 | Batch:     1 | Thr: 2 | Fwd:    0.1055 ms    23.30 GF/s (iters:714) | Bwd:    0.1078 ms    22.80 GF/s (iters:732) | Slots:2048 | Mem:1024.25 MB
RESULT|avx512_c01_t02|throughput|n32768_b1|32768|1|1|1|2|0.105495|23.295979|0.107774|22.803174|1024.25
CHECK|avx512_c01_t02|throughput|n65536_b1|65536|1|1|1|2|2.01306545e-07|6.13667377e-07|1.00000000e-04|PASS
[run ] n65536_b1        | Len:  65536 | Batch:     1 | Thr: 2 | Fwd:    0.2500 ms    20.97 GF/s (iters:323) | Bwd:    0.2501 ms    20.96 GF/s (iters:306) | Slots:1024 | Mem:1024.50 MB
RESULT|avx512_c01_t02|throughput|n65536_b1|65536|1|1|1|2|0.249984|20.972872|0.250108|20.962466|1024.50
CHECK|avx512_c01_t02|throughput|n131072_b1|131072|1|1|1|2|2.14457557e-07|6.97654480e-07|1.00000000e-04|PASS
[run ] n131072_b1       | Len: 131072 | Batch:     1 | Thr: 2 | Fwd:    0.5821 ms    19.14 GF/s (iters:137) | Bwd:    0.5778 ms    19.28 GF/s (iters:133) | Slots:512 | Mem:1025.00 MB
RESULT|avx512_c01_t02|throughput|n131072_b1|131072|1|1|1|2|0.582095|19.139695|0.577779|19.282680|1025.00
CHECK|avx512_c01_t02|throughput|n262144_b1|262144|1|1|1|2|2.13310155e-07|6.97654480e-07|1.00000000e-04|PASS
[run ] n262144_b1       | Len: 262144 | Batch:     1 | Thr: 2 | Fwd:    1.3031 ms    18.10 GF/s (iters:60) | Bwd:    1.3234 ms    17.83 GF/s (iters:59) | Slots:256 | Mem:1026.00 MB
RESULT|avx512_c01_t02|throughput|n262144_b1|262144|1|1|1|2|1.303139|18.104715|1.323354|17.828153|1026.00
CHECK|avx512_c01_t02|throughput|n524288_b1|524288|1|1|1|2|2.25376377e-07|8.86086747e-07|1.00000000e-04|PASS
[run ] n524288_b1       | Len: 524288 | Batch:     1 | Thr: 2 | Fwd:    2.5990 ms    19.16 GF/s (iters:29) | Bwd:    2.6601 ms    18.72 GF/s (iters:29) | Slots:128 | Mem:1028.00 MB
RESULT|avx512_c01_t02|throughput|n524288_b1|524288|1|1|1|2|2.599035|19.163790|2.660090|18.723938|1028.00
CHECK|avx512_c01_t02|throughput|n1048576_b1|1048576|1|1|1|2|2.21522234e-07|7.20205663e-07|1.00000000e-04|PASS
[run ] n1048576_b1      | Len:1048576 | Batch:     1 | Thr: 2 | Fwd:    5.5834 ms    18.78 GF/s (iters:20) | Bwd:    5.5794 ms    18.79 GF/s (iters:20) | Slots: 64 | Mem:1032.00 MB
RESULT|avx512_c01_t02|throughput|n1048576_b1|1048576|1|1|1|2|5.583376|18.780322|5.579366|18.793819|1032.00
CHECK|avx512_c01_t02|throughput|n2097152_b1|2097152|1|1|1|2|2.36765642e-07|8.10710818e-07|1.00000000e-04|PASS
[run ] n2097152_b1      | Len:2097152 | Batch:     1 | Thr: 2 | Fwd:   12.3301 ms    17.86 GF/s (iters:20) | Bwd:   12.2984 ms    17.90 GF/s (iters:20) | Slots: 64 | Mem:2064.00 MB
RESULT|avx512_c01_t02|throughput|n2097152_b1|2097152|1|1|1|2|12.330116|17.858790|12.298399|17.904848|2064.00
CHECK|avx512_c01_t02|throughput|n4194304_b1|4194304|1|1|1|2|2.25452393e-07|7.63311891e-07|1.00000000e-04|PASS
[run ] n4194304_b1      | Len:4194304 | Batch:     1 | Thr: 2 | Fwd:   28.2905 ms    16.31 GF/s (iters:20) | Bwd:   28.4334 ms    16.23 GF/s (iters:20) | Slots: 47 | Mem:3040.00 MB
RESULT|avx512_c01_t02|throughput|n4194304_b1|4194304|1|1|1|2|28.290544|16.308398|28.433356|16.226486|3040.00

Benchmark workload complete.

[DONE] avx512_c01_t02

============================================================
RUN PROFILE: avx512_c02_t02
Description : MKL AVX-512 pinned to 2 core(s), 2 thread(s)
ISA         : AVX512
Cores       : 2
Threads/core: 1
Threads     : 2
CPU set     : 0,1
Workload    : throughput
============================================================
PROFILE|avx512_c02_t02|MKL AVX-512 pinned to 2 core(s), 2 thread(s)|AVX512|2|throughput|2,4,8,16,32,64,128,256,512,1024,2048,4096,8192,16384,32768,65536,131072,262144,524288,1048576,2097152,4194304|1|1,10,20|4194304|1024|10|2|1|0,1

############################################################
# FFT BENCHMARK (Intel oneMKL DFTI, 1D, single precision)  #
############################################################
profile_id       : avx512_c02_t02
profile_desc     : MKL AVX-512 pinned to 2 core(s), 2 thread(s)
workload         : throughput
threads(cli)     : 2
mkl max threads  : 2
timed runs       : 20
warmup runs      : 5
min total ms     : 75.0
max adapt iters  : 100000000
validate         : 1
validate tol     : 1.000e-04
validate strict  : 1
stream mode      : 1
stream target MB : 1024.0
stream min slots : 64
stream max slots : 32768
mem cap (MB)     : 3072.0
lengths: 2,4,8,16,32,64,128,256,512,1024,2048,4096,8192,16384,32768,65536,131072,262144,524288,1048576,2097152,4194304
batches: 1
thread_set: 1,2,4,8,10,20
batch_scale_set: 1,4,16,64,256
scale_length     : 16384
scale_batch      : 64
scale_threads    : 2


====================================================================
WORKLOAD: throughput (length x batch at fixed thread count)
====================================================================
threads=2
CHECK|avx512_c02_t02|throughput|n2_b1|2|1|1|1|2|1.14557866e-08|1.49011612e-08|1.00000000e-04|PASS
[run ] n2_b1            | Len:      2 | Batch:     1 | Thr: 2 | Fwd:    0.0000 ms     0.50 GF/s (iters:3759904) | Bwd:    0.0000 ms     0.48 GF/s (iters:3653986) | Slots:32768 | Mem:   1.00 MB
RESULT|avx512_c02_t02|throughput|n2_b1|2|1|1|1|2|0.000020|0.497853|0.000021|0.482881|1.00
CHECK|avx512_c02_t02|throughput|n4_b1|4|1|1|1|2|4.49494167e-08|5.96046448e-08|1.00000000e-04|PASS
[run ] n4_b1            | Len:      4 | Batch:     1 | Thr: 2 | Fwd:    0.0000 ms     1.64 GF/s (iters:3081492) | Bwd:    0.0000 ms     1.67 GF/s (iters:3210668) | Slots:32768 | Mem:   2.00 MB
RESULT|avx512_c02_t02|throughput|n4_b1|4|1|1|1|2|0.000024|1.639802|0.000024|1.667542|2.00
CHECK|avx512_c02_t02|throughput|n8_b1|8|1|1|1|2|6.88878659e-08|1.33280037e-07|1.00000000e-04|PASS
[run ] n8_b1            | Len:      8 | Batch:     1 | Thr: 2 | Fwd:    0.0000 ms     5.48 GF/s (iters:3460025) | Bwd:    0.0000 ms     5.50 GF/s (iters:3447561) | Slots:32768 | Mem:   4.00 MB
RESULT|avx512_c02_t02|throughput|n8_b1|8|1|1|1|2|0.000022|5.484838|0.000022|5.501414|4.00
CHECK|avx512_c02_t02|throughput|n16_b1|16|1|1|1|2|8.06080983e-08|1.33280037e-07|1.00000000e-04|PASS
[run ] n16_b1           | Len:     16 | Batch:     1 | Thr: 2 | Fwd:    0.0000 ms    14.26 GF/s (iters:3363811) | Bwd:    0.0000 ms    14.47 GF/s (iters:3419852) | Slots:32768 | Mem:   8.00 MB
RESULT|avx512_c02_t02|throughput|n16_b1|16|1|1|1|2|0.000022|14.258736|0.000022|14.468095|8.00
CHECK|avx512_c02_t02|throughput|n32_b1|32|1|1|1|2|9.37525156e-08|1.33280037e-07|1.00000000e-04|PASS
[run ] n32_b1           | Len:     32 | Batch:     1 | Thr: 2 | Fwd:    0.0000 ms    16.17 GF/s (iters:1545167) | Bwd:    0.0000 ms    18.17 GF/s (iters:1765366) | Slots:32768 | Mem:  16.00 MB
RESULT|avx512_c02_t02|throughput|n32_b1|32|1|1|1|2|0.000049|16.168214|0.000044|18.171703|16.00
CHECK|avx512_c02_t02|throughput|n64_b1|64|1|1|1|2|1.04453060e-07|1.49011612e-07|1.00000000e-04|PASS
[run ] n64_b1           | Len:     64 | Batch:     1 | Thr: 2 | Fwd:    0.0001 ms    26.91 GF/s (iters:1054426) | Bwd:    0.0001 ms    27.68 GF/s (iters:1253279) | Slots:32768 | Mem:  32.00 MB
RESULT|avx512_c02_t02|throughput|n64_b1|64|1|1|1|2|0.000071|26.912210|0.000069|27.680462|32.00
CHECK|avx512_c02_t02|throughput|n128_b1|128|1|1|1|2|1.14162990e-07|2.02677705e-07|1.00000000e-04|PASS
[run ] n128_b1          | Len:    128 | Batch:     1 | Thr: 2 | Fwd:    0.0002 ms    26.28 GF/s (iters:459625) | Bwd:    0.0002 ms    26.05 GF/s (iters:562541) | Slots:32768 | Mem:  64.00 MB
RESULT|avx512_c02_t02|throughput|n128_b1|128|1|1|1|2|0.000170|26.276613|0.000172|26.045859|64.00
CHECK|avx512_c02_t02|throughput|n256_b1|256|1|1|1|2|1.20880689e-07|2.14907603e-07|1.00000000e-04|PASS
[run ] n256_b1          | Len:    256 | Batch:     1 | Thr: 2 | Fwd:    0.0005 ms    22.52 GF/s (iters:165242) | Bwd:    0.0005 ms    22.24 GF/s (iters:180769) | Slots:32768 | Mem: 128.00 MB
RESULT|avx512_c02_t02|throughput|n256_b1|256|1|1|1|2|0.000455|22.523317|0.000460|22.238625|128.00
CHECK|avx512_c02_t02|throughput|n512_b1|512|1|1|1|2|1.15796630e-07|2.71920675e-07|1.00000000e-04|PASS
[run ] n512_b1          | Len:    512 | Batch:     1 | Thr: 2 | Fwd:    0.0010 ms    23.29 GF/s (iters:79894) | Bwd:    0.0010 ms    22.89 GF/s (iters:90463) | Slots:32768 | Mem: 256.00 MB
RESULT|avx512_c02_t02|throughput|n512_b1|512|1|1|1|2|0.000989|23.288885|0.001006|22.892577|256.00
CHECK|avx512_c02_t02|throughput|n1024_b1|1024|1|1|1|2|1.24276207e-07|2.52881091e-07|1.00000000e-04|PASS
[run ] n1024_b1         | Len:   1024 | Batch:     1 | Thr: 2 | Fwd:    0.0018 ms    27.72 GF/s (iters:40813) | Bwd:    0.0018 ms    28.01 GF/s (iters:48987) | Slots:32768 | Mem: 512.01 MB
RESULT|avx512_c02_t02|throughput|n1024_b1|1024|1|1|1|2|0.001847|27.719607|0.001828|28.005054|512.01
CHECK|avx512_c02_t02|throughput|n2048_b1|2048|1|1|1|2|1.45184027e-07|3.37174788e-07|1.00000000e-04|PASS
[run ] n2048_b1         | Len:   2048 | Batch:     1 | Thr: 2 | Fwd:    0.0039 ms    29.23 GF/s (iters:21578) | Bwd:    0.0038 ms    29.29 GF/s (iters:23133) | Slots:32768 | Mem:1024.02 MB
RESULT|avx512_c02_t02|throughput|n2048_b1|2048|1|1|1|2|0.003854|29.225291|0.003846|29.291063|1024.02
CHECK|avx512_c02_t02|throughput|n4096_b1|4096|1|1|1|2|1.45690048e-07|3.20980835e-07|1.00000000e-04|PASS
[run ] n4096_b1         | Len:   4096 | Batch:     1 | Thr: 2 | Fwd:    0.0071 ms    34.41 GF/s (iters:10733) | Bwd:    0.0071 ms    34.83 GF/s (iters:11999) | Slots:16384 | Mem:1024.03 MB
RESULT|avx512_c02_t02|throughput|n4096_b1|4096|1|1|1|2|0.007142|34.411351|0.007057|34.826146|1024.03
CHECK|avx512_c02_t02|throughput|n8192_b1|8192|1|1|1|2|1.89483007e-07|5.41591103e-07|1.00000000e-04|PASS
[run ] n8192_b1         | Len:   8192 | Batch:     1 | Thr: 2 | Fwd:    0.0210 ms    25.37 GF/s (iters:3585) | Bwd:    0.0203 ms    26.20 GF/s (iters:4005) | Slots:8192 | Mem:1024.06 MB
RESULT|avx512_c02_t02|throughput|n8192_b1|8192|1|1|1|2|0.020991|25.366788|0.020323|26.200566|1024.06
CHECK|avx512_c02_t02|throughput|n16384_b1|16384|1|1|1|2|1.95270107e-07|5.37269007e-07|1.00000000e-04|PASS
[run ] n16384_b1        | Len:  16384 | Batch:     1 | Thr: 2 | Fwd:    0.0319 ms    35.92 GF/s (iters:2496) | Bwd:    0.0328 ms    34.96 GF/s (iters:2518) | Slots:4096 | Mem:1024.12 MB
RESULT|avx512_c02_t02|throughput|n16384_b1|16384|1|1|1|2|0.031932|35.915857|0.032808|34.956898|1024.12
CHECK|avx512_c02_t02|throughput|n32768_b1|32768|1|1|1|2|2.09355397e-07|5.49527672e-07|1.00000000e-04|PASS
[run ] n32768_b1        | Len:  32768 | Batch:     1 | Thr: 2 | Fwd:    0.0689 ms    35.68 GF/s (iters:1182) | Bwd:    0.0706 ms    34.83 GF/s (iters:1215) | Slots:2048 | Mem:1024.25 MB
RESULT|avx512_c02_t02|throughput|n32768_b1|32768|1|1|1|2|0.068887|35.675578|0.070556|34.832079|1024.25
CHECK|avx512_c02_t02|throughput|n65536_b1|65536|1|1|1|2|2.01306545e-07|6.13667377e-07|1.00000000e-04|PASS
[run ] n65536_b1        | Len:  65536 | Batch:     1 | Thr: 2 | Fwd:    0.1509 ms    34.75 GF/s (iters:507) | Bwd:    0.1598 ms    32.81 GF/s (iters:515) | Slots:1024 | Mem:1024.50 MB
RESULT|avx512_c02_t02|throughput|n65536_b1|65536|1|1|1|2|0.150874|34.749950|0.159773|32.814503|1024.50
CHECK|avx512_c02_t02|throughput|n131072_b1|131072|1|1|1|2|2.14457557e-07|6.97654480e-07|1.00000000e-04|PASS
[run ] n131072_b1       | Len: 131072 | Batch:     1 | Thr: 2 | Fwd:    0.3587 ms    31.06 GF/s (iters:244) | Bwd:    0.3458 ms    32.21 GF/s (iters:233) | Slots:512 | Mem:1025.00 MB
RESULT|avx512_c02_t02|throughput|n131072_b1|131072|1|1|1|2|0.358671|31.062192|0.345843|32.214355|1025.00
CHECK|avx512_c02_t02|throughput|n262144_b1|262144|1|1|1|2|2.13310155e-07|6.97654480e-07|1.00000000e-04|PASS
[run ] n262144_b1       | Len: 262144 | Batch:     1 | Thr: 2 | Fwd:    0.7796 ms    30.26 GF/s (iters:98) | Bwd:    0.8056 ms    29.28 GF/s (iters:104) | Slots:256 | Mem:1026.00 MB
RESULT|avx512_c02_t02|throughput|n262144_b1|262144|1|1|1|2|0.779570|30.264051|0.805636|29.284875|1026.00
CHECK|avx512_c02_t02|throughput|n524288_b1|524288|1|1|1|2|2.25376377e-07|8.86086747e-07|1.00000000e-04|PASS
[run ] n524288_b1       | Len: 524288 | Batch:     1 | Thr: 2 | Fwd:    2.1720 ms    22.93 GF/s (iters:42) | Bwd:    2.1271 ms    23.42 GF/s (iters:36) | Slots:128 | Mem:1028.00 MB
RESULT|avx512_c02_t02|throughput|n524288_b1|524288|1|1|1|2|2.172021|22.931348|2.127052|23.416148|1028.00
CHECK|avx512_c02_t02|throughput|n1048576_b1|1048576|1|1|1|2|2.21522234e-07|7.20205663e-07|1.00000000e-04|PASS
[run ] n1048576_b1      | Len:1048576 | Batch:     1 | Thr: 2 | Fwd:    3.8769 ms    27.05 GF/s (iters:20) | Bwd:    3.8502 ms    27.23 GF/s (iters:20) | Slots: 64 | Mem:1032.00 MB
RESULT|avx512_c02_t02|throughput|n1048576_b1|1048576|1|1|1|2|3.876938|27.046501|3.850238|27.234059|1032.00
CHECK|avx512_c02_t02|throughput|n2097152_b1|2097152|1|1|1|2|2.36765642e-07|8.10710818e-07|1.00000000e-04|PASS
[run ] n2097152_b1      | Len:2097152 | Batch:     1 | Thr: 2 | Fwd:   10.6562 ms    20.66 GF/s (iters:20) | Bwd:   10.9917 ms    20.03 GF/s (iters:20) | Slots: 64 | Mem:2064.00 MB
RESULT|avx512_c02_t02|throughput|n2097152_b1|2097152|1|1|1|2|10.656233|20.664052|10.991722|20.033344|2064.00
CHECK|avx512_c02_t02|throughput|n4194304_b1|4194304|1|1|1|2|2.25452393e-07|7.63311891e-07|1.00000000e-04|PASS
[run ] n4194304_b1      | Len:4194304 | Batch:     1 | Thr: 2 | Fwd:   28.4767 ms    16.20 GF/s (iters:20) | Bwd:   28.8118 ms    16.01 GF/s (iters:20) | Slots: 47 | Mem:3040.00 MB
RESULT|avx512_c02_t02|throughput|n4194304_b1|4194304|1|1|1|2|28.476699|16.201788|28.811822|16.013338|3040.00

Benchmark workload complete.

[DONE] avx512_c02_t02

============================================================
RUN PROFILE: avx512_c02_t04
Description : MKL AVX-512 pinned to 2 core(s), 4 thread(s)
ISA         : AVX512
Cores       : 2
Threads/core: 2
Threads     : 4
CPU set     : 0,1,10,11
Workload    : throughput
============================================================
PROFILE|avx512_c02_t04|MKL AVX-512 pinned to 2 core(s), 4 thread(s)|AVX512|4|throughput|2,4,8,16,32,64,128,256,512,1024,2048,4096,8192,16384,32768,65536,131072,262144,524288,1048576,2097152,4194304|1|1,10,20|4194304|1024|10|2|2|0,1,10,11

############################################################
# FFT BENCHMARK (Intel oneMKL DFTI, 1D, single precision)  #
############################################################
profile_id       : avx512_c02_t04
profile_desc     : MKL AVX-512 pinned to 2 core(s), 4 thread(s)
workload         : throughput
threads(cli)     : 4
mkl max threads  : 4
timed runs       : 20
warmup runs      : 5
min total ms     : 75.0
max adapt iters  : 100000000
validate         : 1
validate tol     : 1.000e-04
validate strict  : 1
stream mode      : 1
stream target MB : 1024.0
stream min slots : 64
stream max slots : 32768
mem cap (MB)     : 3072.0
lengths: 2,4,8,16,32,64,128,256,512,1024,2048,4096,8192,16384,32768,65536,131072,262144,524288,1048576,2097152,4194304
batches: 1
thread_set: 1,2,4,8,10,20
batch_scale_set: 1,4,16,64,256
scale_length     : 16384
scale_batch      : 64
scale_threads    : 4


====================================================================
WORKLOAD: throughput (length x batch at fixed thread count)
====================================================================
threads=4
CHECK|avx512_c02_t04|throughput|n2_b1|2|1|1|1|4|1.14557866e-08|1.49011612e-08|1.00000000e-04|PASS
[run ] n2_b1            | Len:      2 | Batch:     1 | Thr: 4 | Fwd:    0.0000 ms     0.43 GF/s (iters:3661402) | Bwd:    0.0000 ms     0.41 GF/s (iters:3272168) | Slots:32768 | Mem:   1.00 MB
RESULT|avx512_c02_t04|throughput|n2_b1|2|1|1|1|4|0.000023|0.428606|0.000024|0.414602|1.00
CHECK|avx512_c02_t04|throughput|n4_b1|4|1|1|1|4|4.49494167e-08|5.96046448e-08|1.00000000e-04|PASS
[run ] n4_b1            | Len:      4 | Batch:     1 | Thr: 4 | Fwd:    0.0000 ms     1.51 GF/s (iters:3152333) | Bwd:    0.0000 ms     1.50 GF/s (iters:3101992) | Slots:32768 | Mem:   2.00 MB
RESULT|avx512_c02_t04|throughput|n4_b1|4|1|1|1|4|0.000027|1.509187|0.000027|1.495737|2.00
CHECK|avx512_c02_t04|throughput|n8_b1|8|1|1|1|4|6.88878659e-08|1.33280037e-07|1.00000000e-04|PASS
[run ] n8_b1            | Len:      8 | Batch:     1 | Thr: 4 | Fwd:    0.0000 ms     3.53 GF/s (iters:3260826) | Bwd:    0.0000 ms     5.39 GF/s (iters:3469321) | Slots:32768 | Mem:   4.00 MB
RESULT|avx512_c02_t04|throughput|n8_b1|8|1|1|1|4|0.000034|3.534111|0.000022|5.388299|4.00
CHECK|avx512_c02_t04|throughput|n16_b1|16|1|1|1|4|8.06080983e-08|1.33280037e-07|1.00000000e-04|PASS
[run ] n16_b1           | Len:     16 | Batch:     1 | Thr: 4 | Fwd:    0.0000 ms    14.33 GF/s (iters:3395476) | Bwd:    0.0000 ms    14.68 GF/s (iters:3466792) | Slots:32768 | Mem:   8.00 MB
RESULT|avx512_c02_t04|throughput|n16_b1|16|1|1|1|4|0.000022|14.333488|0.000022|14.680714|8.00
CHECK|avx512_c02_t04|throughput|n32_b1|32|1|1|1|4|9.37525156e-08|1.33280037e-07|1.00000000e-04|PASS
[run ] n32_b1           | Len:     32 | Batch:     1 | Thr: 4 | Fwd:    0.0000 ms    18.42 GF/s (iters:1754671) | Bwd:    0.0000 ms    18.91 GF/s (iters:1850649) | Slots:32768 | Mem:  16.00 MB
RESULT|avx512_c02_t04|throughput|n32_b1|32|1|1|1|4|0.000043|18.416347|0.000042|18.913409|16.00
CHECK|avx512_c02_t04|throughput|n64_b1|64|1|1|1|4|1.04453060e-07|1.49011612e-07|1.00000000e-04|PASS
[run ] n64_b1           | Len:     64 | Batch:     1 | Thr: 4 | Fwd:    0.0001 ms    26.30 GF/s (iters:1081238) | Bwd:    0.0001 ms    27.57 GF/s (iters:1079041) | Slots:32768 | Mem:  32.00 MB
RESULT|avx512_c02_t04|throughput|n64_b1|64|1|1|1|4|0.000073|26.295812|0.000070|27.568591|32.00
CHECK|avx512_c02_t04|throughput|n128_b1|128|1|1|1|4|1.14162990e-07|2.02677705e-07|1.00000000e-04|PASS
[run ] n128_b1          | Len:    128 | Batch:     1 | Thr: 4 | Fwd:    0.0002 ms    27.44 GF/s (iters:472227) | Bwd:    0.0002 ms    27.30 GF/s (iters:616327) | Slots:32768 | Mem:  64.00 MB
RESULT|avx512_c02_t04|throughput|n128_b1|128|1|1|1|4|0.000163|27.444704|0.000164|27.303690|64.00
CHECK|avx512_c02_t04|throughput|n256_b1|256|1|1|1|4|1.20880689e-07|2.14907603e-07|1.00000000e-04|PASS
[run ] n256_b1          | Len:    256 | Batch:     1 | Thr: 4 | Fwd:    0.0004 ms    22.87 GF/s (iters:167707) | Bwd:    0.0004 ms    22.94 GF/s (iters:224631) | Slots:32768 | Mem: 128.00 MB
RESULT|avx512_c02_t04|throughput|n256_b1|256|1|1|1|4|0.000448|22.874048|0.000446|22.938815|128.00
CHECK|avx512_c02_t04|throughput|n512_b1|512|1|1|1|4|1.15796630e-07|2.71920675e-07|1.00000000e-04|PASS
[run ] n512_b1          | Len:    512 | Batch:     1 | Thr: 4 | Fwd:    0.0010 ms    23.64 GF/s (iters:82962) | Bwd:    0.0010 ms    22.72 GF/s (iters:88958) | Slots:32768 | Mem: 256.00 MB
RESULT|avx512_c02_t04|throughput|n512_b1|512|1|1|1|4|0.000975|23.640456|0.001014|22.718002|256.00
CHECK|avx512_c02_t04|throughput|n1024_b1|1024|1|1|1|4|1.24276207e-07|2.52881091e-07|1.00000000e-04|PASS
[run ] n1024_b1         | Len:   1024 | Batch:     1 | Thr: 4 | Fwd:    0.0019 ms    27.45 GF/s (iters:44508) | Bwd:    0.0018 ms    27.81 GF/s (iters:49765) | Slots:32768 | Mem: 512.01 MB
RESULT|avx512_c02_t04|throughput|n1024_b1|1024|1|1|1|4|0.001865|27.447606|0.001841|27.810684|512.01
CHECK|avx512_c02_t04|throughput|n2048_b1|2048|1|1|1|4|1.45184027e-07|3.37174788e-07|1.00000000e-04|PASS
[run ] n2048_b1         | Len:   2048 | Batch:     1 | Thr: 4 | Fwd:    0.0040 ms    28.00 GF/s (iters:20890) | Bwd:    0.0039 ms    28.62 GF/s (iters:22181) | Slots:32768 | Mem:1024.02 MB
RESULT|avx512_c02_t04|throughput|n2048_b1|2048|1|1|1|4|0.004023|27.997005|0.003935|28.623313|1024.02
CHECK|avx512_c02_t04|throughput|n4096_b1|4096|1|1|1|4|1.45690048e-07|3.20980835e-07|1.00000000e-04|PASS
[run ] n4096_b1         | Len:   4096 | Batch:     1 | Thr: 4 | Fwd:    0.0073 ms    33.62 GF/s (iters:10528) | Bwd:    0.0072 ms    34.03 GF/s (iters:10460) | Slots:16384 | Mem:1024.03 MB
RESULT|avx512_c02_t04|throughput|n4096_b1|4096|1|1|1|4|0.007311|33.615794|0.007222|34.031592|1024.03
CHECK|avx512_c02_t04|throughput|n8192_b1|8192|1|1|1|4|1.89483007e-07|5.41591103e-07|1.00000000e-04|PASS
[run ] n8192_b1         | Len:   8192 | Batch:     1 | Thr: 4 | Fwd:    0.0167 ms    31.82 GF/s (iters:4524) | Bwd:    0.0169 ms    31.52 GF/s (iters:4690) | Slots:8192 | Mem:1024.06 MB
RESULT|avx512_c02_t04|throughput|n8192_b1|8192|1|1|1|4|0.016733|31.821430|0.016895|31.516726|1024.06
CHECK|avx512_c02_t04|throughput|n16384_b1|16384|1|1|1|4|1.95270107e-07|5.37269007e-07|1.00000000e-04|PASS
[run ] n16384_b1        | Len:  16384 | Batch:     1 | Thr: 4 | Fwd:    0.0317 ms    36.17 GF/s (iters:2405) | Bwd:    0.0320 ms    35.82 GF/s (iters:2476) | Slots:4096 | Mem:1024.12 MB
RESULT|avx512_c02_t04|throughput|n16384_b1|16384|1|1|1|4|0.031712|36.165965|0.032022|35.815878|1024.12
CHECK|avx512_c02_t04|throughput|n32768_b1|32768|1|1|1|4|2.09355397e-07|5.49527672e-07|1.00000000e-04|PASS
[run ] n32768_b1        | Len:  32768 | Batch:     1 | Thr: 4 | Fwd:    0.0654 ms    37.59 GF/s (iters:1228) | Bwd:    0.0653 ms    37.65 GF/s (iters:1192) | Slots:2048 | Mem:1024.25 MB
RESULT|avx512_c02_t04|throughput|n32768_b1|32768|1|1|1|4|0.065384|37.587323|0.065284|37.645024|1024.25
CHECK|avx512_c02_t04|throughput|n65536_b1|65536|1|1|1|4|2.01306545e-07|6.13667377e-07|1.00000000e-04|PASS
[run ] n65536_b1        | Len:  65536 | Batch:     1 | Thr: 4 | Fwd:    0.1363 ms    38.46 GF/s (iters:557) | Bwd:    0.1388 ms    37.79 GF/s (iters:568) | Slots:1024 | Mem:1024.50 MB
RESULT|avx512_c02_t04|throughput|n65536_b1|65536|1|1|1|4|0.136321|38.459900|0.138754|37.785342|1024.50
CHECK|avx512_c02_t04|throughput|n131072_b1|131072|1|1|1|4|2.14457557e-07|6.97654480e-07|1.00000000e-04|PASS
[run ] n131072_b1       | Len: 131072 | Batch:     1 | Thr: 4 | Fwd:    0.2950 ms    37.77 GF/s (iters:277) | Bwd:    0.3036 ms    36.69 GF/s (iters:270) | Slots:512 | Mem:1025.00 MB
RESULT|avx512_c02_t04|throughput|n131072_b1|131072|1|1|1|4|0.294977|37.769501|0.303644|36.691442|1025.00
CHECK|avx512_c02_t04|throughput|n262144_b1|262144|1|1|1|4|2.13310155e-07|6.97654480e-07|1.00000000e-04|PASS
[run ] n262144_b1       | Len: 262144 | Batch:     1 | Thr: 4 | Fwd:    0.7211 ms    32.72 GF/s (iters:111) | Bwd:    0.7180 ms    32.86 GF/s (iters:108) | Slots:256 | Mem:1026.00 MB
RESULT|avx512_c02_t04|throughput|n262144_b1|262144|1|1|1|4|0.721063|32.719710|0.718001|32.859245|1026.00
CHECK|avx512_c02_t04|throughput|n524288_b1|524288|1|1|1|4|2.25376377e-07|8.86086747e-07|1.00000000e-04|PASS
[run ] n524288_b1       | Len: 524288 | Batch:     1 | Thr: 4 | Fwd:    1.5819 ms    31.49 GF/s (iters:50) | Bwd:    1.6050 ms    31.03 GF/s (iters:52) | Slots:128 | Mem:1028.00 MB
RESULT|avx512_c02_t04|throughput|n524288_b1|524288|1|1|1|4|1.581926|31.485261|1.604951|31.033574|1028.00
CHECK|avx512_c02_t04|throughput|n1048576_b1|1048576|1|1|1|4|2.21522234e-07|7.20205663e-07|1.00000000e-04|PASS
[run ] n1048576_b1      | Len:1048576 | Batch:     1 | Thr: 4 | Fwd:    3.4005 ms    30.84 GF/s (iters:23) | Bwd:    3.3563 ms    31.24 GF/s (iters:23) | Slots: 64 | Mem:1032.00 MB
RESULT|avx512_c02_t04|throughput|n1048576_b1|1048576|1|1|1|4|3.400512|30.835827|3.356264|31.242356|1032.00
CHECK|avx512_c02_t04|throughput|n2097152_b1|2097152|1|1|1|4|2.36765642e-07|8.10710818e-07|1.00000000e-04|PASS
[run ] n2097152_b1      | Len:2097152 | Batch:     1 | Thr: 4 | Fwd:    7.4847 ms    29.42 GF/s (iters:20) | Bwd:    7.0709 ms    31.14 GF/s (iters:20) | Slots: 64 | Mem:2064.00 MB
RESULT|avx512_c02_t04|throughput|n2097152_b1|2097152|1|1|1|4|7.484683|29.420213|7.070883|31.141933|2064.00
CHECK|avx512_c02_t04|throughput|n4194304_b1|4194304|1|1|1|4|2.25452393e-07|7.63311891e-07|1.00000000e-04|PASS
[run ] n4194304_b1      | Len:4194304 | Batch:     1 | Thr: 4 | Fwd:   16.2962 ms    28.31 GF/s (iters:20) | Bwd:   16.0978 ms    28.66 GF/s (iters:20) | Slots: 47 | Mem:3040.00 MB
RESULT|avx512_c02_t04|throughput|n4194304_b1|4194304|1|1|1|4|16.296225|28.311676|16.097785|28.660678|3040.00

Benchmark workload complete.

[DONE] avx512_c02_t04

============================================================
RUN PROFILE: avx512_c03_t03
Description : MKL AVX-512 pinned to 3 core(s), 3 thread(s)
ISA         : AVX512
Cores       : 3
Threads/core: 1
Threads     : 3
CPU set     : 0,1,2
Workload    : throughput
============================================================
PROFILE|avx512_c03_t03|MKL AVX-512 pinned to 3 core(s), 3 thread(s)|AVX512|3|throughput|2,4,8,16,32,64,128,256,512,1024,2048,4096,8192,16384,32768,65536,131072,262144,524288,1048576,2097152,4194304|1|1,10,20|4194304|1024|10|3|1|0,1,2

############################################################
# FFT BENCHMARK (Intel oneMKL DFTI, 1D, single precision)  #
############################################################
profile_id       : avx512_c03_t03
profile_desc     : MKL AVX-512 pinned to 3 core(s), 3 thread(s)
workload         : throughput
threads(cli)     : 3
mkl max threads  : 3
timed runs       : 20
warmup runs      : 5
min total ms     : 75.0
max adapt iters  : 100000000
validate         : 1
validate tol     : 1.000e-04
validate strict  : 1
stream mode      : 1
stream target MB : 1024.0
stream min slots : 64
stream max slots : 32768
mem cap (MB)     : 3072.0
lengths: 2,4,8,16,32,64,128,256,512,1024,2048,4096,8192,16384,32768,65536,131072,262144,524288,1048576,2097152,4194304
batches: 1
thread_set: 1,2,4,8,10,20
batch_scale_set: 1,4,16,64,256
scale_length     : 16384
scale_batch      : 64
scale_threads    : 3


====================================================================
WORKLOAD: throughput (length x batch at fixed thread count)
====================================================================
threads=3
CHECK|avx512_c03_t03|throughput|n2_b1|2|1|1|1|3|1.14557866e-08|1.49011612e-08|1.00000000e-04|PASS
[run ] n2_b1            | Len:      2 | Batch:     1 | Thr: 3 | Fwd:    0.0000 ms     0.49 GF/s (iters:3716993) | Bwd:    0.0000 ms     0.48 GF/s (iters:3697319) | Slots:32768 | Mem:   1.00 MB
RESULT|avx512_c03_t03|throughput|n2_b1|2|1|1|1|3|0.000020|0.491077|0.000021|0.478915|1.00
CHECK|avx512_c03_t03|throughput|n4_b1|4|1|1|1|3|4.49494167e-08|5.96046448e-08|1.00000000e-04|PASS
[run ] n4_b1            | Len:      4 | Batch:     1 | Thr: 3 | Fwd:    0.0000 ms     1.69 GF/s (iters:3172157) | Bwd:    0.0000 ms     1.73 GF/s (iters:3242136) | Slots:32768 | Mem:   2.00 MB
RESULT|avx512_c03_t03|throughput|n4_b1|4|1|1|1|3|0.000024|1.691486|0.000023|1.725848|2.00
CHECK|avx512_c03_t03|throughput|n8_b1|8|1|1|1|3|6.88878659e-08|1.33280037e-07|1.00000000e-04|PASS
[run ] n8_b1            | Len:      8 | Batch:     1 | Thr: 3 | Fwd:    0.0000 ms     5.61 GF/s (iters:3533537) | Bwd:    0.0000 ms     5.55 GF/s (iters:3478182) | Slots:32768 | Mem:   4.00 MB
RESULT|avx512_c03_t03|throughput|n8_b1|8|1|1|1|3|0.000021|5.611692|0.000022|5.547631|4.00
CHECK|avx512_c03_t03|throughput|n16_b1|16|1|1|1|3|8.06080983e-08|1.33280037e-07|1.00000000e-04|PASS
[run ] n16_b1           | Len:     16 | Batch:     1 | Thr: 3 | Fwd:    0.0000 ms    14.39 GF/s (iters:3406190) | Bwd:    0.0000 ms    14.69 GF/s (iters:3480065) | Slots:32768 | Mem:   8.00 MB
RESULT|avx512_c03_t03|throughput|n16_b1|16|1|1|1|3|0.000022|14.386761|0.000022|14.686329|8.00
CHECK|avx512_c03_t03|throughput|n32_b1|32|1|1|1|3|9.37525156e-08|1.33280037e-07|1.00000000e-04|PASS
[run ] n32_b1           | Len:     32 | Batch:     1 | Thr: 3 | Fwd:    0.0000 ms    18.62 GF/s (iters:1829978) | Bwd:    0.0000 ms    18.35 GF/s (iters:1820347) | Slots:32768 | Mem:  16.00 MB
RESULT|avx512_c03_t03|throughput|n32_b1|32|1|1|1|3|0.000043|18.624538|0.000044|18.347439|16.00
CHECK|avx512_c03_t03|throughput|n64_b1|64|1|1|1|3|1.04453060e-07|1.49011612e-07|1.00000000e-04|PASS
[run ] n64_b1           | Len:     64 | Batch:     1 | Thr: 3 | Fwd:    0.0001 ms    26.23 GF/s (iters:1030169) | Bwd:    0.0001 ms    27.70 GF/s (iters:1097427) | Slots:32768 | Mem:  32.00 MB
RESULT|avx512_c03_t03|throughput|n64_b1|64|1|1|1|3|0.000073|26.230774|0.000069|27.704908|32.00
CHECK|avx512_c03_t03|throughput|n128_b1|128|1|1|1|3|1.14162990e-07|2.02677705e-07|1.00000000e-04|PASS
[run ] n128_b1          | Len:    128 | Batch:     1 | Thr: 3 | Fwd:    0.0002 ms    28.74 GF/s (iters:481791) | Bwd:    0.0002 ms    27.37 GF/s (iters:621440) | Slots:32768 | Mem:  64.00 MB
RESULT|avx512_c03_t03|throughput|n128_b1|128|1|1|1|3|0.000156|28.741220|0.000164|27.368888|64.00
CHECK|avx512_c03_t03|throughput|n256_b1|256|1|1|1|3|1.20880689e-07|2.14907603e-07|1.00000000e-04|PASS
[run ] n256_b1          | Len:    256 | Batch:     1 | Thr: 3 | Fwd:    0.0004 ms    23.00 GF/s (iters:170678) | Bwd:    0.0004 ms    22.95 GF/s (iters:229014) | Slots:32768 | Mem: 128.00 MB
RESULT|avx512_c03_t03|throughput|n256_b1|256|1|1|1|3|0.000445|23.003254|0.000446|22.950626|128.00
CHECK|avx512_c03_t03|throughput|n512_b1|512|1|1|1|3|1.15796630e-07|2.71920675e-07|1.00000000e-04|PASS
[run ] n512_b1          | Len:    512 | Batch:     1 | Thr: 3 | Fwd:    0.0010 ms    23.73 GF/s (iters:80425) | Bwd:    0.0010 ms    23.54 GF/s (iters:87280) | Slots:32768 | Mem: 256.00 MB
RESULT|avx512_c03_t03|throughput|n512_b1|512|1|1|1|3|0.000971|23.733528|0.000979|23.539996|256.00
CHECK|avx512_c03_t03|throughput|n1024_b1|1024|1|1|1|3|1.24276207e-07|2.52881091e-07|1.00000000e-04|PASS
[run ] n1024_b1         | Len:   1024 | Batch:     1 | Thr: 3 | Fwd:    0.0018 ms    28.10 GF/s (iters:42840) | Bwd:    0.0019 ms    27.58 GF/s (iters:48891) | Slots:32768 | Mem: 512.01 MB
RESULT|avx512_c03_t03|throughput|n1024_b1|1024|1|1|1|3|0.001822|28.098461|0.001857|27.577562|512.01
CHECK|avx512_c03_t03|throughput|n2048_b1|2048|1|1|1|3|1.45184027e-07|3.37174788e-07|1.00000000e-04|PASS
[run ] n2048_b1         | Len:   2048 | Batch:     1 | Thr: 3 | Fwd:    0.0038 ms    29.53 GF/s (iters:21879) | Bwd:    0.0039 ms    29.12 GF/s (iters:25168) | Slots:32768 | Mem:1024.02 MB
RESULT|avx512_c03_t03|throughput|n2048_b1|2048|1|1|1|3|0.003815|29.528888|0.003868|29.121967|1024.02
CHECK|avx512_c03_t03|throughput|n4096_b1|4096|1|1|1|3|1.45690048e-07|3.20980835e-07|1.00000000e-04|PASS
[run ] n4096_b1         | Len:   4096 | Batch:     1 | Thr: 3 | Fwd:    0.0069 ms    35.38 GF/s (iters:12357) | Bwd:    0.0070 ms    35.22 GF/s (iters:11682) | Slots:16384 | Mem:1024.03 MB
RESULT|avx512_c03_t03|throughput|n4096_b1|4096|1|1|1|3|0.006947|35.375627|0.006978|35.217550|1024.03
CHECK|avx512_c03_t03|throughput|n8192_b1|8192|1|1|1|3|1.89483007e-07|5.41591103e-07|1.00000000e-04|PASS
[run ] n8192_b1         | Len:   8192 | Batch:     1 | Thr: 3 | Fwd:    0.0140 ms    38.01 GF/s (iters:5374) | Bwd:    0.0153 ms    34.84 GF/s (iters:5686) | Slots:8192 | Mem:1024.06 MB
RESULT|avx512_c03_t03|throughput|n8192_b1|8192|1|1|1|3|0.014010|38.006975|0.015286|34.835577|1024.06
CHECK|avx512_c03_t03|throughput|n16384_b1|16384|1|1|1|3|1.95270107e-07|5.37269007e-07|1.00000000e-04|PASS
[run ] n16384_b1        | Len:  16384 | Batch:     1 | Thr: 3 | Fwd:    0.0266 ms    43.04 GF/s (iters:2984) | Bwd:    0.0266 ms    43.17 GF/s (iters:2996) | Slots:4096 | Mem:1024.12 MB
RESULT|avx512_c03_t03|throughput|n16384_b1|16384|1|1|1|3|0.026644|43.044193|0.026567|43.169073|1024.12
CHECK|avx512_c03_t03|throughput|n32768_b1|32768|1|1|1|3|2.09355397e-07|5.49527672e-07|1.00000000e-04|PASS
[run ] n32768_b1        | Len:  32768 | Batch:     1 | Thr: 3 | Fwd:    0.0539 ms    45.61 GF/s (iters:1562) | Bwd:    0.0547 ms    44.93 GF/s (iters:1402) | Slots:2048 | Mem:1024.25 MB
RESULT|avx512_c03_t03|throughput|n32768_b1|32768|1|1|1|3|0.053886|45.607530|0.054694|44.933285|1024.25
CHECK|avx512_c03_t03|throughput|n65536_b1|65536|1|1|1|3|2.01306545e-07|6.13667377e-07|1.00000000e-04|PASS
[run ] n65536_b1        | Len:  65536 | Batch:     1 | Thr: 3 | Fwd:    0.1111 ms    47.18 GF/s (iters:743) | Bwd:    0.1080 ms    48.53 GF/s (iters:712) | Slots:1024 | Mem:1024.50 MB
RESULT|avx512_c03_t03|throughput|n65536_b1|65536|1|1|1|3|0.111129|47.178484|0.108037|48.528486|1024.50
CHECK|avx512_c03_t03|throughput|n131072_b1|131072|1|1|1|3|2.14457557e-07|6.97654480e-07|1.00000000e-04|PASS
[run ] n131072_b1       | Len: 131072 | Batch:     1 | Thr: 3 | Fwd:    0.2228 ms    50.02 GF/s (iters:349) | Bwd:    0.2203 ms    50.58 GF/s (iters:348) | Slots:512 | Mem:1025.00 MB
RESULT|avx512_c03_t03|throughput|n131072_b1|131072|1|1|1|3|0.222753|50.015487|0.220265|50.580531|1025.00
CHECK|avx512_c03_t03|throughput|n262144_b1|262144|1|1|1|3|2.13310155e-07|6.97654480e-07|1.00000000e-04|PASS
[run ] n262144_b1       | Len: 262144 | Batch:     1 | Thr: 3 | Fwd:    0.5067 ms    46.56 GF/s (iters:154) | Bwd:    0.5054 ms    46.68 GF/s (iters:152) | Slots:256 | Mem:1026.00 MB
RESULT|avx512_c03_t03|throughput|n262144_b1|262144|1|1|1|3|0.506745|46.557822|0.505424|46.679565|1026.00
CHECK|avx512_c03_t03|throughput|n524288_b1|524288|1|1|1|3|2.25376377e-07|8.86086747e-07|1.00000000e-04|PASS
[run ] n524288_b1       | Len: 524288 | Batch:     1 | Thr: 3 | Fwd:    1.0578 ms    47.09 GF/s (iters:73) | Bwd:    1.0648 ms    46.78 GF/s (iters:73) | Slots:128 | Mem:1028.00 MB
RESULT|avx512_c03_t03|throughput|n524288_b1|524288|1|1|1|3|1.057763|47.087456|1.064751|46.778426|1028.00
CHECK|avx512_c03_t03|throughput|n1048576_b1|1048576|1|1|1|3|2.21522234e-07|7.20205663e-07|1.00000000e-04|PASS
[run ] n1048576_b1      | Len:1048576 | Batch:     1 | Thr: 3 | Fwd:    2.3578 ms    44.47 GF/s (iters:32) | Bwd:    2.3778 ms    44.10 GF/s (iters:32) | Slots: 64 | Mem:1032.00 MB
RESULT|avx512_c03_t03|throughput|n1048576_b1|1048576|1|1|1|3|2.357798|44.472682|2.377787|44.098820|1032.00
CHECK|avx512_c03_t03|throughput|n2097152_b1|2097152|1|1|1|3|2.36765642e-07|8.10710818e-07|1.00000000e-04|PASS
[run ] n2097152_b1      | Len:2097152 | Batch:     1 | Thr: 3 | Fwd:    5.4143 ms    40.67 GF/s (iters:20) | Bwd:    5.6242 ms    39.15 GF/s (iters:20) | Slots: 64 | Mem:2064.00 MB
RESULT|avx512_c03_t03|throughput|n2097152_b1|2097152|1|1|1|3|5.414261|40.670551|5.624167|39.152633|2064.00
CHECK|avx512_c03_t03|throughput|n4194304_b1|4194304|1|1|1|3|2.25452393e-07|7.63311891e-07|1.00000000e-04|PASS
[run ] n4194304_b1      | Len:4194304 | Batch:     1 | Thr: 3 | Fwd:   16.6860 ms    27.65 GF/s (iters:20) | Bwd:   16.6765 ms    27.67 GF/s (iters:20) | Slots: 47 | Mem:3040.00 MB
RESULT|avx512_c03_t03|throughput|n4194304_b1|4194304|1|1|1|3|16.685956|27.650404|16.676484|27.666109|3040.00

Benchmark workload complete.

[DONE] avx512_c03_t03

============================================================
RUN PROFILE: avx512_c03_t06
Description : MKL AVX-512 pinned to 3 core(s), 6 thread(s)
ISA         : AVX512
Cores       : 3
Threads/core: 2
Threads     : 6
CPU set     : 0,1,2,10,11,12
Workload    : throughput
============================================================
PROFILE|avx512_c03_t06|MKL AVX-512 pinned to 3 core(s), 6 thread(s)|AVX512|6|throughput|2,4,8,16,32,64,128,256,512,1024,2048,4096,8192,16384,32768,65536,131072,262144,524288,1048576,2097152,4194304|1|1,10,20|4194304|1024|10|3|2|0,1,2,10,11,12

############################################################
# FFT BENCHMARK (Intel oneMKL DFTI, 1D, single precision)  #
############################################################
profile_id       : avx512_c03_t06
profile_desc     : MKL AVX-512 pinned to 3 core(s), 6 thread(s)
workload         : throughput
threads(cli)     : 6
mkl max threads  : 6
timed runs       : 20
warmup runs      : 5
min total ms     : 75.0
max adapt iters  : 100000000
validate         : 1
validate tol     : 1.000e-04
validate strict  : 1
stream mode      : 1
stream target MB : 1024.0
stream min slots : 64
stream max slots : 32768
mem cap (MB)     : 3072.0
lengths: 2,4,8,16,32,64,128,256,512,1024,2048,4096,8192,16384,32768,65536,131072,262144,524288,1048576,2097152,4194304
batches: 1
thread_set: 1,2,4,8,10,20
batch_scale_set: 1,4,16,64,256
scale_length     : 16384
scale_batch      : 64
scale_threads    : 6


====================================================================
WORKLOAD: throughput (length x batch at fixed thread count)
====================================================================
threads=6
CHECK|avx512_c03_t06|throughput|n2_b1|2|1|1|1|6|1.14557866e-08|1.49011612e-08|1.00000000e-04|PASS
[run ] n2_b1            | Len:      2 | Batch:     1 | Thr: 6 | Fwd:    0.0000 ms     0.50 GF/s (iters:3930648) | Bwd:    0.0000 ms     0.51 GF/s (iters:3849043) | Slots:32768 | Mem:   1.00 MB
RESULT|avx512_c03_t06|throughput|n2_b1|2|1|1|1|6|0.000020|0.504017|0.000020|0.505215|1.00
CHECK|avx512_c03_t06|throughput|n4_b1|4|1|1|1|6|4.49494167e-08|5.96046448e-08|1.00000000e-04|PASS
[run ] n4_b1            | Len:      4 | Batch:     1 | Thr: 6 | Fwd:    0.0000 ms     1.75 GF/s (iters:3288543) | Bwd:    0.0000 ms     1.72 GF/s (iters:3287101) | Slots:32768 | Mem:   2.00 MB
RESULT|avx512_c03_t06|throughput|n4_b1|4|1|1|1|6|0.000023|1.753864|0.000023|1.720113|2.00
CHECK|avx512_c03_t06|throughput|n8_b1|8|1|1|1|6|6.88878659e-08|1.33280037e-07|1.00000000e-04|PASS
[run ] n8_b1            | Len:      8 | Batch:     1 | Thr: 6 | Fwd:    0.0000 ms     5.67 GF/s (iters:3568995) | Bwd:    0.0000 ms     5.70 GF/s (iters:3632738) | Slots:32768 | Mem:   4.00 MB
RESULT|avx512_c03_t06|throughput|n8_b1|8|1|1|1|6|0.000021|5.665081|0.000021|5.703359|4.00
CHECK|avx512_c03_t06|throughput|n16_b1|16|1|1|1|6|8.06080983e-08|1.33280037e-07|1.00000000e-04|PASS
[run ] n16_b1           | Len:     16 | Batch:     1 | Thr: 6 | Fwd:    0.0000 ms    14.55 GF/s (iters:3535362) | Bwd:    0.0000 ms    14.85 GF/s (iters:3521822) | Slots:32768 | Mem:   8.00 MB
RESULT|avx512_c03_t06|throughput|n16_b1|16|1|1|1|6|0.000022|14.550024|0.000022|14.846558|8.00
CHECK|avx512_c03_t06|throughput|n32_b1|32|1|1|1|6|9.37525156e-08|1.33280037e-07|1.00000000e-04|PASS
[run ] n32_b1           | Len:     32 | Batch:     1 | Thr: 6 | Fwd:    0.0000 ms    19.56 GF/s (iters:1966291) | Bwd:    0.0000 ms    20.70 GF/s (iters:1945696) | Slots:32768 | Mem:  16.00 MB
RESULT|avx512_c03_t06|throughput|n32_b1|32|1|1|1|6|0.000041|19.557400|0.000039|20.698419|16.00
CHECK|avx512_c03_t06|throughput|n64_b1|64|1|1|1|6|1.04453060e-07|1.49011612e-07|1.00000000e-04|PASS
[run ] n64_b1           | Len:     64 | Batch:     1 | Thr: 6 | Fwd:    0.0001 ms    27.11 GF/s (iters:1074192) | Bwd:    0.0001 ms    26.10 GF/s (iters:1241409) | Slots:32768 | Mem:  32.00 MB
RESULT|avx512_c03_t06|throughput|n64_b1|64|1|1|1|6|0.000071|27.111000|0.000074|26.095867|32.00
CHECK|avx512_c03_t06|throughput|n128_b1|128|1|1|1|6|1.14162990e-07|2.02677705e-07|1.00000000e-04|PASS
[run ] n128_b1          | Len:    128 | Batch:     1 | Thr: 6 | Fwd:    0.0002 ms    29.12 GF/s (iters:491021) | Bwd:    0.0002 ms    28.82 GF/s (iters:630407) | Slots:32768 | Mem:  64.00 MB
RESULT|avx512_c03_t06|throughput|n128_b1|128|1|1|1|6|0.000154|29.123934|0.000155|28.824199|64.00
CHECK|avx512_c03_t06|throughput|n256_b1|256|1|1|1|6|1.20880689e-07|2.14907603e-07|1.00000000e-04|PASS
[run ] n256_b1          | Len:    256 | Batch:     1 | Thr: 6 | Fwd:    0.0004 ms    23.35 GF/s (iters:172767) | Bwd:    0.0004 ms    22.88 GF/s (iters:218211) | Slots:32768 | Mem: 128.00 MB
RESULT|avx512_c03_t06|throughput|n256_b1|256|1|1|1|6|0.000439|23.345054|0.000447|22.883647|128.00
CHECK|avx512_c03_t06|throughput|n512_b1|512|1|1|1|6|1.15796630e-07|2.71920675e-07|1.00000000e-04|PASS
[run ] n512_b1          | Len:    512 | Batch:     1 | Thr: 6 | Fwd:    0.0010 ms    23.90 GF/s (iters:77916) | Bwd:    0.0010 ms    23.49 GF/s (iters:98526) | Slots:32768 | Mem: 256.00 MB
RESULT|avx512_c03_t06|throughput|n512_b1|512|1|1|1|6|0.000964|23.901994|0.000981|23.486623|256.00
CHECK|avx512_c03_t06|throughput|n1024_b1|1024|1|1|1|6|1.24276207e-07|2.52881091e-07|1.00000000e-04|PASS
[run ] n1024_b1         | Len:   1024 | Batch:     1 | Thr: 6 | Fwd:    0.0018 ms    28.12 GF/s (iters:48567) | Bwd:    0.0018 ms    28.50 GF/s (iters:51166) | Slots:32768 | Mem: 512.01 MB
RESULT|avx512_c03_t06|throughput|n1024_b1|1024|1|1|1|6|0.001821|28.115281|0.001796|28.500000|512.01
CHECK|avx512_c03_t06|throughput|n2048_b1|2048|1|1|1|6|1.45184027e-07|3.37174788e-07|1.00000000e-04|PASS
[run ] n2048_b1         | Len:   2048 | Batch:     1 | Thr: 6 | Fwd:    0.0038 ms    29.62 GF/s (iters:19895) | Bwd:    0.0038 ms    29.79 GF/s (iters:24451) | Slots:32768 | Mem:1024.02 MB
RESULT|avx512_c03_t06|throughput|n2048_b1|2048|1|1|1|6|0.003803|29.620948|0.003781|29.789553|1024.02
CHECK|avx512_c03_t06|throughput|n4096_b1|4096|1|1|1|6|1.45690048e-07|3.20980835e-07|1.00000000e-04|PASS
[run ] n4096_b1         | Len:   4096 | Batch:     1 | Thr: 6 | Fwd:    0.0066 ms    37.09 GF/s (iters:11330) | Bwd:    0.0070 ms    35.33 GF/s (iters:12667) | Slots:16384 | Mem:1024.03 MB
RESULT|avx512_c03_t06|throughput|n4096_b1|4096|1|1|1|6|0.006626|37.091571|0.006957|35.325378|1024.03
CHECK|avx512_c03_t06|throughput|n8192_b1|8192|1|1|1|6|1.89483007e-07|5.41591103e-07|1.00000000e-04|PASS
[run ] n8192_b1         | Len:   8192 | Batch:     1 | Thr: 6 | Fwd:    0.0161 ms    33.04 GF/s (iters:4754) | Bwd:    0.0161 ms    33.10 GF/s (iters:4956) | Slots:8192 | Mem:1024.06 MB
RESULT|avx512_c03_t06|throughput|n8192_b1|8192|1|1|1|6|0.016117|33.039318|0.016086|33.102712|1024.06
CHECK|avx512_c03_t06|throughput|n16384_b1|16384|1|1|1|6|1.95270107e-07|5.37269007e-07|1.00000000e-04|PASS
[run ] n16384_b1        | Len:  16384 | Batch:     1 | Thr: 6 | Fwd:    0.0256 ms    44.84 GF/s (iters:2987) | Bwd:    0.0254 ms    45.23 GF/s (iters:3128) | Slots:4096 | Mem:1024.12 MB
RESULT|avx512_c03_t06|throughput|n16384_b1|16384|1|1|1|6|0.025576|44.841855|0.025359|45.225119|1024.12
CHECK|avx512_c03_t06|throughput|n32768_b1|32768|1|1|1|6|2.09355397e-07|5.49527672e-07|1.00000000e-04|PASS
[run ] n32768_b1        | Len:  32768 | Batch:     1 | Thr: 6 | Fwd:    0.0531 ms    46.31 GF/s (iters:1481) | Bwd:    0.0523 ms    47.01 GF/s (iters:1445) | Slots:2048 | Mem:1024.25 MB
RESULT|avx512_c03_t06|throughput|n32768_b1|32768|1|1|1|6|0.053066|46.312455|0.052277|47.011145|1024.25
CHECK|avx512_c03_t06|throughput|n65536_b1|65536|1|1|1|6|2.01306545e-07|6.13667377e-07|1.00000000e-04|PASS
[run ] n65536_b1        | Len:  65536 | Batch:     1 | Thr: 6 | Fwd:    0.1082 ms    48.44 GF/s (iters:701) | Bwd:    0.1090 ms    48.11 GF/s (iters:705) | Slots:1024 | Mem:1024.50 MB
RESULT|avx512_c03_t06|throughput|n65536_b1|65536|1|1|1|6|0.108226|48.443807|0.108969|48.113546|1024.50
CHECK|avx512_c03_t06|throughput|n131072_b1|131072|1|1|1|6|2.14457557e-07|6.97654480e-07|1.00000000e-04|PASS
[run ] n131072_b1       | Len: 131072 | Batch:     1 | Thr: 6 | Fwd:    0.2118 ms    52.59 GF/s (iters:375) | Bwd:    0.2137 ms    52.14 GF/s (iters:368) | Slots:512 | Mem:1025.00 MB
RESULT|avx512_c03_t06|throughput|n131072_b1|131072|1|1|1|6|0.211831|52.594335|0.213691|52.136488|1025.00
CHECK|avx512_c03_t06|throughput|n262144_b1|262144|1|1|1|6|2.13310155e-07|6.97654480e-07|1.00000000e-04|PASS
[run ] n262144_b1       | Len: 262144 | Batch:     1 | Thr: 6 | Fwd:    0.4308 ms    54.77 GF/s (iters:182) | Bwd:    0.4356 ms    54.16 GF/s (iters:182) | Slots:256 | Mem:1026.00 MB
RESULT|avx512_c03_t06|throughput|n262144_b1|262144|1|1|1|6|0.430770|54.769224|0.435649|54.155906|1026.00
CHECK|avx512_c03_t06|throughput|n524288_b1|524288|1|1|1|6|2.25376377e-07|8.86086747e-07|1.00000000e-04|PASS
[run ] n524288_b1       | Len: 524288 | Batch:     1 | Thr: 6 | Fwd:    0.9821 ms    50.71 GF/s (iters:80) | Bwd:    0.9670 ms    51.51 GF/s (iters:78) | Slots:128 | Mem:1028.00 MB
RESULT|avx512_c03_t06|throughput|n524288_b1|524288|1|1|1|6|0.982124|50.713930|0.967023|51.505875|1028.00
CHECK|avx512_c03_t06|throughput|n1048576_b1|1048576|1|1|1|6|2.21522234e-07|7.20205663e-07|1.00000000e-04|PASS
[run ] n1048576_b1      | Len:1048576 | Batch:     1 | Thr: 6 | Fwd:    2.0980 ms    49.98 GF/s (iters:37) | Bwd:    2.1365 ms    49.08 GF/s (iters:37) | Slots: 64 | Mem:1032.00 MB
RESULT|avx512_c03_t06|throughput|n1048576_b1|1048576|1|1|1|6|2.097970|49.980510|2.136486|49.079464|1032.00
CHECK|avx512_c03_t06|throughput|n2097152_b1|2097152|1|1|1|6|2.36765642e-07|8.10710818e-07|1.00000000e-04|PASS
[run ] n2097152_b1      | Len:2097152 | Batch:     1 | Thr: 6 | Fwd:    4.4048 ms    49.99 GF/s (iters:20) | Bwd:    4.4403 ms    49.59 GF/s (iters:20) | Slots: 64 | Mem:2064.00 MB
RESULT|avx512_c03_t06|throughput|n2097152_b1|2097152|1|1|1|6|4.404751|49.991698|4.440348|49.590924|2064.00
CHECK|avx512_c03_t06|throughput|n4194304_b1|4194304|1|1|1|6|2.25452393e-07|7.63311891e-07|1.00000000e-04|PASS
[run ] n4194304_b1      | Len:4194304 | Batch:     1 | Thr: 6 | Fwd:    9.9977 ms    46.15 GF/s (iters:20) | Bwd:    9.9093 ms    46.56 GF/s (iters:20) | Slots: 47 | Mem:3040.00 MB
RESULT|avx512_c03_t06|throughput|n4194304_b1|4194304|1|1|1|6|9.997660|46.148145|9.909273|46.559767|3040.00

Benchmark workload complete.

[DONE] avx512_c03_t06

============================================================
RUN PROFILE: avx512_c04_t04
Description : MKL AVX-512 pinned to 4 core(s), 4 thread(s)
ISA         : AVX512
Cores       : 4
Threads/core: 1
Threads     : 4
CPU set     : 0,1,2,3
Workload    : throughput
============================================================
PROFILE|avx512_c04_t04|MKL AVX-512 pinned to 4 core(s), 4 thread(s)|AVX512|4|throughput|2,4,8,16,32,64,128,256,512,1024,2048,4096,8192,16384,32768,65536,131072,262144,524288,1048576,2097152,4194304|1|1,10,20|4194304|1024|10|4|1|0,1,2,3

############################################################
# FFT BENCHMARK (Intel oneMKL DFTI, 1D, single precision)  #
############################################################
profile_id       : avx512_c04_t04
profile_desc     : MKL AVX-512 pinned to 4 core(s), 4 thread(s)
workload         : throughput
threads(cli)     : 4
mkl max threads  : 4
timed runs       : 20
warmup runs      : 5
min total ms     : 75.0
max adapt iters  : 100000000
validate         : 1
validate tol     : 1.000e-04
validate strict  : 1
stream mode      : 1
stream target MB : 1024.0
stream min slots : 64
stream max slots : 32768
mem cap (MB)     : 3072.0
lengths: 2,4,8,16,32,64,128,256,512,1024,2048,4096,8192,16384,32768,65536,131072,262144,524288,1048576,2097152,4194304
batches: 1
thread_set: 1,2,4,8,10,20
batch_scale_set: 1,4,16,64,256
scale_length     : 16384
scale_batch      : 64
scale_threads    : 4


====================================================================
WORKLOAD: throughput (length x batch at fixed thread count)
====================================================================
threads=4
CHECK|avx512_c04_t04|throughput|n2_b1|2|1|1|1|4|1.14557866e-08|1.49011612e-08|1.00000000e-04|PASS
[run ] n2_b1            | Len:      2 | Batch:     1 | Thr: 4 | Fwd:    0.0000 ms     0.50 GF/s (iters:3729666) | Bwd:    0.0000 ms     0.50 GF/s (iters:3793754) | Slots:32768 | Mem:   1.00 MB
RESULT|avx512_c04_t04|throughput|n2_b1|2|1|1|1|4|0.000020|0.495890|0.000020|0.501853|1.00
CHECK|avx512_c04_t04|throughput|n4_b1|4|1|1|1|4|4.49494167e-08|5.96046448e-08|1.00000000e-04|PASS
[run ] n4_b1            | Len:      4 | Batch:     1 | Thr: 4 | Fwd:    0.0000 ms     1.66 GF/s (iters:3154730) | Bwd:    0.0000 ms     1.71 GF/s (iters:3264766) | Slots:32768 | Mem:   2.00 MB
RESULT|avx512_c04_t04|throughput|n4_b1|4|1|1|1|4|0.000024|1.655451|0.000023|1.712252|2.00
CHECK|avx512_c04_t04|throughput|n8_b1|8|1|1|1|4|6.88878659e-08|1.33280037e-07|1.00000000e-04|PASS
[run ] n8_b1            | Len:      8 | Batch:     1 | Thr: 4 | Fwd:    0.0000 ms     5.38 GF/s (iters:3381537) | Bwd:    0.0000 ms     5.50 GF/s (iters:3442098) | Slots:32768 | Mem:   4.00 MB
RESULT|avx512_c04_t04|throughput|n8_b1|8|1|1|1|4|0.000022|5.376172|0.000022|5.504862|4.00
CHECK|avx512_c04_t04|throughput|n16_b1|16|1|1|1|4|8.06080983e-08|1.33280037e-07|1.00000000e-04|PASS
[run ] n16_b1           | Len:     16 | Batch:     1 | Thr: 4 | Fwd:    0.0000 ms    15.07 GF/s (iters:3537851) | Bwd:    0.0000 ms    14.81 GF/s (iters:3503375) | Slots:32768 | Mem:   8.00 MB
RESULT|avx512_c04_t04|throughput|n16_b1|16|1|1|1|4|0.000021|15.074842|0.000022|14.807501|8.00
CHECK|avx512_c04_t04|throughput|n32_b1|32|1|1|1|4|9.37525156e-08|1.33280037e-07|1.00000000e-04|PASS
[run ] n32_b1           | Len:     32 | Batch:     1 | Thr: 4 | Fwd:    0.0000 ms    19.32 GF/s (iters:1858319) | Bwd:    0.0000 ms    21.09 GF/s (iters:1978903) | Slots:32768 | Mem:  16.00 MB
RESULT|avx512_c04_t04|throughput|n32_b1|32|1|1|1|4|0.000041|19.321359|0.000038|21.093140|16.00
CHECK|avx512_c04_t04|throughput|n64_b1|64|1|1|1|4|1.04453060e-07|1.49011612e-07|1.00000000e-04|PASS
[run ] n64_b1           | Len:     64 | Batch:     1 | Thr: 4 | Fwd:    0.0001 ms    27.10 GF/s (iters:1062501) | Bwd:    0.0001 ms    26.43 GF/s (iters:1075831) | Slots:32768 | Mem:  32.00 MB
RESULT|avx512_c04_t04|throughput|n64_b1|64|1|1|1|4|0.000071|27.098265|0.000073|26.431603|32.00
CHECK|avx512_c04_t04|throughput|n128_b1|128|1|1|1|4|1.14162990e-07|2.02677705e-07|1.00000000e-04|PASS
[run ] n128_b1          | Len:    128 | Batch:     1 | Thr: 4 | Fwd:    0.0002 ms    29.44 GF/s (iters:498329) | Bwd:    0.0002 ms    28.96 GF/s (iters:703428) | Slots:32768 | Mem:  64.00 MB
RESULT|avx512_c04_t04|throughput|n128_b1|128|1|1|1|4|0.000152|29.436136|0.000155|28.961663|64.00
CHECK|avx512_c04_t04|throughput|n256_b1|256|1|1|1|4|1.20880689e-07|2.14907603e-07|1.00000000e-04|PASS
[run ] n256_b1          | Len:    256 | Batch:     1 | Thr: 4 | Fwd:    0.0004 ms    23.04 GF/s (iters:177545) | Bwd:    0.0004 ms    23.18 GF/s (iters:207038) | Slots:32768 | Mem: 128.00 MB
RESULT|avx512_c04_t04|throughput|n256_b1|256|1|1|1|4|0.000444|23.037397|0.000442|23.181288|128.00
CHECK|avx512_c04_t04|throughput|n512_b1|512|1|1|1|4|1.15796630e-07|2.71920675e-07|1.00000000e-04|PASS
[run ] n512_b1          | Len:    512 | Batch:     1 | Thr: 4 | Fwd:    0.0010 ms    23.56 GF/s (iters:86679) | Bwd:    0.0010 ms    23.30 GF/s (iters:96277) | Slots:32768 | Mem: 256.00 MB
RESULT|avx512_c04_t04|throughput|n512_b1|512|1|1|1|4|0.000978|23.559163|0.000989|23.295822|256.00
CHECK|avx512_c04_t04|throughput|n1024_b1|1024|1|1|1|4|1.24276207e-07|2.52881091e-07|1.00000000e-04|PASS
[run ] n1024_b1         | Len:   1024 | Batch:     1 | Thr: 4 | Fwd:    0.0018 ms    28.67 GF/s (iters:48995) | Bwd:    0.0018 ms    28.56 GF/s (iters:49952) | Slots:32768 | Mem: 512.01 MB
RESULT|avx512_c04_t04|throughput|n1024_b1|1024|1|1|1|4|0.001786|28.674466|0.001793|28.562037|512.01
CHECK|avx512_c04_t04|throughput|n2048_b1|2048|1|1|1|4|1.45184027e-07|3.37174788e-07|1.00000000e-04|PASS
[run ] n2048_b1         | Len:   2048 | Batch:     1 | Thr: 4 | Fwd:    0.0038 ms    29.73 GF/s (iters:23749) | Bwd:    0.0038 ms    29.83 GF/s (iters:19914) | Slots:32768 | Mem:1024.02 MB
RESULT|avx512_c04_t04|throughput|n2048_b1|2048|1|1|1|4|0.003789|29.732026|0.003776|29.834070|1024.02
CHECK|avx512_c04_t04|throughput|n4096_b1|4096|1|1|1|4|1.45690048e-07|3.20980835e-07|1.00000000e-04|PASS
[run ] n4096_b1         | Len:   4096 | Batch:     1 | Thr: 4 | Fwd:    0.0069 ms    35.41 GF/s (iters:12917) | Bwd:    0.0070 ms    35.28 GF/s (iters:12676) | Slots:16384 | Mem:1024.03 MB
RESULT|avx512_c04_t04|throughput|n4096_b1|4096|1|1|1|4|0.006940|35.411154|0.006965|35.282733|1024.03
CHECK|avx512_c04_t04|throughput|n8192_b1|8192|1|1|1|4|1.89483007e-07|5.41591103e-07|1.00000000e-04|PASS
[run ] n8192_b1         | Len:   8192 | Batch:     1 | Thr: 4 | Fwd:    0.0120 ms    44.33 GF/s (iters:6488) | Bwd:    0.0119 ms    44.80 GF/s (iters:7077) | Slots:8192 | Mem:1024.06 MB
RESULT|avx512_c04_t04|throughput|n8192_b1|8192|1|1|1|4|0.012011|44.333786|0.011884|44.804962|1024.06
CHECK|avx512_c04_t04|throughput|n16384_b1|16384|1|1|1|4|1.95270107e-07|5.37269007e-07|1.00000000e-04|PASS
[run ] n16384_b1        | Len:  16384 | Batch:     1 | Thr: 4 | Fwd:    0.0215 ms    53.23 GF/s (iters:3725) | Bwd:    0.0218 ms    52.65 GF/s (iters:3803) | Slots:4096 | Mem:1024.12 MB
RESULT|avx512_c04_t04|throughput|n16384_b1|16384|1|1|1|4|0.021546|53.228613|0.021785|52.645989|1024.12
CHECK|avx512_c04_t04|throughput|n32768_b1|32768|1|1|1|4|2.09355397e-07|5.49527672e-07|1.00000000e-04|PASS
[run ] n32768_b1        | Len:  32768 | Batch:     1 | Thr: 4 | Fwd:    0.0411 ms    59.77 GF/s (iters:1892) | Bwd:    0.0413 ms    59.45 GF/s (iters:2009) | Slots:2048 | Mem:1024.25 MB
RESULT|avx512_c04_t04|throughput|n32768_b1|32768|1|1|1|4|0.041119|59.767522|0.041340|59.448232|1024.25
CHECK|avx512_c04_t04|throughput|n65536_b1|65536|1|1|1|4|2.01306545e-07|6.13667377e-07|1.00000000e-04|PASS
[run ] n65536_b1        | Len:  65536 | Batch:     1 | Thr: 4 | Fwd:    0.0887 ms    59.13 GF/s (iters:903) | Bwd:    0.0894 ms    58.65 GF/s (iters:892) | Slots:1024 | Mem:1024.50 MB
RESULT|avx512_c04_t04|throughput|n65536_b1|65536|1|1|1|4|0.088673|59.125933|0.089393|58.649564|1024.50
CHECK|avx512_c04_t04|throughput|n131072_b1|131072|1|1|1|4|2.14457557e-07|6.97654480e-07|1.00000000e-04|PASS
[run ] n131072_b1       | Len: 131072 | Batch:     1 | Thr: 4 | Fwd:    0.1965 ms    56.68 GF/s (iters:429) | Bwd:    0.1954 ms    57.03 GF/s (iters:392) | Slots:512 | Mem:1025.00 MB
RESULT|avx512_c04_t04|throughput|n131072_b1|131072|1|1|1|4|0.196550|56.683436|0.195355|57.030257|1025.00
CHECK|avx512_c04_t04|throughput|n262144_b1|262144|1|1|1|4|2.13310155e-07|6.97654480e-07|1.00000000e-04|PASS
[run ] n262144_b1       | Len: 262144 | Batch:     1 | Thr: 4 | Fwd:    0.4859 ms    48.55 GF/s (iters:160) | Bwd:    0.4697 ms    50.23 GF/s (iters:171) | Slots:256 | Mem:1026.00 MB
RESULT|avx512_c04_t04|throughput|n262144_b1|262144|1|1|1|4|0.485919|48.553294|0.469739|50.225676|1026.00
CHECK|avx512_c04_t04|throughput|n524288_b1|524288|1|1|1|4|2.25376377e-07|8.86086747e-07|1.00000000e-04|PASS
[run ] n524288_b1       | Len: 524288 | Batch:     1 | Thr: 4 | Fwd:    0.9965 ms    49.98 GF/s (iters:78) | Bwd:    1.0041 ms    49.61 GF/s (iters:77) | Slots:128 | Mem:1028.00 MB
RESULT|avx512_c04_t04|throughput|n524288_b1|524288|1|1|1|4|0.996518|49.981417|1.004073|49.605324|1028.00
CHECK|avx512_c04_t04|throughput|n1048576_b1|1048576|1|1|1|4|2.21522234e-07|7.20205663e-07|1.00000000e-04|PASS
[run ] n1048576_b1      | Len:1048576 | Batch:     1 | Thr: 4 | Fwd:    2.3058 ms    45.48 GF/s (iters:33) | Bwd:    2.4052 ms    43.60 GF/s (iters:33) | Slots: 64 | Mem:1032.00 MB
RESULT|avx512_c04_t04|throughput|n1048576_b1|1048576|1|1|1|4|2.305762|45.476328|2.405151|43.597092|1032.00
CHECK|avx512_c04_t04|throughput|n2097152_b1|2097152|1|1|1|4|2.36765642e-07|8.10710818e-07|1.00000000e-04|PASS
[run ] n2097152_b1      | Len:2097152 | Batch:     1 | Thr: 4 | Fwd:    5.1237 ms    42.98 GF/s (iters:20) | Bwd:    5.1083 ms    43.11 GF/s (iters:20) | Slots: 64 | Mem:2064.00 MB
RESULT|avx512_c04_t04|throughput|n2097152_b1|2097152|1|1|1|4|5.123691|42.977018|5.108253|43.106905|2064.00
CHECK|avx512_c04_t04|throughput|n4194304_b1|4194304|1|1|1|4|2.25452393e-07|7.63311891e-07|1.00000000e-04|PASS
[run ] n4194304_b1      | Len:4194304 | Batch:     1 | Thr: 4 | Fwd:   14.8276 ms    31.12 GF/s (iters:20) | Bwd:   14.4908 ms    31.84 GF/s (iters:20) | Slots: 47 | Mem:3040.00 MB
RESULT|avx512_c04_t04|throughput|n4194304_b1|4194304|1|1|1|4|14.827584|31.115887|14.490763|31.839140|3040.00

Benchmark workload complete.

[DONE] avx512_c04_t04

============================================================
RUN PROFILE: avx512_c04_t08
Description : MKL AVX-512 pinned to 4 core(s), 8 thread(s)
ISA         : AVX512
Cores       : 4
Threads/core: 2
Threads     : 8
CPU set     : 0,1,2,3,10,11,12,13
Workload    : throughput
============================================================
PROFILE|avx512_c04_t08|MKL AVX-512 pinned to 4 core(s), 8 thread(s)|AVX512|8|throughput|2,4,8,16,32,64,128,256,512,1024,2048,4096,8192,16384,32768,65536,131072,262144,524288,1048576,2097152,4194304|1|1,10,20|4194304|1024|10|4|2|0,1,2,3,10,11,12,13

############################################################
# FFT BENCHMARK (Intel oneMKL DFTI, 1D, single precision)  #
############################################################
profile_id       : avx512_c04_t08
profile_desc     : MKL AVX-512 pinned to 4 core(s), 8 thread(s)
workload         : throughput
threads(cli)     : 8
mkl max threads  : 8
timed runs       : 20
warmup runs      : 5
min total ms     : 75.0
max adapt iters  : 100000000
validate         : 1
validate tol     : 1.000e-04
validate strict  : 1
stream mode      : 1
stream target MB : 1024.0
stream min slots : 64
stream max slots : 32768
mem cap (MB)     : 3072.0
lengths: 2,4,8,16,32,64,128,256,512,1024,2048,4096,8192,16384,32768,65536,131072,262144,524288,1048576,2097152,4194304
batches: 1
thread_set: 1,2,4,8,10,20
batch_scale_set: 1,4,16,64,256
scale_length     : 16384
scale_batch      : 64
scale_threads    : 8


====================================================================
WORKLOAD: throughput (length x batch at fixed thread count)
====================================================================
threads=8
CHECK|avx512_c04_t08|throughput|n2_b1|2|1|1|1|8|1.14557866e-08|1.49011612e-08|1.00000000e-04|PASS
[run ] n2_b1            | Len:      2 | Batch:     1 | Thr: 8 | Fwd:    0.0000 ms     0.45 GF/s (iters:3701409) | Bwd:    0.0000 ms     0.47 GF/s (iters:3685237) | Slots:32768 | Mem:   1.00 MB
RESULT|avx512_c04_t08|throughput|n2_b1|2|1|1|1|8|0.000022|0.450954|0.000021|0.467161|1.00
CHECK|avx512_c04_t08|throughput|n4_b1|4|1|1|1|8|4.49494167e-08|5.96046448e-08|1.00000000e-04|PASS
[run ] n4_b1            | Len:      4 | Batch:     1 | Thr: 8 | Fwd:    0.0000 ms     1.54 GF/s (iters:3060482) | Bwd:    0.0000 ms     1.55 GF/s (iters:3147023) | Slots:32768 | Mem:   2.00 MB
RESULT|avx512_c04_t08|throughput|n4_b1|4|1|1|1|8|0.000026|1.542056|0.000026|1.545119|2.00
CHECK|avx512_c04_t08|throughput|n8_b1|8|1|1|1|8|6.88878659e-08|1.33280037e-07|1.00000000e-04|PASS
[run ] n8_b1            | Len:      8 | Batch:     1 | Thr: 8 | Fwd:    0.0000 ms     5.22 GF/s (iters:3391878) | Bwd:    0.0000 ms     5.40 GF/s (iters:3405011) | Slots:32768 | Mem:   4.00 MB
RESULT|avx512_c04_t08|throughput|n8_b1|8|1|1|1|8|0.000023|5.224735|0.000022|5.396512|4.00
CHECK|avx512_c04_t08|throughput|n16_b1|16|1|1|1|8|8.06080983e-08|1.33280037e-07|1.00000000e-04|PASS
[run ] n16_b1           | Len:     16 | Batch:     1 | Thr: 8 | Fwd:    0.0000 ms    13.72 GF/s (iters:3253656) | Bwd:    0.0000 ms    13.51 GF/s (iters:3285367) | Slots:32768 | Mem:   8.00 MB
RESULT|avx512_c04_t08|throughput|n16_b1|16|1|1|1|8|0.000023|13.721103|0.000024|13.512483|8.00
CHECK|avx512_c04_t08|throughput|n32_b1|32|1|1|1|8|9.37525156e-08|1.33280037e-07|1.00000000e-04|PASS
[run ] n32_b1           | Len:     32 | Batch:     1 | Thr: 8 | Fwd:    0.0000 ms    16.76 GF/s (iters:1579030) | Bwd:    0.0000 ms    16.75 GF/s (iters:1604436) | Slots:32768 | Mem:  16.00 MB
RESULT|avx512_c04_t08|throughput|n32_b1|32|1|1|1|8|0.000048|16.762081|0.000048|16.748388|16.00
CHECK|avx512_c04_t08|throughput|n64_b1|64|1|1|1|8|1.04453060e-07|1.49011612e-07|1.00000000e-04|PASS
[run ] n64_b1           | Len:     64 | Batch:     1 | Thr: 8 | Fwd:    0.0001 ms    23.87 GF/s (iters:944362) | Bwd:    0.0001 ms    24.78 GF/s (iters:1049276) | Slots:32768 | Mem:  32.00 MB
RESULT|avx512_c04_t08|throughput|n64_b1|64|1|1|1|8|0.000080|23.865996|0.000077|24.784279|32.00
CHECK|avx512_c04_t08|throughput|n128_b1|128|1|1|1|8|1.14162990e-07|2.02677705e-07|1.00000000e-04|PASS
[run ] n128_b1          | Len:    128 | Batch:     1 | Thr: 8 | Fwd:    0.0002 ms    25.91 GF/s (iters:472049) | Bwd:    0.0002 ms    25.51 GF/s (iters:569672) | Slots:32768 | Mem:  64.00 MB
RESULT|avx512_c04_t08|throughput|n128_b1|128|1|1|1|8|0.000173|25.906670|0.000176|25.510210|64.00
CHECK|avx512_c04_t08|throughput|n256_b1|256|1|1|1|8|1.20880689e-07|2.14907603e-07|1.00000000e-04|PASS
[run ] n256_b1          | Len:    256 | Batch:     1 | Thr: 8 | Fwd:    0.0005 ms    22.45 GF/s (iters:164721) | Bwd:    0.0005 ms    22.03 GF/s (iters:163540) | Slots:32768 | Mem: 128.00 MB
RESULT|avx512_c04_t08|throughput|n256_b1|256|1|1|1|8|0.000456|22.446607|0.000465|22.030055|128.00
CHECK|avx512_c04_t08|throughput|n512_b1|512|1|1|1|8|1.15796630e-07|2.71920675e-07|1.00000000e-04|PASS
[run ] n512_b1          | Len:    512 | Batch:     1 | Thr: 8 | Fwd:    0.0010 ms    22.86 GF/s (iters:85417) | Bwd:    0.0010 ms    22.61 GF/s (iters:98923) | Slots:32768 | Mem: 256.00 MB
RESULT|avx512_c04_t08|throughput|n512_b1|512|1|1|1|8|0.001008|22.861144|0.001019|22.605409|256.00
CHECK|avx512_c04_t08|throughput|n1024_b1|1024|1|1|1|8|1.24276207e-07|2.52881091e-07|1.00000000e-04|PASS
[run ] n1024_b1         | Len:   1024 | Batch:     1 | Thr: 8 | Fwd:    0.0019 ms    27.61 GF/s (iters:49754) | Bwd:    0.0019 ms    27.31 GF/s (iters:49497) | Slots:32768 | Mem: 512.01 MB
RESULT|avx512_c04_t08|throughput|n1024_b1|1024|1|1|1|8|0.001854|27.609316|0.001875|27.308644|512.01
CHECK|avx512_c04_t08|throughput|n2048_b1|2048|1|1|1|8|1.45184027e-07|3.37174788e-07|1.00000000e-04|PASS
[run ] n2048_b1         | Len:   2048 | Batch:     1 | Thr: 8 | Fwd:    0.0040 ms    28.36 GF/s (iters:22028) | Bwd:    0.0039 ms    28.67 GF/s (iters:22425) | Slots:32768 | Mem:1024.02 MB
RESULT|avx512_c04_t08|throughput|n2048_b1|2048|1|1|1|8|0.003972|28.360414|0.003929|28.668510|1024.02
CHECK|avx512_c04_t08|throughput|n4096_b1|4096|1|1|1|8|1.45690048e-07|3.20980835e-07|1.00000000e-04|PASS
[run ] n4096_b1         | Len:   4096 | Batch:     1 | Thr: 8 | Fwd:    0.0073 ms    33.72 GF/s (iters:10674) | Bwd:    0.0072 ms    33.94 GF/s (iters:11636) | Slots:16384 | Mem:1024.03 MB
RESULT|avx512_c04_t08|throughput|n4096_b1|4096|1|1|1|8|0.007288|33.720800|0.007241|33.938649|1024.03
CHECK|avx512_c04_t08|throughput|n8192_b1|8192|1|1|1|8|1.89483007e-07|5.41591103e-07|1.00000000e-04|PASS
[run ] n8192_b1         | Len:   8192 | Batch:     1 | Thr: 8 | Fwd:    0.0129 ms    41.17 GF/s (iters:5809) | Bwd:    0.0130 ms    40.91 GF/s (iters:6240) | Slots:8192 | Mem:1024.06 MB
RESULT|avx512_c04_t08|throughput|n8192_b1|8192|1|1|1|8|0.012935|41.165837|0.013017|40.907703|1024.06
CHECK|avx512_c04_t08|throughput|n16384_b1|16384|1|1|1|8|1.95270107e-07|5.37269007e-07|1.00000000e-04|PASS
[run ] n16384_b1        | Len:  16384 | Batch:     1 | Thr: 8 | Fwd:    0.0222 ms    51.67 GF/s (iters:3422) | Bwd:    0.0222 ms    51.77 GF/s (iters:3481) | Slots:4096 | Mem:1024.12 MB
RESULT|avx512_c04_t08|throughput|n16384_b1|16384|1|1|1|8|0.022197|51.667135|0.022155|51.765759|1024.12
CHECK|avx512_c04_t08|throughput|n32768_b1|32768|1|1|1|8|2.09355397e-07|5.49527672e-07|1.00000000e-04|PASS
[run ] n32768_b1        | Len:  32768 | Batch:     1 | Thr: 8 | Fwd:    0.0403 ms    60.98 GF/s (iters:1916) | Bwd:    0.0401 ms    61.33 GF/s (iters:2043) | Slots:2048 | Mem:1024.25 MB
RESULT|avx512_c04_t08|throughput|n32768_b1|32768|1|1|1|8|0.040305|60.975443|0.040069|61.334540|1024.25
CHECK|avx512_c04_t08|throughput|n65536_b1|65536|1|1|1|8|2.01306545e-07|6.13667377e-07|1.00000000e-04|PASS
[run ] n65536_b1        | Len:  65536 | Batch:     1 | Thr: 8 | Fwd:    0.0814 ms    64.43 GF/s (iters:934) | Bwd:    0.0830 ms    63.18 GF/s (iters:927) | Slots:1024 | Mem:1024.50 MB
RESULT|avx512_c04_t08|throughput|n65536_b1|65536|1|1|1|8|0.081370|64.432253|0.082987|63.177450|1024.50
CHECK|avx512_c04_t08|throughput|n131072_b1|131072|1|1|1|8|2.14457557e-07|6.97654480e-07|1.00000000e-04|PASS
[run ] n131072_b1       | Len: 131072 | Batch:     1 | Thr: 8 | Fwd:    0.1682 ms    66.22 GF/s (iters:457) | Bwd:    0.1674 ms    66.57 GF/s (iters:469) | Slots:512 | Mem:1025.00 MB
RESULT|avx512_c04_t08|throughput|n131072_b1|131072|1|1|1|8|0.168243|66.220273|0.167370|66.565701|1025.00
CHECK|avx512_c04_t08|throughput|n262144_b1|262144|1|1|1|8|2.13310155e-07|6.97654480e-07|1.00000000e-04|PASS
[run ] n262144_b1       | Len: 262144 | Batch:     1 | Thr: 8 | Fwd:    0.3841 ms    61.42 GF/s (iters:199) | Bwd:    0.4031 ms    58.53 GF/s (iters:199) | Slots:256 | Mem:1026.00 MB
RESULT|avx512_c04_t08|throughput|n262144_b1|262144|1|1|1|8|0.384105|61.423134|0.403075|58.532475|1026.00
CHECK|avx512_c04_t08|throughput|n524288_b1|524288|1|1|1|8|2.25376377e-07|8.86086747e-07|1.00000000e-04|PASS
[run ] n524288_b1       | Len: 524288 | Batch:     1 | Thr: 8 | Fwd:    0.9111 ms    54.67 GF/s (iters:87) | Bwd:    0.9156 ms    54.40 GF/s (iters:83) | Slots:128 | Mem:1028.00 MB
RESULT|avx512_c04_t08|throughput|n524288_b1|524288|1|1|1|8|0.911066|54.669317|0.915551|54.401505|1028.00
CHECK|avx512_c04_t08|throughput|n1048576_b1|1048576|1|1|1|8|2.21522234e-07|7.20205663e-07|1.00000000e-04|PASS
[run ] n1048576_b1      | Len:1048576 | Batch:     1 | Thr: 8 | Fwd:    2.0960 ms    50.03 GF/s (iters:36) | Bwd:    2.0829 ms    50.34 GF/s (iters:37) | Slots: 64 | Mem:1032.00 MB
RESULT|avx512_c04_t08|throughput|n1048576_b1|1048576|1|1|1|8|2.096042|50.026473|2.082887|50.342443|1032.00
CHECK|avx512_c04_t08|throughput|n2097152_b1|2097152|1|1|1|8|2.36765642e-07|8.10710818e-07|1.00000000e-04|PASS
[run ] n2097152_b1      | Len:2097152 | Batch:     1 | Thr: 8 | Fwd:    4.6651 ms    47.20 GF/s (iters:20) | Bwd:    4.7101 ms    46.75 GF/s (iters:20) | Slots: 64 | Mem:2064.00 MB
RESULT|avx512_c04_t08|throughput|n2097152_b1|2097152|1|1|1|8|4.665093|47.201840|4.710067|46.751131|2064.00
CHECK|avx512_c04_t08|throughput|n4194304_b1|4194304|1|1|1|8|2.25452393e-07|7.63311891e-07|1.00000000e-04|PASS
[run ] n4194304_b1      | Len:4194304 | Batch:     1 | Thr: 8 | Fwd:   10.3593 ms    44.54 GF/s (iters:20) | Bwd:   10.0506 ms    45.90 GF/s (iters:20) | Slots: 47 | Mem:3040.00 MB
RESULT|avx512_c04_t08|throughput|n4194304_b1|4194304|1|1|1|8|10.359328|44.537004|10.050627|45.904941|3040.00

Benchmark workload complete.

[DONE] avx512_c04_t08

============================================================
RUN PROFILE: avx512_c05_t05
Description : MKL AVX-512 pinned to 5 core(s), 5 thread(s)
ISA         : AVX512
Cores       : 5
Threads/core: 1
Threads     : 5
CPU set     : 0,1,2,3,4
Workload    : throughput
============================================================
PROFILE|avx512_c05_t05|MKL AVX-512 pinned to 5 core(s), 5 thread(s)|AVX512|5|throughput|2,4,8,16,32,64,128,256,512,1024,2048,4096,8192,16384,32768,65536,131072,262144,524288,1048576,2097152,4194304|1|1,10,20|4194304|1024|10|5|1|0,1,2,3,4

############################################################
# FFT BENCHMARK (Intel oneMKL DFTI, 1D, single precision)  #
############################################################
profile_id       : avx512_c05_t05
profile_desc     : MKL AVX-512 pinned to 5 core(s), 5 thread(s)
workload         : throughput
threads(cli)     : 5
mkl max threads  : 5
timed runs       : 20
warmup runs      : 5
min total ms     : 75.0
max adapt iters  : 100000000
validate         : 1
validate tol     : 1.000e-04
validate strict  : 1
stream mode      : 1
stream target MB : 1024.0
stream min slots : 64
stream max slots : 32768
mem cap (MB)     : 3072.0
lengths: 2,4,8,16,32,64,128,256,512,1024,2048,4096,8192,16384,32768,65536,131072,262144,524288,1048576,2097152,4194304
batches: 1
thread_set: 1,2,4,8,10,20
batch_scale_set: 1,4,16,64,256
scale_length     : 16384
scale_batch      : 64
scale_threads    : 5


====================================================================
WORKLOAD: throughput (length x batch at fixed thread count)
====================================================================
threads=5
CHECK|avx512_c05_t05|throughput|n2_b1|2|1|1|1|5|1.14557866e-08|1.49011612e-08|1.00000000e-04|PASS
[run ] n2_b1            | Len:      2 | Batch:     1 | Thr: 5 | Fwd:    0.0000 ms     0.49 GF/s (iters:3709856) | Bwd:    0.0000 ms     0.47 GF/s (iters:3597952) | Slots:32768 | Mem:   1.00 MB
RESULT|avx512_c05_t05|throughput|n2_b1|2|1|1|1|5|0.000021|0.486750|0.000021|0.473563|1.00
CHECK|avx512_c05_t05|throughput|n4_b1|4|1|1|1|5|4.49494167e-08|5.96046448e-08|1.00000000e-04|PASS
[run ] n4_b1            | Len:      4 | Batch:     1 | Thr: 5 | Fwd:    0.0000 ms     1.61 GF/s (iters:3077470) | Bwd:    0.0000 ms     1.55 GF/s (iters:3094105) | Slots:32768 | Mem:   2.00 MB
RESULT|avx512_c05_t05|throughput|n4_b1|4|1|1|1|5|0.000025|1.612753|0.000026|1.546003|2.00
CHECK|avx512_c05_t05|throughput|n8_b1|8|1|1|1|5|6.88878659e-08|1.33280037e-07|1.00000000e-04|PASS
[run ] n8_b1            | Len:      8 | Batch:     1 | Thr: 5 | Fwd:    0.0000 ms     5.26 GF/s (iters:3315789) | Bwd:    0.0000 ms     4.78 GF/s (iters:3293908) | Slots:32768 | Mem:   4.00 MB
RESULT|avx512_c05_t05|throughput|n8_b1|8|1|1|1|5|0.000023|5.263368|0.000025|4.780123|4.00
CHECK|avx512_c05_t05|throughput|n16_b1|16|1|1|1|5|8.06080983e-08|1.33280037e-07|1.00000000e-04|PASS
[run ] n16_b1           | Len:     16 | Batch:     1 | Thr: 5 | Fwd:    0.0000 ms    11.03 GF/s (iters:3050848) | Bwd:    0.0000 ms    10.11 GF/s (iters:3143816) | Slots:32768 | Mem:   8.00 MB
RESULT|avx512_c05_t05|throughput|n16_b1|16|1|1|1|5|0.000029|11.026239|0.000032|10.112532|8.00
CHECK|avx512_c05_t05|throughput|n32_b1|32|1|1|1|5|9.37525156e-08|1.33280037e-07|1.00000000e-04|PASS
[run ] n32_b1           | Len:     32 | Batch:     1 | Thr: 5 | Fwd:    0.0001 ms    12.43 GF/s (iters:1305282) | Bwd:    0.0001 ms    15.75 GF/s (iters:1548085) | Slots:32768 | Mem:  16.00 MB
RESULT|avx512_c05_t05|throughput|n32_b1|32|1|1|1|5|0.000064|12.433518|0.000051|15.750086|16.00
CHECK|avx512_c05_t05|throughput|n64_b1|64|1|1|1|5|1.04453060e-07|1.49011612e-07|1.00000000e-04|PASS
[run ] n64_b1           | Len:     64 | Batch:     1 | Thr: 5 | Fwd:    0.0001 ms    22.18 GF/s (iters:910750) | Bwd:    0.0001 ms    22.09 GF/s (iters:865820) | Slots:32768 | Mem:  32.00 MB
RESULT|avx512_c05_t05|throughput|n64_b1|64|1|1|1|5|0.000087|22.181548|0.000087|22.085306|32.00
CHECK|avx512_c05_t05|throughput|n128_b1|128|1|1|1|5|1.14162990e-07|2.02677705e-07|1.00000000e-04|PASS
[run ] n128_b1          | Len:    128 | Batch:     1 | Thr: 5 | Fwd:    0.0002 ms    25.16 GF/s (iters:421906) | Bwd:    0.0002 ms    24.60 GF/s (iters:537732) | Slots:32768 | Mem:  64.00 MB
RESULT|avx512_c05_t05|throughput|n128_b1|128|1|1|1|5|0.000178|25.155290|0.000182|24.599732|64.00
CHECK|avx512_c05_t05|throughput|n256_b1|256|1|1|1|5|1.20880689e-07|2.14907603e-07|1.00000000e-04|PASS
[run ] n256_b1          | Len:    256 | Batch:     1 | Thr: 5 | Fwd:    0.0005 ms    21.23 GF/s (iters:168455) | Bwd:    0.0005 ms    21.29 GF/s (iters:196756) | Slots:32768 | Mem: 128.00 MB
RESULT|avx512_c05_t05|throughput|n256_b1|256|1|1|1|5|0.000482|21.228139|0.000481|21.291683|128.00
CHECK|avx512_c05_t05|throughput|n512_b1|512|1|1|1|5|1.15796630e-07|2.71920675e-07|1.00000000e-04|PASS
[run ] n512_b1          | Len:    512 | Batch:     1 | Thr: 5 | Fwd:    0.0011 ms    21.53 GF/s (iters:77581) | Bwd:    0.0011 ms    20.33 GF/s (iters:85195) | Slots:32768 | Mem: 256.00 MB
RESULT|avx512_c05_t05|throughput|n512_b1|512|1|1|1|5|0.001070|21.533087|0.001134|20.325763|256.00
CHECK|avx512_c05_t05|throughput|n1024_b1|1024|1|1|1|5|1.24276207e-07|2.52881091e-07|1.00000000e-04|PASS
[run ] n1024_b1         | Len:   1024 | Batch:     1 | Thr: 5 | Fwd:    0.0020 ms    24.99 GF/s (iters:36851) | Bwd:    0.0019 ms    26.47 GF/s (iters:40082) | Slots:32768 | Mem: 512.01 MB
RESULT|avx512_c05_t05|throughput|n1024_b1|1024|1|1|1|5|0.002049|24.989430|0.001934|26.473858|512.01
CHECK|avx512_c05_t05|throughput|n2048_b1|2048|1|1|1|5|1.45184027e-07|3.37174788e-07|1.00000000e-04|PASS
[run ] n2048_b1         | Len:   2048 | Batch:     1 | Thr: 5 | Fwd:    0.0039 ms    28.72 GF/s (iters:19529) | Bwd:    0.0039 ms    29.02 GF/s (iters:22248) | Slots:32768 | Mem:1024.02 MB
RESULT|avx512_c05_t05|throughput|n2048_b1|2048|1|1|1|5|0.003922|28.720278|0.003882|29.018670|1024.02
CHECK|avx512_c05_t05|throughput|n4096_b1|4096|1|1|1|5|1.45690048e-07|3.20980835e-07|1.00000000e-04|PASS
[run ] n4096_b1         | Len:   4096 | Batch:     1 | Thr: 5 | Fwd:    0.0070 ms    34.88 GF/s (iters:10677) | Bwd:    0.0072 ms    34.30 GF/s (iters:12242) | Slots:16384 | Mem:1024.03 MB
RESULT|avx512_c05_t05|throughput|n4096_b1|4096|1|1|1|5|0.007046|34.880438|0.007166|34.296328|1024.03
CHECK|avx512_c05_t05|throughput|n8192_b1|8192|1|1|1|5|1.89483007e-07|5.41591103e-07|1.00000000e-04|PASS
[run ] n8192_b1         | Len:   8192 | Batch:     1 | Thr: 5 | Fwd:    0.0138 ms    38.54 GF/s (iters:5439) | Bwd:    0.0139 ms    38.33 GF/s (iters:5763) | Slots:8192 | Mem:1024.06 MB
RESULT|avx512_c05_t05|throughput|n8192_b1|8192|1|1|1|5|0.013817|38.537241|0.013893|38.327063|1024.06
CHECK|avx512_c05_t05|throughput|n16384_b1|16384|1|1|1|5|1.95270107e-07|5.37269007e-07|1.00000000e-04|PASS
[run ] n16384_b1        | Len:  16384 | Batch:     1 | Thr: 5 | Fwd:    0.0233 ms    49.32 GF/s (iters:3263) | Bwd:    0.0230 ms    49.80 GF/s (iters:3803) | Slots:4096 | Mem:1024.12 MB
RESULT|avx512_c05_t05|throughput|n16384_b1|16384|1|1|1|5|0.023256|49.315451|0.023030|49.799776|1024.12
CHECK|avx512_c05_t05|throughput|n32768_b1|32768|1|1|1|5|2.09355397e-07|5.49527672e-07|1.00000000e-04|PASS
[run ] n32768_b1        | Len:  32768 | Batch:     1 | Thr: 5 | Fwd:    0.0421 ms    58.32 GF/s (iters:2012) | Bwd:    0.0433 ms    56.78 GF/s (iters:1928) | Slots:2048 | Mem:1024.25 MB
RESULT|avx512_c05_t05|throughput|n32768_b1|32768|1|1|1|5|0.042142|58.317564|0.043282|56.781220|1024.25
CHECK|avx512_c05_t05|throughput|n65536_b1|65536|1|1|1|5|2.01306545e-07|6.13667377e-07|1.00000000e-04|PASS
[run ] n65536_b1        | Len:  65536 | Batch:     1 | Thr: 5 | Fwd:    0.0829 ms    63.22 GF/s (iters:1029) | Bwd:    0.0820 ms    63.91 GF/s (iters:1016) | Slots:1024 | Mem:1024.50 MB
RESULT|avx512_c05_t05|throughput|n65536_b1|65536|1|1|1|5|0.082928|63.221702|0.082041|63.905377|1024.50
CHECK|avx512_c05_t05|throughput|n131072_b1|131072|1|1|1|5|2.14457557e-07|6.97654480e-07|1.00000000e-04|PASS
[run ] n131072_b1       | Len: 131072 | Batch:     1 | Thr: 5 | Fwd:    0.1906 ms    58.45 GF/s (iters:487) | Bwd:    0.1869 ms    59.60 GF/s (iters:435) | Slots:512 | Mem:1025.00 MB
RESULT|avx512_c05_t05|throughput|n131072_b1|131072|1|1|1|5|0.190599|58.453236|0.186917|59.604495|1025.00
CHECK|avx512_c05_t05|throughput|n262144_b1|262144|1|1|1|5|2.13310155e-07|6.97654480e-07|1.00000000e-04|PASS
[run ] n262144_b1       | Len: 262144 | Batch:     1 | Thr: 5 | Fwd:    0.3391 ms    69.57 GF/s (iters:237) | Bwd:    0.3357 ms    70.27 GF/s (iters:229) | Slots:256 | Mem:1026.00 MB
RESULT|avx512_c05_t05|throughput|n262144_b1|262144|1|1|1|5|0.339121|69.570895|0.335735|70.272552|1026.00
CHECK|avx512_c05_t05|throughput|n524288_b1|524288|1|1|1|5|2.25376377e-07|8.86086747e-07|1.00000000e-04|PASS
[run ] n524288_b1       | Len: 524288 | Batch:     1 | Thr: 5 | Fwd:    0.8266 ms    60.25 GF/s (iters:92) | Bwd:    0.8387 ms    59.38 GF/s (iters:91) | Slots:128 | Mem:1028.00 MB
RESULT|avx512_c05_t05|throughput|n524288_b1|524288|1|1|1|5|0.826616|60.254518|0.838731|59.384220|1028.00
CHECK|avx512_c05_t05|throughput|n1048576_b1|1048576|1|1|1|5|2.21522234e-07|7.20205663e-07|1.00000000e-04|PASS
[run ] n1048576_b1      | Len:1048576 | Batch:     1 | Thr: 5 | Fwd:    1.5948 ms    65.75 GF/s (iters:48) | Bwd:    1.5817 ms    66.29 GF/s (iters:49) | Slots: 64 | Mem:1032.00 MB
RESULT|avx512_c05_t05|throughput|n1048576_b1|1048576|1|1|1|5|1.594761|65.751286|1.581721|66.293357|1032.00
CHECK|avx512_c05_t05|throughput|n2097152_b1|2097152|1|1|1|5|2.36765642e-07|8.10710818e-07|1.00000000e-04|PASS
[run ] n2097152_b1      | Len:2097152 | Batch:     1 | Thr: 5 | Fwd:    3.9199 ms    56.18 GF/s (iters:20) | Bwd:    3.9646 ms    55.54 GF/s (iters:20) | Slots: 64 | Mem:2064.00 MB
RESULT|avx512_c05_t05|throughput|n2097152_b1|2097152|1|1|1|5|3.919888|56.175312|3.964615|55.541573|2064.00
CHECK|avx512_c05_t05|throughput|n4194304_b1|4194304|1|1|1|5|2.25452393e-07|7.63311891e-07|1.00000000e-04|PASS
[run ] n4194304_b1      | Len:4194304 | Batch:     1 | Thr: 5 | Fwd:   11.4933 ms    40.14 GF/s (iters:20) | Bwd:   11.8351 ms    38.98 GF/s (iters:20) | Slots: 47 | Mem:3040.00 MB
RESULT|avx512_c05_t05|throughput|n4194304_b1|4194304|1|1|1|5|11.493334|40.142699|11.835057|38.983626|3040.00

Benchmark workload complete.

[DONE] avx512_c05_t05

============================================================
RUN PROFILE: avx512_c05_t10
Description : MKL AVX-512 pinned to 5 core(s), 10 thread(s)
ISA         : AVX512
Cores       : 5
Threads/core: 2
Threads     : 10
CPU set     : 0,1,2,3,4,10,11,12,13,14
Workload    : throughput
============================================================
PROFILE|avx512_c05_t10|MKL AVX-512 pinned to 5 core(s), 10 thread(s)|AVX512|10|throughput|2,4,8,16,32,64,128,256,512,1024,2048,4096,8192,16384,32768,65536,131072,262144,524288,1048576,2097152,4194304|1|1,10,20|4194304|1024|10|5|2|0,1,2,3,4,10,11,12,13,14

############################################################
# FFT BENCHMARK (Intel oneMKL DFTI, 1D, single precision)  #
############################################################
profile_id       : avx512_c05_t10
profile_desc     : MKL AVX-512 pinned to 5 core(s), 10 thread(s)
workload         : throughput
threads(cli)     : 10
mkl max threads  : 10
timed runs       : 20
warmup runs      : 5
min total ms     : 75.0
max adapt iters  : 100000000
validate         : 1
validate tol     : 1.000e-04
validate strict  : 1
stream mode      : 1
stream target MB : 1024.0
stream min slots : 64
stream max slots : 32768
mem cap (MB)     : 3072.0
lengths: 2,4,8,16,32,64,128,256,512,1024,2048,4096,8192,16384,32768,65536,131072,262144,524288,1048576,2097152,4194304
batches: 1
thread_set: 1,2,4,8,10,20
batch_scale_set: 1,4,16,64,256
scale_length     : 16384
scale_batch      : 64
scale_threads    : 10


====================================================================
WORKLOAD: throughput (length x batch at fixed thread count)
====================================================================
threads=10
CHECK|avx512_c05_t10|throughput|n2_b1|2|1|1|1|10|1.14557866e-08|1.49011612e-08|1.00000000e-04|PASS
[run ] n2_b1            | Len:      2 | Batch:     1 | Thr:10 | Fwd:    0.0000 ms     0.49 GF/s (iters:3712176) | Bwd:    0.0000 ms     0.46 GF/s (iters:3697095) | Slots:32768 | Mem:   1.00 MB
RESULT|avx512_c05_t10|throughput|n2_b1|2|1|1|1|10|0.000020|0.491068|0.000022|0.456587|1.00
CHECK|avx512_c05_t10|throughput|n4_b1|4|1|1|1|10|4.49494167e-08|5.96046448e-08|1.00000000e-04|PASS
[run ] n4_b1            | Len:      4 | Batch:     1 | Thr:10 | Fwd:    0.0000 ms     1.59 GF/s (iters:3080726) | Bwd:    0.0000 ms     1.67 GF/s (iters:3128099) | Slots:32768 | Mem:   2.00 MB
RESULT|avx512_c05_t10|throughput|n4_b1|4|1|1|1|10|0.000025|1.586827|0.000024|1.667851|2.00
CHECK|avx512_c05_t10|throughput|n8_b1|8|1|1|1|10|6.88878659e-08|1.33280037e-07|1.00000000e-04|PASS
[run ] n8_b1            | Len:      8 | Batch:     1 | Thr:10 | Fwd:    0.0000 ms     5.50 GF/s (iters:3462856) | Bwd:    0.0000 ms     5.38 GF/s (iters:3396295) | Slots:32768 | Mem:   4.00 MB
RESULT|avx512_c05_t10|throughput|n8_b1|8|1|1|1|10|0.000022|5.503444|0.000022|5.379414|4.00
CHECK|avx512_c05_t10|throughput|n16_b1|16|1|1|1|10|8.06080983e-08|1.33280037e-07|1.00000000e-04|PASS
[run ] n16_b1           | Len:     16 | Batch:     1 | Thr:10 | Fwd:    0.0000 ms    13.80 GF/s (iters:3245240) | Bwd:    0.0000 ms    13.11 GF/s (iters:3093186) | Slots:32768 | Mem:   8.00 MB
RESULT|avx512_c05_t10|throughput|n16_b1|16|1|1|1|10|0.000023|13.800931|0.000024|13.114861|8.00
CHECK|avx512_c05_t10|throughput|n32_b1|32|1|1|1|10|9.37525156e-08|1.33280037e-07|1.00000000e-04|PASS
[run ] n32_b1           | Len:     32 | Batch:     1 | Thr:10 | Fwd:    0.0000 ms    16.59 GF/s (iters:1576951) | Bwd:    0.0000 ms    16.58 GF/s (iters:1586274) | Slots:32768 | Mem:  16.00 MB
RESULT|avx512_c05_t10|throughput|n32_b1|32|1|1|1|10|0.000048|16.592355|0.000048|16.584171|16.00
CHECK|avx512_c05_t10|throughput|n64_b1|64|1|1|1|10|1.04453060e-07|1.49011612e-07|1.00000000e-04|PASS
[run ] n64_b1           | Len:     64 | Batch:     1 | Thr:10 | Fwd:    0.0001 ms    22.93 GF/s (iters:906233) | Bwd:    0.0001 ms    22.87 GF/s (iters:1107651) | Slots:32768 | Mem:  32.00 MB
RESULT|avx512_c05_t10|throughput|n64_b1|64|1|1|1|10|0.000084|22.934943|0.000084|22.868154|32.00
CHECK|avx512_c05_t10|throughput|n128_b1|128|1|1|1|10|1.14162990e-07|2.02677705e-07|1.00000000e-04|PASS
[run ] n128_b1          | Len:    128 | Batch:     1 | Thr:10 | Fwd:    0.0002 ms    24.61 GF/s (iters:418624) | Bwd:    0.0002 ms    24.56 GF/s (iters:544810) | Slots:32768 | Mem:  64.00 MB
RESULT|avx512_c05_t10|throughput|n128_b1|128|1|1|1|10|0.000182|24.607218|0.000182|24.560209|64.00
CHECK|avx512_c05_t10|throughput|n256_b1|256|1|1|1|10|1.20880689e-07|2.14907603e-07|1.00000000e-04|PASS
[run ] n256_b1          | Len:    256 | Batch:     1 | Thr:10 | Fwd:    0.0005 ms    21.46 GF/s (iters:177265) | Bwd:    0.0005 ms    21.35 GF/s (iters:195898) | Slots:32768 | Mem: 128.00 MB
RESULT|avx512_c05_t10|throughput|n256_b1|256|1|1|1|10|0.000477|21.461753|0.000480|21.351860|128.00
CHECK|avx512_c05_t10|throughput|n512_b1|512|1|1|1|10|1.15796630e-07|2.71920675e-07|1.00000000e-04|PASS
[run ] n512_b1          | Len:    512 | Batch:     1 | Thr:10 | Fwd:    0.0010 ms    22.52 GF/s (iters:73428) | Bwd:    0.0010 ms    22.12 GF/s (iters:82805) | Slots:32768 | Mem: 256.00 MB
RESULT|avx512_c05_t10|throughput|n512_b1|512|1|1|1|10|0.001023|22.522966|0.001042|22.120978|256.00
CHECK|avx512_c05_t10|throughput|n1024_b1|1024|1|1|1|10|1.24276207e-07|2.52881091e-07|1.00000000e-04|PASS
[run ] n1024_b1         | Len:   1024 | Batch:     1 | Thr:10 | Fwd:    0.0019 ms    27.35 GF/s (iters:40204) | Bwd:    0.0019 ms    27.15 GF/s (iters:48243) | Slots:32768 | Mem: 512.01 MB
RESULT|avx512_c05_t10|throughput|n1024_b1|1024|1|1|1|10|0.001872|27.346830|0.001886|27.146516|512.01
CHECK|avx512_c05_t10|throughput|n2048_b1|2048|1|1|1|10|1.45184027e-07|3.37174788e-07|1.00000000e-04|PASS
[run ] n2048_b1         | Len:   2048 | Batch:     1 | Thr:10 | Fwd:    0.0040 ms    28.05 GF/s (iters:22611) | Bwd:    0.0039 ms    28.60 GF/s (iters:23399) | Slots:32768 | Mem:1024.02 MB
RESULT|avx512_c05_t10|throughput|n2048_b1|2048|1|1|1|10|0.004016|28.045370|0.003939|28.596418|1024.02
CHECK|avx512_c05_t10|throughput|n4096_b1|4096|1|1|1|10|1.45690048e-07|3.20980835e-07|1.00000000e-04|PASS
[run ] n4096_b1         | Len:   4096 | Batch:     1 | Thr:10 | Fwd:    0.0071 ms    34.53 GF/s (iters:12924) | Bwd:    0.0073 ms    33.63 GF/s (iters:11723) | Slots:16384 | Mem:1024.03 MB
RESULT|avx512_c05_t10|throughput|n4096_b1|4096|1|1|1|10|0.007117|34.529302|0.007308|33.629152|1024.03
CHECK|avx512_c05_t10|throughput|n8192_b1|8192|1|1|1|10|1.89483007e-07|5.41591103e-07|1.00000000e-04|PASS
[run ] n8192_b1         | Len:   8192 | Batch:     1 | Thr:10 | Fwd:    0.0131 ms    40.64 GF/s (iters:6234) | Bwd:    0.0132 ms    40.49 GF/s (iters:6148) | Slots:8192 | Mem:1024.06 MB
RESULT|avx512_c05_t10|throughput|n8192_b1|8192|1|1|1|10|0.013101|40.644984|0.013150|40.491512|1024.06
CHECK|avx512_c05_t10|throughput|n16384_b1|16384|1|1|1|10|1.95270107e-07|5.37269007e-07|1.00000000e-04|PASS
[run ] n16384_b1        | Len:  16384 | Batch:     1 | Thr:10 | Fwd:    0.0227 ms    50.53 GF/s (iters:3566) | Bwd:    0.0225 ms    50.98 GF/s (iters:3621) | Slots:4096 | Mem:1024.12 MB
RESULT|avx512_c05_t10|throughput|n16384_b1|16384|1|1|1|10|0.022698|50.527098|0.022496|50.982297|1024.12
CHECK|avx512_c05_t10|throughput|n32768_b1|32768|1|1|1|10|2.09355397e-07|5.49527672e-07|1.00000000e-04|PASS
[run ] n32768_b1        | Len:  32768 | Batch:     1 | Thr:10 | Fwd:    0.0409 ms    60.14 GF/s (iters:2017) | Bwd:    0.0409 ms    60.13 GF/s (iters:1945) | Slots:2048 | Mem:1024.25 MB
RESULT|avx512_c05_t10|throughput|n32768_b1|32768|1|1|1|10|0.040862|60.143201|0.040869|60.133366|1024.25
CHECK|avx512_c05_t10|throughput|n65536_b1|65536|1|1|1|10|2.01306545e-07|6.13667377e-07|1.00000000e-04|PASS
[run ] n65536_b1        | Len:  65536 | Batch:     1 | Thr:10 | Fwd:    0.0828 ms    63.29 GF/s (iters:912) | Bwd:    0.0825 ms    63.56 GF/s (iters:953) | Slots:1024 | Mem:1024.50 MB
RESULT|avx512_c05_t10|throughput|n65536_b1|65536|1|1|1|10|0.082838|63.291078|0.082488|63.559444|1024.50
CHECK|avx512_c05_t10|throughput|n131072_b1|131072|1|1|1|10|2.14457557e-07|6.97654480e-07|1.00000000e-04|PASS
[run ] n131072_b1       | Len: 131072 | Batch:     1 | Thr:10 | Fwd:    0.1612 ms    69.10 GF/s (iters:476) | Bwd:    0.1630 ms    68.36 GF/s (iters:482) | Slots:512 | Mem:1025.00 MB
RESULT|avx512_c05_t10|throughput|n131072_b1|131072|1|1|1|10|0.161239|69.097099|0.162974|68.361172|1025.00
CHECK|avx512_c05_t10|throughput|n262144_b1|262144|1|1|1|10|2.13310155e-07|6.97654480e-07|1.00000000e-04|PASS
[run ] n262144_b1       | Len: 262144 | Batch:     1 | Thr:10 | Fwd:    0.3179 ms    74.22 GF/s (iters:244) | Bwd:    0.3205 ms    73.62 GF/s (iters:243) | Slots:256 | Mem:1026.00 MB
RESULT|avx512_c05_t10|throughput|n262144_b1|262144|1|1|1|10|0.317884|74.218667|0.320482|73.617042|1026.00
CHECK|avx512_c05_t10|throughput|n524288_b1|524288|1|1|1|10|2.25376377e-07|8.86086747e-07|1.00000000e-04|PASS
[run ] n524288_b1       | Len: 524288 | Batch:     1 | Thr:10 | Fwd:    0.6891 ms    72.27 GF/s (iters:116) | Bwd:    0.6842 ms    72.80 GF/s (iters:116) | Slots:128 | Mem:1028.00 MB
RESULT|avx512_c05_t10|throughput|n524288_b1|524288|1|1|1|10|0.689143|72.274371|0.684167|72.800040|1028.00
CHECK|avx512_c05_t10|throughput|n1048576_b1|1048576|1|1|1|10|2.21522234e-07|7.20205663e-07|1.00000000e-04|PASS
[run ] n1048576_b1      | Len:1048576 | Batch:     1 | Thr:10 | Fwd:    1.4557 ms    72.03 GF/s (iters:57) | Bwd:    1.4544 ms    72.10 GF/s (iters:56) | Slots: 64 | Mem:1032.00 MB
RESULT|avx512_c05_t10|throughput|n1048576_b1|1048576|1|1|1|10|1.455698|72.032503|1.454387|72.097452|1032.00
CHECK|avx512_c05_t10|throughput|n2097152_b1|2097152|1|1|1|10|2.36765642e-07|8.10710818e-07|1.00000000e-04|PASS
[run ] n2097152_b1      | Len:2097152 | Batch:     1 | Thr:10 | Fwd:    3.1866 ms    69.10 GF/s (iters:25) | Bwd:    3.2303 ms    68.17 GF/s (iters:24) | Slots: 64 | Mem:2064.00 MB
RESULT|avx512_c05_t10|throughput|n2097152_b1|2097152|1|1|1|10|3.186575|69.102715|3.230349|68.166310|2064.00
CHECK|avx512_c05_t10|throughput|n4194304_b1|4194304|1|1|1|10|2.25452393e-07|7.63311891e-07|1.00000000e-04|PASS
[run ] n4194304_b1      | Len:4194304 | Batch:     1 | Thr:10 | Fwd:    7.1154 ms    64.84 GF/s (iters:20) | Bwd:    7.1550 ms    64.48 GF/s (iters:20) | Slots: 47 | Mem:3040.00 MB
RESULT|avx512_c05_t10|throughput|n4194304_b1|4194304|1|1|1|10|7.115393|64.841597|7.154975|64.482885|3040.00

Benchmark workload complete.

[DONE] avx512_c05_t10

============================================================
RUN PROFILE: avx512_c06_t06
Description : MKL AVX-512 pinned to 6 core(s), 6 thread(s)
ISA         : AVX512
Cores       : 6
Threads/core: 1
Threads     : 6
CPU set     : 0,1,2,3,4,5
Workload    : throughput
============================================================
PROFILE|avx512_c06_t06|MKL AVX-512 pinned to 6 core(s), 6 thread(s)|AVX512|6|throughput|2,4,8,16,32,64,128,256,512,1024,2048,4096,8192,16384,32768,65536,131072,262144,524288,1048576,2097152,4194304|1|1,10,20|4194304|1024|10|6|1|0,1,2,3,4,5

############################################################
# FFT BENCHMARK (Intel oneMKL DFTI, 1D, single precision)  #
############################################################
profile_id       : avx512_c06_t06
profile_desc     : MKL AVX-512 pinned to 6 core(s), 6 thread(s)
workload         : throughput
threads(cli)     : 6
mkl max threads  : 6
timed runs       : 20
warmup runs      : 5
min total ms     : 75.0
max adapt iters  : 100000000
validate         : 1
validate tol     : 1.000e-04
validate strict  : 1
stream mode      : 1
stream target MB : 1024.0
stream min slots : 64
stream max slots : 32768
mem cap (MB)     : 3072.0
lengths: 2,4,8,16,32,64,128,256,512,1024,2048,4096,8192,16384,32768,65536,131072,262144,524288,1048576,2097152,4194304
batches: 1
thread_set: 1,2,4,8,10,20
batch_scale_set: 1,4,16,64,256
scale_length     : 16384
scale_batch      : 64
scale_threads    : 6


====================================================================
WORKLOAD: throughput (length x batch at fixed thread count)
====================================================================
threads=6
CHECK|avx512_c06_t06|throughput|n2_b1|2|1|1|1|6|1.14557866e-08|1.49011612e-08|1.00000000e-04|PASS
[run ] n2_b1            | Len:      2 | Batch:     1 | Thr: 6 | Fwd:    0.0000 ms     0.47 GF/s (iters:3589423) | Bwd:    0.0000 ms     0.48 GF/s (iters:3585222) | Slots:32768 | Mem:   1.00 MB
RESULT|avx512_c06_t06|throughput|n2_b1|2|1|1|1|6|0.000021|0.468520|0.000021|0.477964|1.00
CHECK|avx512_c06_t06|throughput|n4_b1|4|1|1|1|6|4.49494167e-08|5.96046448e-08|1.00000000e-04|PASS
[run ] n4_b1            | Len:      4 | Batch:     1 | Thr: 6 | Fwd:    0.0000 ms     1.62 GF/s (iters:3065903) | Bwd:    0.0000 ms     1.54 GF/s (iters:3028161) | Slots:32768 | Mem:   2.00 MB
RESULT|avx512_c06_t06|throughput|n4_b1|4|1|1|1|6|0.000025|1.620774|0.000026|1.541971|2.00
CHECK|avx512_c06_t06|throughput|n8_b1|8|1|1|1|6|6.88878659e-08|1.33280037e-07|1.00000000e-04|PASS
[run ] n8_b1            | Len:      8 | Batch:     1 | Thr: 6 | Fwd:    0.0000 ms     4.68 GF/s (iters:3285333) | Bwd:    0.0000 ms     4.66 GF/s (iters:3269615) | Slots:32768 | Mem:   4.00 MB
RESULT|avx512_c06_t06|throughput|n8_b1|8|1|1|1|6|0.000026|4.676776|0.000026|4.659837|4.00
CHECK|avx512_c06_t06|throughput|n16_b1|16|1|1|1|6|8.06080983e-08|1.33280037e-07|1.00000000e-04|PASS
[run ] n16_b1           | Len:     16 | Batch:     1 | Thr: 6 | Fwd:    0.0000 ms    13.71 GF/s (iters:3254612) | Bwd:    0.0000 ms    12.44 GF/s (iters:3238642) | Slots:32768 | Mem:   8.00 MB
RESULT|avx512_c06_t06|throughput|n16_b1|16|1|1|1|6|0.000023|13.708634|0.000026|12.441152|8.00
CHECK|avx512_c06_t06|throughput|n32_b1|32|1|1|1|6|9.37525156e-08|1.33280037e-07|1.00000000e-04|PASS
[run ] n32_b1           | Len:     32 | Batch:     1 | Thr: 6 | Fwd:    0.0001 ms    15.60 GF/s (iters:1507138) | Bwd:    0.0000 ms    16.23 GF/s (iters:1557571) | Slots:32768 | Mem:  16.00 MB
RESULT|avx512_c06_t06|throughput|n32_b1|32|1|1|1|6|0.000051|15.600766|0.000049|16.233928|16.00
CHECK|avx512_c06_t06|throughput|n64_b1|64|1|1|1|6|1.04453060e-07|1.49011612e-07|1.00000000e-04|PASS
[run ] n64_b1           | Len:     64 | Batch:     1 | Thr: 6 | Fwd:    0.0001 ms    22.62 GF/s (iters:908842) | Bwd:    0.0001 ms    23.15 GF/s (iters:945231) | Slots:32768 | Mem:  32.00 MB
RESULT|avx512_c06_t06|throughput|n64_b1|64|1|1|1|6|0.000085|22.616025|0.000083|23.152129|32.00
CHECK|avx512_c06_t06|throughput|n128_b1|128|1|1|1|6|1.14162990e-07|2.02677705e-07|1.00000000e-04|PASS
[run ] n128_b1          | Len:    128 | Batch:     1 | Thr: 6 | Fwd:    0.0002 ms    24.85 GF/s (iters:486353) | Bwd:    0.0002 ms    24.58 GF/s (iters:496172) | Slots:32768 | Mem:  64.00 MB
RESULT|avx512_c06_t06|throughput|n128_b1|128|1|1|1|6|0.000180|24.848657|0.000182|24.576614|64.00
CHECK|avx512_c06_t06|throughput|n256_b1|256|1|1|1|6|1.20880689e-07|2.14907603e-07|1.00000000e-04|PASS
[run ] n256_b1          | Len:    256 | Batch:     1 | Thr: 6 | Fwd:    0.0005 ms    20.93 GF/s (iters:153496) | Bwd:    0.0005 ms    20.98 GF/s (iters:172445) | Slots:32768 | Mem: 128.00 MB
RESULT|avx512_c06_t06|throughput|n256_b1|256|1|1|1|6|0.000489|20.931755|0.000488|20.979286|128.00
CHECK|avx512_c06_t06|throughput|n512_b1|512|1|1|1|6|1.15796630e-07|2.71920675e-07|1.00000000e-04|PASS
[run ] n512_b1          | Len:    512 | Batch:     1 | Thr: 6 | Fwd:    0.0011 ms    21.77 GF/s (iters:71747) | Bwd:    0.0011 ms    21.92 GF/s (iters:93340) | Slots:32768 | Mem: 256.00 MB
RESULT|avx512_c06_t06|throughput|n512_b1|512|1|1|1|6|0.001059|21.765420|0.001051|21.919206|256.00
CHECK|avx512_c06_t06|throughput|n1024_b1|1024|1|1|1|6|1.24276207e-07|2.52881091e-07|1.00000000e-04|PASS
[run ] n1024_b1         | Len:   1024 | Batch:     1 | Thr: 6 | Fwd:    0.0021 ms    24.78 GF/s (iters:46035) | Bwd:    0.0019 ms    26.69 GF/s (iters:48624) | Slots:32768 | Mem: 512.01 MB
RESULT|avx512_c06_t06|throughput|n1024_b1|1024|1|1|1|6|0.002066|24.778080|0.001918|26.693373|512.01
CHECK|avx512_c06_t06|throughput|n2048_b1|2048|1|1|1|6|1.45184027e-07|3.37174788e-07|1.00000000e-04|PASS
[run ] n2048_b1         | Len:   2048 | Batch:     1 | Thr: 6 | Fwd:    0.0040 ms    28.07 GF/s (iters:21696) | Bwd:    0.0041 ms    27.60 GF/s (iters:22609) | Slots:32768 | Mem:1024.02 MB
RESULT|avx512_c06_t06|throughput|n2048_b1|2048|1|1|1|6|0.004012|28.072660|0.004082|27.596679|1024.02
CHECK|avx512_c06_t06|throughput|n4096_b1|4096|1|1|1|6|1.45690048e-07|3.20980835e-07|1.00000000e-04|PASS
[run ] n4096_b1         | Len:   4096 | Batch:     1 | Thr: 6 | Fwd:    0.0073 ms    33.71 GF/s (iters:10302) | Bwd:    0.0076 ms    32.46 GF/s (iters:12438) | Slots:16384 | Mem:1024.03 MB
RESULT|avx512_c06_t06|throughput|n4096_b1|4096|1|1|1|6|0.007291|33.709440|0.007572|32.456006|1024.03
CHECK|avx512_c06_t06|throughput|n8192_b1|8192|1|1|1|6|1.89483007e-07|5.41591103e-07|1.00000000e-04|PASS
[run ] n8192_b1         | Len:   8192 | Batch:     1 | Thr: 6 | Fwd:    0.0144 ms    37.09 GF/s (iters:5512) | Bwd:    0.0144 ms    36.89 GF/s (iters:5621) | Slots:8192 | Mem:1024.06 MB
RESULT|avx512_c06_t06|throughput|n8192_b1|8192|1|1|1|6|0.014356|37.091028|0.014435|36.888047|1024.06
CHECK|avx512_c06_t06|throughput|n16384_b1|16384|1|1|1|6|1.95270107e-07|5.37269007e-07|1.00000000e-04|PASS
[run ] n16384_b1        | Len:  16384 | Batch:     1 | Thr: 6 | Fwd:    0.0235 ms    48.84 GF/s (iters:3390) | Bwd:    0.0237 ms    48.33 GF/s (iters:3400) | Slots:4096 | Mem:1024.12 MB
RESULT|avx512_c06_t06|throughput|n16384_b1|16384|1|1|1|6|0.023482|48.839846|0.023728|48.334728|1024.12
CHECK|avx512_c06_t06|throughput|n32768_b1|32768|1|1|1|6|2.09355397e-07|5.49527672e-07|1.00000000e-04|PASS
[run ] n32768_b1        | Len:  32768 | Batch:     1 | Thr: 6 | Fwd:    0.0422 ms    58.26 GF/s (iters:2412) | Bwd:    0.0431 ms    56.99 GF/s (iters:2001) | Slots:2048 | Mem:1024.25 MB
RESULT|avx512_c06_t06|throughput|n32768_b1|32768|1|1|1|6|0.042180|58.264456|0.043125|56.988296|1024.25
CHECK|avx512_c06_t06|throughput|n65536_b1|65536|1|1|1|6|2.01306545e-07|6.13667377e-07|1.00000000e-04|PASS
[run ] n65536_b1        | Len:  65536 | Batch:     1 | Thr: 6 | Fwd:    0.0916 ms    57.26 GF/s (iters:953) | Bwd:    0.0976 ms    53.73 GF/s (iters:820) | Slots:1024 | Mem:1024.50 MB
RESULT|avx512_c06_t06|throughput|n65536_b1|65536|1|1|1|6|0.091561|57.260769|0.097582|53.727896|1024.50
CHECK|avx512_c06_t06|throughput|n131072_b1|131072|1|1|1|6|2.14457557e-07|6.97654480e-07|1.00000000e-04|PASS
[run ] n131072_b1       | Len: 131072 | Batch:     1 | Thr: 6 | Fwd:    0.1901 ms    58.60 GF/s (iters:474) | Bwd:    0.1799 ms    61.94 GF/s (iters:450) | Slots:512 | Mem:1025.00 MB
RESULT|avx512_c06_t06|throughput|n131072_b1|131072|1|1|1|6|0.190111|58.603295|0.179866|61.941309|1025.00
CHECK|avx512_c06_t06|throughput|n262144_b1|262144|1|1|1|6|2.13310155e-07|6.97654480e-07|1.00000000e-04|PASS
[run ] n262144_b1       | Len: 262144 | Batch:     1 | Thr: 6 | Fwd:    0.3503 ms    67.35 GF/s (iters:229) | Bwd:    0.3502 ms    67.36 GF/s (iters:218) | Slots:256 | Mem:1026.00 MB
RESULT|avx512_c06_t06|throughput|n262144_b1|262144|1|1|1|6|0.350329|67.345166|0.350238|67.362693|1026.00
CHECK|avx512_c06_t06|throughput|n524288_b1|524288|1|1|1|6|2.25376377e-07|8.86086747e-07|1.00000000e-04|PASS
[run ] n524288_b1       | Len: 524288 | Batch:     1 | Thr: 6 | Fwd:    0.7137 ms    69.79 GF/s (iters:111) | Bwd:    0.7244 ms    68.76 GF/s (iters:109) | Slots:128 | Mem:1028.00 MB
RESULT|avx512_c06_t06|throughput|n524288_b1|524288|1|1|1|6|0.713712|69.786388|0.724356|68.760879|1028.00
CHECK|avx512_c06_t06|throughput|n1048576_b1|1048576|1|1|1|6|2.21522234e-07|7.20205663e-07|1.00000000e-04|PASS
[run ] n1048576_b1      | Len:1048576 | Batch:     1 | Thr: 6 | Fwd:    2.0889 ms    50.20 GF/s (iters:38) | Bwd:    2.0601 ms    50.90 GF/s (iters:38) | Slots: 64 | Mem:1032.00 MB
RESULT|avx512_c06_t06|throughput|n1048576_b1|1048576|1|1|1|6|2.088897|50.197582|2.060089|50.899554|1032.00
CHECK|avx512_c06_t06|throughput|n2097152_b1|2097152|1|1|1|6|2.36765642e-07|8.10710818e-07|1.00000000e-04|PASS
[run ] n2097152_b1      | Len:2097152 | Batch:     1 | Thr: 6 | Fwd:    3.9931 ms    55.15 GF/s (iters:20) | Bwd:    4.0135 ms    54.86 GF/s (iters:20) | Slots: 64 | Mem:2064.00 MB
RESULT|avx512_c06_t06|throughput|n2097152_b1|2097152|1|1|1|6|3.993113|55.145190|4.013532|54.864627|2064.00
CHECK|avx512_c06_t06|throughput|n4194304_b1|4194304|1|1|1|6|2.25452393e-07|7.63311891e-07|1.00000000e-04|PASS
[run ] n4194304_b1      | Len:4194304 | Batch:     1 | Thr: 6 | Fwd:   11.2637 ms    40.96 GF/s (iters:20) | Bwd:   11.0079 ms    41.91 GF/s (iters:20) | Slots: 47 | Mem:3040.00 MB
RESULT|avx512_c06_t06|throughput|n4194304_b1|4194304|1|1|1|6|11.263696|40.961105|11.007885|41.912997|3040.00

Benchmark workload complete.

[DONE] avx512_c06_t06

============================================================
RUN PROFILE: avx512_c06_t12
Description : MKL AVX-512 pinned to 6 core(s), 12 thread(s)
ISA         : AVX512
Cores       : 6
Threads/core: 2
Threads     : 12
CPU set     : 0,1,2,3,4,5,10,11,12,13,14,15
Workload    : throughput
============================================================
PROFILE|avx512_c06_t12|MKL AVX-512 pinned to 6 core(s), 12 thread(s)|AVX512|12|throughput|2,4,8,16,32,64,128,256,512,1024,2048,4096,8192,16384,32768,65536,131072,262144,524288,1048576,2097152,4194304|1|1,10,20|4194304|1024|10|6|2|0,1,2,3,4,5,10,11,12,13,14,15

############################################################
# FFT BENCHMARK (Intel oneMKL DFTI, 1D, single precision)  #
############################################################
profile_id       : avx512_c06_t12
profile_desc     : MKL AVX-512 pinned to 6 core(s), 12 thread(s)
workload         : throughput
threads(cli)     : 12
mkl max threads  : 12
timed runs       : 20
warmup runs      : 5
min total ms     : 75.0
max adapt iters  : 100000000
validate         : 1
validate tol     : 1.000e-04
validate strict  : 1
stream mode      : 1
stream target MB : 1024.0
stream min slots : 64
stream max slots : 32768
mem cap (MB)     : 3072.0
lengths: 2,4,8,16,32,64,128,256,512,1024,2048,4096,8192,16384,32768,65536,131072,262144,524288,1048576,2097152,4194304
batches: 1
thread_set: 1,2,4,8,10,20
batch_scale_set: 1,4,16,64,256
scale_length     : 16384
scale_batch      : 64
scale_threads    : 12


====================================================================
WORKLOAD: throughput (length x batch at fixed thread count)
====================================================================
threads=12
CHECK|avx512_c06_t12|throughput|n2_b1|2|1|1|1|12|1.14557866e-08|1.49011612e-08|1.00000000e-04|PASS
[run ] n2_b1            | Len:      2 | Batch:     1 | Thr:12 | Fwd:    0.0000 ms     0.42 GF/s (iters:3239305) | Bwd:    0.0000 ms     0.27 GF/s (iters:2180655) | Slots:32768 | Mem:   1.00 MB
RESULT|avx512_c06_t12|throughput|n2_b1|2|1|1|1|12|0.000024|0.423902|0.000037|0.272452|1.00
CHECK|avx512_c06_t12|throughput|n4_b1|4|1|1|1|12|4.49494167e-08|5.96046448e-08|1.00000000e-04|PASS
[run ] n4_b1            | Len:      4 | Batch:     1 | Thr:12 | Fwd:    0.0000 ms     1.34 GF/s (iters:2699092) | Bwd:    0.0000 ms     1.33 GF/s (iters:2783189) | Slots:32768 | Mem:   2.00 MB
RESULT|avx512_c06_t12|throughput|n4_b1|4|1|1|1|12|0.000030|1.338789|0.000030|1.332879|2.00
CHECK|avx512_c06_t12|throughput|n8_b1|8|1|1|1|12|6.88878659e-08|1.33280037e-07|1.00000000e-04|PASS
[run ] n8_b1            | Len:      8 | Batch:     1 | Thr:12 | Fwd:    0.0000 ms     4.43 GF/s (iters:3388548) | Bwd:    0.0000 ms     5.05 GF/s (iters:3400424) | Slots:32768 | Mem:   4.00 MB
RESULT|avx512_c06_t12|throughput|n8_b1|8|1|1|1|12|0.000027|4.434174|0.000024|5.053164|4.00
CHECK|avx512_c06_t12|throughput|n16_b1|16|1|1|1|12|8.06080983e-08|1.33280037e-07|1.00000000e-04|PASS
[run ] n16_b1           | Len:     16 | Batch:     1 | Thr:12 | Fwd:    0.0000 ms    13.10 GF/s (iters:3145085) | Bwd:    0.0000 ms    12.72 GF/s (iters:3048157) | Slots:32768 | Mem:   8.00 MB
RESULT|avx512_c06_t12|throughput|n16_b1|16|1|1|1|12|0.000024|13.096276|0.000025|12.721228|8.00
CHECK|avx512_c06_t12|throughput|n32_b1|32|1|1|1|12|9.37525156e-08|1.33280037e-07|1.00000000e-04|PASS
[run ] n32_b1           | Len:     32 | Batch:     1 | Thr:12 | Fwd:    0.0000 ms    16.54 GF/s (iters:1558666) | Bwd:    0.0000 ms    16.52 GF/s (iters:1590039) | Slots:32768 | Mem:  16.00 MB
RESULT|avx512_c06_t12|throughput|n32_b1|32|1|1|1|12|0.000048|16.540462|0.000048|16.524591|16.00
CHECK|avx512_c06_t12|throughput|n64_b1|64|1|1|1|12|1.04453060e-07|1.49011612e-07|1.00000000e-04|PASS
[run ] n64_b1           | Len:     64 | Batch:     1 | Thr:12 | Fwd:    0.0001 ms    23.35 GF/s (iters:926492) | Bwd:    0.0001 ms    23.45 GF/s (iters:1074361) | Slots:32768 | Mem:  32.00 MB
RESULT|avx512_c06_t12|throughput|n64_b1|64|1|1|1|12|0.000082|23.347338|0.000082|23.454185|32.00
CHECK|avx512_c06_t12|throughput|n128_b1|128|1|1|1|12|1.14162990e-07|2.02677705e-07|1.00000000e-04|PASS
[run ] n128_b1          | Len:    128 | Batch:     1 | Thr:12 | Fwd:    0.0002 ms    23.83 GF/s (iters:402327) | Bwd:    0.0002 ms    22.99 GF/s (iters:409028) | Slots:32768 | Mem:  64.00 MB
RESULT|avx512_c06_t12|throughput|n128_b1|128|1|1|1|12|0.000188|23.832847|0.000195|22.990466|64.00
CHECK|avx512_c06_t12|throughput|n256_b1|256|1|1|1|12|1.20880689e-07|2.14907603e-07|1.00000000e-04|PASS
[run ] n256_b1          | Len:    256 | Batch:     1 | Thr:12 | Fwd:    0.0005 ms    21.26 GF/s (iters:163076) | Bwd:    0.0005 ms    21.44 GF/s (iters:188052) | Slots:32768 | Mem: 128.00 MB
RESULT|avx512_c06_t12|throughput|n256_b1|256|1|1|1|12|0.000482|21.256185|0.000478|21.436676|128.00
CHECK|avx512_c06_t12|throughput|n512_b1|512|1|1|1|12|1.15796630e-07|2.71920675e-07|1.00000000e-04|PASS
[run ] n512_b1          | Len:    512 | Batch:     1 | Thr:12 | Fwd:    0.0010 ms    22.23 GF/s (iters:73420) | Bwd:    0.0010 ms    22.05 GF/s (iters:80466) | Slots:32768 | Mem: 256.00 MB
RESULT|avx512_c06_t12|throughput|n512_b1|512|1|1|1|12|0.001037|22.226333|0.001045|22.053274|256.00
CHECK|avx512_c06_t12|throughput|n1024_b1|1024|1|1|1|12|1.24276207e-07|2.52881091e-07|1.00000000e-04|PASS
[run ] n1024_b1         | Len:   1024 | Batch:     1 | Thr:12 | Fwd:    0.0020 ms    26.24 GF/s (iters:38539) | Bwd:    0.0020 ms    25.96 GF/s (iters:47018) | Slots:32768 | Mem: 512.01 MB
RESULT|avx512_c06_t12|throughput|n1024_b1|1024|1|1|1|12|0.001951|26.241571|0.001973|25.956845|512.01
CHECK|avx512_c06_t12|throughput|n2048_b1|2048|1|1|1|12|1.45184027e-07|3.37174788e-07|1.00000000e-04|PASS
[run ] n2048_b1         | Len:   2048 | Batch:     1 | Thr:12 | Fwd:    0.0042 ms    26.96 GF/s (iters:22079) | Bwd:    0.0042 ms    27.11 GF/s (iters:21931) | Slots:32768 | Mem:1024.02 MB
RESULT|avx512_c06_t12|throughput|n2048_b1|2048|1|1|1|12|0.004177|26.964894|0.004155|27.106828|1024.02
CHECK|avx512_c06_t12|throughput|n4096_b1|4096|1|1|1|12|1.45690048e-07|3.20980835e-07|1.00000000e-04|PASS
[run ] n4096_b1         | Len:   4096 | Batch:     1 | Thr:12 | Fwd:    0.0075 ms    32.89 GF/s (iters:12020) | Bwd:    0.0076 ms    32.16 GF/s (iters:11560) | Slots:16384 | Mem:1024.03 MB
RESULT|avx512_c06_t12|throughput|n4096_b1|4096|1|1|1|12|0.007471|32.894292|0.007642|32.160278|1024.03
CHECK|avx512_c06_t12|throughput|n8192_b1|8192|1|1|1|12|1.89483007e-07|5.41591103e-07|1.00000000e-04|PASS
[run ] n8192_b1         | Len:   8192 | Batch:     1 | Thr:12 | Fwd:    0.0132 ms    40.35 GF/s (iters:5959) | Bwd:    0.0132 ms    40.32 GF/s (iters:5933) | Slots:8192 | Mem:1024.06 MB
RESULT|avx512_c06_t12|throughput|n8192_b1|8192|1|1|1|12|0.013196|40.351622|0.013205|40.323731|1024.06
CHECK|avx512_c06_t12|throughput|n16384_b1|16384|1|1|1|12|1.95270107e-07|5.37269007e-07|1.00000000e-04|PASS
[run ] n16384_b1        | Len:  16384 | Batch:     1 | Thr:12 | Fwd:    0.0279 ms    41.03 GF/s (iters:3620) | Bwd:    0.0243 ms    47.14 GF/s (iters:3624) | Slots:4096 | Mem:1024.12 MB
RESULT|avx512_c06_t12|throughput|n16384_b1|16384|1|1|1|12|0.027949|41.034872|0.024328|47.141861|1024.12
CHECK|avx512_c06_t12|throughput|n32768_b1|32768|1|1|1|12|2.09355397e-07|5.49527672e-07|1.00000000e-04|PASS
[run ] n32768_b1        | Len:  32768 | Batch:     1 | Thr:12 | Fwd:    0.0398 ms    61.74 GF/s (iters:1966) | Bwd:    0.0399 ms    61.62 GF/s (iters:2059) | Slots:2048 | Mem:1024.25 MB
RESULT|avx512_c06_t12|throughput|n32768_b1|32768|1|1|1|12|0.039805|61.740246|0.039886|61.615881|1024.25
CHECK|avx512_c06_t12|throughput|n65536_b1|65536|1|1|1|12|2.01306545e-07|6.13667377e-07|1.00000000e-04|PASS
[run ] n65536_b1        | Len:  65536 | Batch:     1 | Thr:12 | Fwd:    0.0761 ms    68.88 GF/s (iters:1093) | Bwd:    0.0763 ms    68.73 GF/s (iters:1055) | Slots:1024 | Mem:1024.50 MB
RESULT|avx512_c06_t12|throughput|n65536_b1|65536|1|1|1|12|0.076114|68.881555|0.076281|68.731200|1024.50
CHECK|avx512_c06_t12|throughput|n131072_b1|131072|1|1|1|12|2.14457557e-07|6.97654480e-07|1.00000000e-04|PASS
[run ] n131072_b1       | Len: 131072 | Batch:     1 | Thr:12 | Fwd:    0.1401 ms    79.50 GF/s (iters:584) | Bwd:    0.1678 ms    66.40 GF/s (iters:569) | Slots:512 | Mem:1025.00 MB
RESULT|avx512_c06_t12|throughput|n131072_b1|131072|1|1|1|12|0.140141|79.499147|0.167786|66.400754|1025.00
CHECK|avx512_c06_t12|throughput|n262144_b1|262144|1|1|1|12|2.13310155e-07|6.97654480e-07|1.00000000e-04|PASS
[run ] n262144_b1       | Len: 262144 | Batch:     1 | Thr:12 | Fwd:    0.3219 ms    73.30 GF/s (iters:247) | Bwd:    0.4326 ms    54.54 GF/s (iters:253) | Slots:256 | Mem:1026.00 MB
RESULT|avx512_c06_t12|throughput|n262144_b1|262144|1|1|1|12|0.321881|73.297037|0.432580|54.540061|1026.00
CHECK|avx512_c06_t12|throughput|n524288_b1|524288|1|1|1|12|2.25376377e-07|8.86086747e-07|1.00000000e-04|PASS
[run ] n524288_b1       | Len: 524288 | Batch:     1 | Thr:12 | Fwd:    0.6229 ms    79.96 GF/s (iters:132) | Bwd:    0.6192 ms    80.44 GF/s (iters:132) | Slots:128 | Mem:1028.00 MB
RESULT|avx512_c06_t12|throughput|n524288_b1|524288|1|1|1|12|0.622876|79.963481|0.619205|80.437583|1028.00
CHECK|avx512_c06_t12|throughput|n1048576_b1|1048576|1|1|1|12|2.21522234e-07|7.20205663e-07|1.00000000e-04|PASS
[run ] n1048576_b1      | Len:1048576 | Batch:     1 | Thr:12 | Fwd:    1.3130 ms    79.86 GF/s (iters:62) | Bwd:    1.3158 ms    79.69 GF/s (iters:62) | Slots: 64 | Mem:1032.00 MB
RESULT|avx512_c06_t12|throughput|n1048576_b1|1048576|1|1|1|12|1.313033|79.859079|1.315778|79.692499|1032.00
CHECK|avx512_c06_t12|throughput|n2097152_b1|2097152|1|1|1|12|2.36765642e-07|8.10710818e-07|1.00000000e-04|PASS
[run ] n2097152_b1      | Len:2097152 | Batch:     1 | Thr:12 | Fwd:    4.5175 ms    48.74 GF/s (iters:20) | Bwd:    2.8139 ms    78.25 GF/s (iters:27) | Slots: 64 | Mem:2064.00 MB
RESULT|avx512_c06_t12|throughput|n2097152_b1|2097152|1|1|1|12|4.517522|48.743753|2.813903|78.254632|2064.00
CHECK|avx512_c06_t12|throughput|n4194304_b1|4194304|1|1|1|12|2.25452393e-07|7.63311891e-07|1.00000000e-04|PASS
[run ] n4194304_b1      | Len:4194304 | Batch:     1 | Thr:12 | Fwd:    6.1562 ms    74.94 GF/s (iters:20) | Bwd:    6.3373 ms    72.80 GF/s (iters:20) | Slots: 47 | Mem:3040.00 MB
RESULT|avx512_c06_t12|throughput|n4194304_b1|4194304|1|1|1|12|6.156182|74.944741|6.337342|72.802358|3040.00

Benchmark workload complete.

[DONE] avx512_c06_t12

============================================================
RUN PROFILE: avx512_c07_t07
Description : MKL AVX-512 pinned to 7 core(s), 7 thread(s)
ISA         : AVX512
Cores       : 7
Threads/core: 1
Threads     : 7
CPU set     : 0,1,2,3,4,5,6
Workload    : throughput
============================================================
PROFILE|avx512_c07_t07|MKL AVX-512 pinned to 7 core(s), 7 thread(s)|AVX512|7|throughput|2,4,8,16,32,64,128,256,512,1024,2048,4096,8192,16384,32768,65536,131072,262144,524288,1048576,2097152,4194304|1|1,10,20|4194304|1024|10|7|1|0,1,2,3,4,5,6

############################################################
# FFT BENCHMARK (Intel oneMKL DFTI, 1D, single precision)  #
############################################################
profile_id       : avx512_c07_t07
profile_desc     : MKL AVX-512 pinned to 7 core(s), 7 thread(s)
workload         : throughput
threads(cli)     : 7
mkl max threads  : 7
timed runs       : 20
warmup runs      : 5
min total ms     : 75.0
max adapt iters  : 100000000
validate         : 1
validate tol     : 1.000e-04
validate strict  : 1
stream mode      : 1
stream target MB : 1024.0
stream min slots : 64
stream max slots : 32768
mem cap (MB)     : 3072.0
lengths: 2,4,8,16,32,64,128,256,512,1024,2048,4096,8192,16384,32768,65536,131072,262144,524288,1048576,2097152,4194304
batches: 1
thread_set: 1,2,4,8,10,20
batch_scale_set: 1,4,16,64,256
scale_length     : 16384
scale_batch      : 64
scale_threads    : 7


====================================================================
WORKLOAD: throughput (length x batch at fixed thread count)
====================================================================
threads=7
CHECK|avx512_c07_t07|throughput|n2_b1|2|1|1|1|7|1.14557866e-08|1.49011612e-08|1.00000000e-04|PASS
[run ] n2_b1            | Len:      2 | Batch:     1 | Thr: 7 | Fwd:    0.0000 ms     0.31 GF/s (iters:3227083) | Bwd:    0.0000 ms     0.49 GF/s (iters:3704317) | Slots:32768 | Mem:   1.00 MB
RESULT|avx512_c07_t07|throughput|n2_b1|2|1|1|1|7|0.000032|0.311485|0.000020|0.487928|1.00
CHECK|avx512_c07_t07|throughput|n4_b1|4|1|1|1|7|4.49494167e-08|5.96046448e-08|1.00000000e-04|PASS
[run ] n4_b1            | Len:      4 | Batch:     1 | Thr: 7 | Fwd:    0.0000 ms     1.46 GF/s (iters:3075729) | Bwd:    0.0000 ms     1.60 GF/s (iters:3167341) | Slots:32768 | Mem:   2.00 MB
RESULT|avx512_c07_t07|throughput|n4_b1|4|1|1|1|7|0.000027|1.461441|0.000025|1.604144|2.00
CHECK|avx512_c07_t07|throughput|n8_b1|8|1|1|1|7|6.88878659e-08|1.33280037e-07|1.00000000e-04|PASS
[run ] n8_b1            | Len:      8 | Batch:     1 | Thr: 7 | Fwd:    0.0000 ms     5.49 GF/s (iters:3456600) | Bwd:    0.0000 ms     4.77 GF/s (iters:3413107) | Slots:32768 | Mem:   4.00 MB
RESULT|avx512_c07_t07|throughput|n8_b1|8|1|1|1|7|0.000022|5.491182|0.000025|4.770165|4.00
CHECK|avx512_c07_t07|throughput|n16_b1|16|1|1|1|7|8.06080983e-08|1.33280037e-07|1.00000000e-04|PASS
[run ] n16_b1           | Len:     16 | Batch:     1 | Thr: 7 | Fwd:    0.0000 ms    12.91 GF/s (iters:3160429) | Bwd:    0.0000 ms    13.41 GF/s (iters:3171364) | Slots:32768 | Mem:   8.00 MB
RESULT|avx512_c07_t07|throughput|n16_b1|16|1|1|1|7|0.000025|12.909657|0.000024|13.405188|8.00
CHECK|avx512_c07_t07|throughput|n32_b1|32|1|1|1|7|9.37525156e-08|1.33280037e-07|1.00000000e-04|PASS
[run ] n32_b1           | Len:     32 | Batch:     1 | Thr: 7 | Fwd:    0.0001 ms    15.36 GF/s (iters:1490334) | Bwd:    0.0001 ms    15.94 GF/s (iters:1600437) | Slots:32768 | Mem:  16.00 MB
RESULT|avx512_c07_t07|throughput|n32_b1|32|1|1|1|7|0.000052|15.355249|0.000050|15.936123|16.00
CHECK|avx512_c07_t07|throughput|n64_b1|64|1|1|1|7|1.04453060e-07|1.49011612e-07|1.00000000e-04|PASS
[run ] n64_b1           | Len:     64 | Batch:     1 | Thr: 7 | Fwd:    0.0001 ms    20.68 GF/s (iters:888979) | Bwd:    0.0001 ms    23.55 GF/s (iters:1211760) | Slots:32768 | Mem:  32.00 MB
RESULT|avx512_c07_t07|throughput|n64_b1|64|1|1|1|7|0.000093|20.679710|0.000082|23.549398|32.00
CHECK|avx512_c07_t07|throughput|n128_b1|128|1|1|1|7|1.14162990e-07|2.02677705e-07|1.00000000e-04|PASS
[run ] n128_b1          | Len:    128 | Batch:     1 | Thr: 7 | Fwd:    0.0002 ms    25.44 GF/s (iters:428224) | Bwd:    0.0002 ms    24.77 GF/s (iters:479094) | Slots:32768 | Mem:  64.00 MB
RESULT|avx512_c07_t07|throughput|n128_b1|128|1|1|1|7|0.000176|25.439650|0.000181|24.771635|64.00
CHECK|avx512_c07_t07|throughput|n256_b1|256|1|1|1|7|1.20880689e-07|2.14907603e-07|1.00000000e-04|PASS
[run ] n256_b1          | Len:    256 | Batch:     1 | Thr: 7 | Fwd:    0.0005 ms    21.39 GF/s (iters:159777) | Bwd:    0.0005 ms    20.97 GF/s (iters:203397) | Slots:32768 | Mem: 128.00 MB
RESULT|avx512_c07_t07|throughput|n256_b1|256|1|1|1|7|0.000479|21.390116|0.000488|20.972436|128.00
CHECK|avx512_c07_t07|throughput|n512_b1|512|1|1|1|7|1.15796630e-07|2.71920675e-07|1.00000000e-04|PASS
[run ] n512_b1          | Len:    512 | Batch:     1 | Thr: 7 | Fwd:    0.0010 ms    22.20 GF/s (iters:73934) | Bwd:    0.0010 ms    22.05 GF/s (iters:87010) | Slots:32768 | Mem: 256.00 MB
RESULT|avx512_c07_t07|throughput|n512_b1|512|1|1|1|7|0.001038|22.200576|0.001045|22.045986|256.00
CHECK|avx512_c07_t07|throughput|n1024_b1|1024|1|1|1|7|1.24276207e-07|2.52881091e-07|1.00000000e-04|PASS
[run ] n1024_b1         | Len:   1024 | Batch:     1 | Thr: 7 | Fwd:    0.0020 ms    25.77 GF/s (iters:47779) | Bwd:    0.0019 ms    26.75 GF/s (iters:39391) | Slots:32768 | Mem: 512.01 MB
RESULT|avx512_c07_t07|throughput|n1024_b1|1024|1|1|1|7|0.001987|25.767982|0.001914|26.751514|512.01
CHECK|avx512_c07_t07|throughput|n2048_b1|2048|1|1|1|7|1.45184027e-07|3.37174788e-07|1.00000000e-04|PASS
[run ] n2048_b1         | Len:   2048 | Batch:     1 | Thr: 7 | Fwd:    0.0040 ms    28.42 GF/s (iters:21773) | Bwd:    0.0039 ms    28.79 GF/s (iters:22706) | Slots:32768 | Mem:1024.02 MB
RESULT|avx512_c07_t07|throughput|n2048_b1|2048|1|1|1|7|0.003963|28.420625|0.003913|28.786259|1024.02
CHECK|avx512_c07_t07|throughput|n4096_b1|4096|1|1|1|7|1.45690048e-07|3.20980835e-07|1.00000000e-04|PASS
[run ] n4096_b1         | Len:   4096 | Batch:     1 | Thr: 7 | Fwd:    0.0074 ms    33.12 GF/s (iters:11497) | Bwd:    0.0075 ms    32.74 GF/s (iters:11337) | Slots:16384 | Mem:1024.03 MB
RESULT|avx512_c07_t07|throughput|n4096_b1|4096|1|1|1|7|0.007421|33.115929|0.007507|32.738536|1024.03
CHECK|avx512_c07_t07|throughput|n8192_b1|8192|1|1|1|7|1.89483007e-07|5.41591103e-07|1.00000000e-04|PASS
[run ] n8192_b1         | Len:   8192 | Batch:     1 | Thr: 7 | Fwd:    0.0133 ms    40.05 GF/s (iters:5673) | Bwd:    0.0153 ms    34.85 GF/s (iters:5708) | Slots:8192 | Mem:1024.06 MB
RESULT|avx512_c07_t07|throughput|n8192_b1|8192|1|1|1|7|0.013296|40.048915|0.015277|34.854542|1024.06
CHECK|avx512_c07_t07|throughput|n16384_b1|16384|1|1|1|7|1.95270107e-07|5.37269007e-07|1.00000000e-04|PASS
[run ] n16384_b1        | Len:  16384 | Batch:     1 | Thr: 7 | Fwd:    0.0231 ms    49.68 GF/s (iters:3569) | Bwd:    0.0253 ms    45.26 GF/s (iters:3063) | Slots:4096 | Mem:1024.12 MB
RESULT|avx512_c07_t07|throughput|n16384_b1|16384|1|1|1|7|0.023084|49.683199|0.025340|45.259357|1024.12
CHECK|avx512_c07_t07|throughput|n32768_b1|32768|1|1|1|7|2.09355397e-07|5.49527672e-07|1.00000000e-04|PASS
[run ] n32768_b1        | Len:  32768 | Batch:     1 | Thr: 7 | Fwd:    0.0412 ms    59.62 GF/s (iters:2219) | Bwd:    0.0458 ms    53.65 GF/s (iters:1760) | Slots:2048 | Mem:1024.25 MB
RESULT|avx512_c07_t07|throughput|n32768_b1|32768|1|1|1|7|0.041219|59.622503|0.045807|53.651450|1024.25
CHECK|avx512_c07_t07|throughput|n65536_b1|65536|1|1|1|7|2.01306545e-07|6.13667377e-07|1.00000000e-04|PASS
[run ] n65536_b1        | Len:  65536 | Batch:     1 | Thr: 7 | Fwd:    0.0749 ms    69.99 GF/s (iters:1308) | Bwd:    0.0829 ms    63.27 GF/s (iters:955) | Slots:1024 | Mem:1024.50 MB
RESULT|avx512_c07_t07|throughput|n65536_b1|65536|1|1|1|7|0.074905|69.993808|0.082859|63.274563|1024.50
CHECK|avx512_c07_t07|throughput|n131072_b1|131072|1|1|1|7|2.14457557e-07|6.97654480e-07|1.00000000e-04|PASS
[run ] n131072_b1       | Len: 131072 | Batch:     1 | Thr: 7 | Fwd:    0.1628 ms    68.44 GF/s (iters:626) | Bwd:    0.1665 ms    66.92 GF/s (iters:480) | Slots:512 | Mem:1025.00 MB
RESULT|avx512_c07_t07|throughput|n131072_b1|131072|1|1|1|7|0.162784|68.441057|0.166481|66.921266|1025.00
CHECK|avx512_c07_t07|throughput|n262144_b1|262144|1|1|1|7|2.13310155e-07|6.97654480e-07|1.00000000e-04|PASS
[run ] n262144_b1       | Len: 262144 | Batch:     1 | Thr: 7 | Fwd:    0.3218 ms    73.32 GF/s (iters:246) | Bwd:    0.3195 ms    73.84 GF/s (iters:248) | Slots:256 | Mem:1026.00 MB
RESULT|avx512_c07_t07|throughput|n262144_b1|262144|1|1|1|7|0.321780|73.320221|0.319517|73.839418|1026.00
CHECK|avx512_c07_t07|throughput|n524288_b1|524288|1|1|1|7|2.25376377e-07|8.86086747e-07|1.00000000e-04|PASS
[run ] n524288_b1       | Len: 524288 | Batch:     1 | Thr: 7 | Fwd:    0.6866 ms    72.55 GF/s (iters:124) | Bwd:    0.6962 ms    71.54 GF/s (iters:119) | Slots:128 | Mem:1028.00 MB
RESULT|avx512_c07_t07|throughput|n524288_b1|524288|1|1|1|7|0.686558|72.546481|0.696208|71.540954|1028.00
CHECK|avx512_c07_t07|throughput|n1048576_b1|1048576|1|1|1|7|2.21522234e-07|7.20205663e-07|1.00000000e-04|PASS
[run ] n1048576_b1      | Len:1048576 | Batch:     1 | Thr: 7 | Fwd:    1.5059 ms    69.63 GF/s (iters:51) | Bwd:    1.4916 ms    70.30 GF/s (iters:52) | Slots: 64 | Mem:1032.00 MB
RESULT|avx512_c07_t07|throughput|n1048576_b1|1048576|1|1|1|7|1.505909|69.630752|1.491602|70.298631|1032.00
CHECK|avx512_c07_t07|throughput|n2097152_b1|2097152|1|1|1|7|2.36765642e-07|8.10710818e-07|1.00000000e-04|PASS
[run ] n2097152_b1      | Len:2097152 | Batch:     1 | Thr: 7 | Fwd:    5.2882 ms    41.64 GF/s (iters:22) | Bwd:    3.6683 ms    60.03 GF/s (iters:22) | Slots: 64 | Mem:2064.00 MB
RESULT|avx512_c07_t07|throughput|n2097152_b1|2097152|1|1|1|7|5.288218|41.639918|3.668312|60.027866|2064.00
CHECK|avx512_c07_t07|throughput|n4194304_b1|4194304|1|1|1|7|2.25452393e-07|7.63311891e-07|1.00000000e-04|PASS
[run ] n4194304_b1      | Len:4194304 | Batch:     1 | Thr: 7 | Fwd:    9.8360 ms    46.91 GF/s (iters:20) | Bwd:    9.8607 ms    46.79 GF/s (iters:20) | Slots: 47 | Mem:3040.00 MB
RESULT|avx512_c07_t07|throughput|n4194304_b1|4194304|1|1|1|7|9.836048|46.906382|9.860694|46.789145|3040.00

Benchmark workload complete.

[DONE] avx512_c07_t07

============================================================
RUN PROFILE: avx512_c07_t14
Description : MKL AVX-512 pinned to 7 core(s), 14 thread(s)
ISA         : AVX512
Cores       : 7
Threads/core: 2
Threads     : 14
CPU set     : 0,1,2,3,4,5,6,10,11,12,13,14,15,16
Workload    : throughput
============================================================
PROFILE|avx512_c07_t14|MKL AVX-512 pinned to 7 core(s), 14 thread(s)|AVX512|14|throughput|2,4,8,16,32,64,128,256,512,1024,2048,4096,8192,16384,32768,65536,131072,262144,524288,1048576,2097152,4194304|1|1,10,20|4194304|1024|10|7|2|0,1,2,3,4,5,6,10,11,12,13,14,15,16

############################################################
# FFT BENCHMARK (Intel oneMKL DFTI, 1D, single precision)  #
############################################################
profile_id       : avx512_c07_t14
profile_desc     : MKL AVX-512 pinned to 7 core(s), 14 thread(s)
workload         : throughput
threads(cli)     : 14
mkl max threads  : 14
timed runs       : 20
warmup runs      : 5
min total ms     : 75.0
max adapt iters  : 100000000
validate         : 1
validate tol     : 1.000e-04
validate strict  : 1
stream mode      : 1
stream target MB : 1024.0
stream min slots : 64
stream max slots : 32768
mem cap (MB)     : 3072.0
lengths: 2,4,8,16,32,64,128,256,512,1024,2048,4096,8192,16384,32768,65536,131072,262144,524288,1048576,2097152,4194304
batches: 1
thread_set: 1,2,4,8,10,20
batch_scale_set: 1,4,16,64,256
scale_length     : 16384
scale_batch      : 64
scale_threads    : 14


====================================================================
WORKLOAD: throughput (length x batch at fixed thread count)
====================================================================
threads=14
CHECK|avx512_c07_t14|throughput|n2_b1|2|1|1|1|14|1.14557866e-08|1.49011612e-08|1.00000000e-04|PASS
[run ] n2_b1            | Len:      2 | Batch:     1 | Thr:14 | Fwd:    0.0000 ms     0.47 GF/s (iters:3592046) | Bwd:    0.0000 ms     0.47 GF/s (iters:3561997) | Slots:32768 | Mem:   1.00 MB
RESULT|avx512_c07_t14|throughput|n2_b1|2|1|1|1|14|0.000021|0.470225|0.000021|0.472414|1.00
CHECK|avx512_c07_t14|throughput|n4_b1|4|1|1|1|14|4.49494167e-08|5.96046448e-08|1.00000000e-04|PASS
[run ] n4_b1            | Len:      4 | Batch:     1 | Thr:14 | Fwd:    0.0000 ms     1.59 GF/s (iters:3029019) | Bwd:    0.0000 ms     1.63 GF/s (iters:3107865) | Slots:32768 | Mem:   2.00 MB
RESULT|avx512_c07_t14|throughput|n4_b1|4|1|1|1|14|0.000025|1.592315|0.000025|1.632352|2.00
CHECK|avx512_c07_t14|throughput|n8_b1|8|1|1|1|14|6.88878659e-08|1.33280037e-07|1.00000000e-04|PASS
[run ] n8_b1            | Len:      8 | Batch:     1 | Thr:14 | Fwd:    0.0000 ms     5.16 GF/s (iters:3265555) | Bwd:    0.0000 ms     5.18 GF/s (iters:3283296) | Slots:32768 | Mem:   4.00 MB
RESULT|avx512_c07_t14|throughput|n8_b1|8|1|1|1|14|0.000023|5.156016|0.000023|5.178752|4.00
CHECK|avx512_c07_t14|throughput|n16_b1|16|1|1|1|14|8.06080983e-08|1.33280037e-07|1.00000000e-04|PASS
[run ] n16_b1           | Len:     16 | Batch:     1 | Thr:14 | Fwd:    0.0000 ms    11.84 GF/s (iters:3134274) | Bwd:    0.0000 ms    13.05 GF/s (iters:3163900) | Slots:32768 | Mem:   8.00 MB
RESULT|avx512_c07_t14|throughput|n16_b1|16|1|1|1|14|0.000027|11.838629|0.000025|13.049084|8.00
CHECK|avx512_c07_t14|throughput|n32_b1|32|1|1|1|14|9.37525156e-08|1.33280037e-07|1.00000000e-04|PASS
[run ] n32_b1           | Len:     32 | Batch:     1 | Thr:14 | Fwd:    0.0001 ms    15.51 GF/s (iters:1511618) | Bwd:    0.0001 ms    15.91 GF/s (iters:1500000) | Slots:32768 | Mem:  16.00 MB
RESULT|avx512_c07_t14|throughput|n32_b1|32|1|1|1|14|0.000052|15.506376|0.000050|15.906216|16.00
CHECK|avx512_c07_t14|throughput|n64_b1|64|1|1|1|14|1.04453060e-07|1.49011612e-07|1.00000000e-04|PASS
[run ] n64_b1           | Len:     64 | Batch:     1 | Thr:14 | Fwd:    0.0001 ms    20.09 GF/s (iters:805771) | Bwd:    0.0001 ms    22.56 GF/s (iters:947509) | Slots:32768 | Mem:  32.00 MB
RESULT|avx512_c07_t14|throughput|n64_b1|64|1|1|1|14|0.000096|20.093799|0.000085|22.560468|32.00
CHECK|avx512_c07_t14|throughput|n128_b1|128|1|1|1|14|1.14162990e-07|2.02677705e-07|1.00000000e-04|PASS
[run ] n128_b1          | Len:    128 | Batch:     1 | Thr:14 | Fwd:    0.0002 ms    24.63 GF/s (iters:415250) | Bwd:    0.0002 ms    24.13 GF/s (iters:485452) | Slots:32768 | Mem:  64.00 MB
RESULT|avx512_c07_t14|throughput|n128_b1|128|1|1|1|14|0.000182|24.626777|0.000186|24.126746|64.00
CHECK|avx512_c07_t14|throughput|n256_b1|256|1|1|1|14|1.20880689e-07|2.14907603e-07|1.00000000e-04|PASS
[run ] n256_b1          | Len:    256 | Batch:     1 | Thr:14 | Fwd:    0.0005 ms    21.57 GF/s (iters:165461) | Bwd:    0.0005 ms    21.89 GF/s (iters:201909) | Slots:32768 | Mem: 128.00 MB
RESULT|avx512_c07_t14|throughput|n256_b1|256|1|1|1|14|0.000475|21.570163|0.000468|21.894153|128.00
CHECK|avx512_c07_t14|throughput|n512_b1|512|1|1|1|14|1.15796630e-07|2.71920675e-07|1.00000000e-04|PASS
[run ] n512_b1          | Len:    512 | Batch:     1 | Thr:14 | Fwd:    0.0010 ms    22.59 GF/s (iters:73960) | Bwd:    0.0011 ms    21.57 GF/s (iters:83668) | Slots:32768 | Mem: 256.00 MB
RESULT|avx512_c07_t14|throughput|n512_b1|512|1|1|1|14|0.001020|22.585865|0.001068|21.570437|256.00
CHECK|avx512_c07_t14|throughput|n1024_b1|1024|1|1|1|14|1.24276207e-07|2.52881091e-07|1.00000000e-04|PASS
[run ] n1024_b1         | Len:   1024 | Batch:     1 | Thr:14 | Fwd:    0.0020 ms    26.22 GF/s (iters:48238) | Bwd:    0.0020 ms    25.33 GF/s (iters:47167) | Slots:32768 | Mem: 512.01 MB
RESULT|avx512_c07_t14|throughput|n1024_b1|1024|1|1|1|14|0.001953|26.221952|0.002021|25.333813|512.01
CHECK|avx512_c07_t14|throughput|n2048_b1|2048|1|1|1|14|1.45184027e-07|3.37174788e-07|1.00000000e-04|PASS
[run ] n2048_b1         | Len:   2048 | Batch:     1 | Thr:14 | Fwd:    0.0041 ms    27.81 GF/s (iters:21110) | Bwd:    0.0040 ms    27.95 GF/s (iters:22231) | Slots:32768 | Mem:1024.02 MB
RESULT|avx512_c07_t14|throughput|n2048_b1|2048|1|1|1|14|0.004051|27.805574|0.004030|27.946912|1024.02
CHECK|avx512_c07_t14|throughput|n4096_b1|4096|1|1|1|14|1.45690048e-07|3.20980835e-07|1.00000000e-04|PASS
[run ] n4096_b1         | Len:   4096 | Batch:     1 | Thr:14 | Fwd:    0.0073 ms    33.89 GF/s (iters:12222) | Bwd:    0.0075 ms    32.96 GF/s (iters:11718) | Slots:16384 | Mem:1024.03 MB
RESULT|avx512_c07_t14|throughput|n4096_b1|4096|1|1|1|14|0.007253|33.886211|0.007456|32.959503|1024.03
CHECK|avx512_c07_t14|throughput|n8192_b1|8192|1|1|1|14|1.89483007e-07|5.41591103e-07|1.00000000e-04|PASS
[run ] n8192_b1         | Len:   8192 | Batch:     1 | Thr:14 | Fwd:    0.0141 ms    37.82 GF/s (iters:6337) | Bwd:    0.0125 ms    42.44 GF/s (iters:6153) | Slots:8192 | Mem:1024.06 MB
RESULT|avx512_c07_t14|throughput|n8192_b1|8192|1|1|1|14|0.014080|37.816970|0.012547|42.437944|1024.06
CHECK|avx512_c07_t14|throughput|n16384_b1|16384|1|1|1|14|1.95270107e-07|5.37269007e-07|1.00000000e-04|PASS
[run ] n16384_b1        | Len:  16384 | Batch:     1 | Thr:14 | Fwd:    0.0206 ms    55.55 GF/s (iters:3981) | Bwd:    0.0208 ms    55.20 GF/s (iters:3768) | Slots:4096 | Mem:1024.12 MB
RESULT|avx512_c07_t14|throughput|n16384_b1|16384|1|1|1|14|0.020646|55.550561|0.020776|55.203022|1024.12
CHECK|avx512_c07_t14|throughput|n32768_b1|32768|1|1|1|14|2.09355397e-07|5.49527672e-07|1.00000000e-04|PASS
[run ] n32768_b1        | Len:  32768 | Batch:     1 | Thr:14 | Fwd:    0.0398 ms    61.75 GF/s (iters:2141) | Bwd:    0.0396 ms    62.14 GF/s (iters:2032) | Slots:2048 | Mem:1024.25 MB
RESULT|avx512_c07_t14|throughput|n32768_b1|32768|1|1|1|14|0.039800|61.749076|0.039551|62.137608|1024.25
CHECK|avx512_c07_t14|throughput|n65536_b1|65536|1|1|1|14|2.01306545e-07|6.13667377e-07|1.00000000e-04|PASS
[run ] n65536_b1        | Len:  65536 | Batch:     1 | Thr:14 | Fwd:    0.0673 ms    77.94 GF/s (iters:1186) | Bwd:    0.0679 ms    77.26 GF/s (iters:1192) | Slots:1024 | Mem:1024.50 MB
RESULT|avx512_c07_t14|throughput|n65536_b1|65536|1|1|1|14|0.067266|77.942984|0.067856|77.264692|1024.50
CHECK|avx512_c07_t14|throughput|n131072_b1|131072|1|1|1|14|2.14457557e-07|6.97654480e-07|1.00000000e-04|PASS
[run ] n131072_b1       | Len: 131072 | Batch:     1 | Thr:14 | Fwd:    0.1844 ms    60.42 GF/s (iters:624) | Bwd:    0.1455 ms    76.59 GF/s (iters:528) | Slots:512 | Mem:1025.00 MB
RESULT|avx512_c07_t14|throughput|n131072_b1|131072|1|1|1|14|0.184379|60.424978|0.145456|76.594587|1025.00
CHECK|avx512_c07_t14|throughput|n262144_b1|262144|1|1|1|14|2.13310155e-07|6.97654480e-07|1.00000000e-04|PASS
[run ] n262144_b1       | Len: 262144 | Batch:     1 | Thr:14 | Fwd:    0.2595 ms    90.91 GF/s (iters:299) | Bwd:    0.2567 ms    91.90 GF/s (iters:302) | Slots:256 | Mem:1026.00 MB
RESULT|avx512_c07_t14|throughput|n262144_b1|262144|1|1|1|14|0.259521|90.909629|0.256713|91.904013|1026.00
CHECK|avx512_c07_t14|throughput|n524288_b1|524288|1|1|1|14|2.25376377e-07|8.86086747e-07|1.00000000e-04|PASS
[run ] n524288_b1       | Len: 524288 | Batch:     1 | Thr:14 | Fwd:    0.5475 ms    90.98 GF/s (iters:150) | Bwd:    0.5541 ms    89.88 GF/s (iters:147) | Slots:128 | Mem:1028.00 MB
RESULT|avx512_c07_t14|throughput|n524288_b1|524288|1|1|1|14|0.547453|90.980144|0.554124|89.884889|1028.00
CHECK|avx512_c07_t14|throughput|n1048576_b1|1048576|1|1|1|14|2.21522234e-07|7.20205663e-07|1.00000000e-04|PASS
[run ] n1048576_b1      | Len:1048576 | Batch:     1 | Thr:14 | Fwd:    1.2236 ms    85.70 GF/s (iters:62) | Bwd:    1.2281 ms    85.38 GF/s (iters:62) | Slots: 64 | Mem:1032.00 MB
RESULT|avx512_c07_t14|throughput|n1048576_b1|1048576|1|1|1|14|1.223579|85.697484|1.228132|85.379759|1032.00
CHECK|avx512_c07_t14|throughput|n2097152_b1|2097152|1|1|1|14|2.36765642e-07|8.10710818e-07|1.00000000e-04|PASS
[run ] n2097152_b1      | Len:2097152 | Batch:     1 | Thr:14 | Fwd:    2.6680 ms    82.53 GF/s (iters:29) | Bwd:    2.7430 ms    80.28 GF/s (iters:29) | Slots: 64 | Mem:2064.00 MB
RESULT|avx512_c07_t14|throughput|n2097152_b1|2097152|1|1|1|14|2.668025|82.533323|2.743021|80.276807|2064.00
CHECK|avx512_c07_t14|throughput|n4194304_b1|4194304|1|1|1|14|2.25452393e-07|7.63311891e-07|1.00000000e-04|PASS
[run ] n4194304_b1      | Len:4194304 | Batch:     1 | Thr:14 | Fwd:    5.6097 ms    82.25 GF/s (iters:20) | Bwd:    5.7100 ms    80.80 GF/s (iters:20) | Slots: 47 | Mem:3040.00 MB
RESULT|avx512_c07_t14|throughput|n4194304_b1|4194304|1|1|1|14|5.609681|82.245929|5.710023|80.800628|3040.00

Benchmark workload complete.

[DONE] avx512_c07_t14

============================================================
RUN PROFILE: avx512_c08_t08
Description : MKL AVX-512 pinned to 8 core(s), 8 thread(s)
ISA         : AVX512
Cores       : 8
Threads/core: 1
Threads     : 8
CPU set     : 0,1,2,3,4,5,6,7
Workload    : throughput
============================================================
PROFILE|avx512_c08_t08|MKL AVX-512 pinned to 8 core(s), 8 thread(s)|AVX512|8|throughput|2,4,8,16,32,64,128,256,512,1024,2048,4096,8192,16384,32768,65536,131072,262144,524288,1048576,2097152,4194304|1|1,10,20|4194304|1024|10|8|1|0,1,2,3,4,5,6,7

############################################################
# FFT BENCHMARK (Intel oneMKL DFTI, 1D, single precision)  #
############################################################
profile_id       : avx512_c08_t08
profile_desc     : MKL AVX-512 pinned to 8 core(s), 8 thread(s)
workload         : throughput
threads(cli)     : 8
mkl max threads  : 8
timed runs       : 20
warmup runs      : 5
min total ms     : 75.0
max adapt iters  : 100000000
validate         : 1
validate tol     : 1.000e-04
validate strict  : 1
stream mode      : 1
stream target MB : 1024.0
stream min slots : 64
stream max slots : 32768
mem cap (MB)     : 3072.0
lengths: 2,4,8,16,32,64,128,256,512,1024,2048,4096,8192,16384,32768,65536,131072,262144,524288,1048576,2097152,4194304
batches: 1
thread_set: 1,2,4,8,10,20
batch_scale_set: 1,4,16,64,256
scale_length     : 16384
scale_batch      : 64
scale_threads    : 8


====================================================================
WORKLOAD: throughput (length x batch at fixed thread count)
====================================================================
threads=8
CHECK|avx512_c08_t08|throughput|n2_b1|2|1|1|1|8|1.14557866e-08|1.49011612e-08|1.00000000e-04|PASS
[run ] n2_b1            | Len:      2 | Batch:     1 | Thr: 8 | Fwd:    0.0000 ms     0.46 GF/s (iters:3618500) | Bwd:    0.0000 ms     0.48 GF/s (iters:3680518) | Slots:32768 | Mem:   1.00 MB
RESULT|avx512_c08_t08|throughput|n2_b1|2|1|1|1|8|0.000022|0.456223|0.000021|0.484270|1.00
CHECK|avx512_c08_t08|throughput|n4_b1|4|1|1|1|8|4.49494167e-08|5.96046448e-08|1.00000000e-04|PASS
[run ] n4_b1            | Len:      4 | Batch:     1 | Thr: 8 | Fwd:    0.0000 ms     1.57 GF/s (iters:2970978) | Bwd:    0.0000 ms     1.60 GF/s (iters:3080807) | Slots:32768 | Mem:   2.00 MB
RESULT|avx512_c08_t08|throughput|n4_b1|4|1|1|1|8|0.000025|1.572750|0.000025|1.603713|2.00
CHECK|avx512_c08_t08|throughput|n8_b1|8|1|1|1|8|6.88878659e-08|1.33280037e-07|1.00000000e-04|PASS
[run ] n8_b1            | Len:      8 | Batch:     1 | Thr: 8 | Fwd:    0.0000 ms     5.16 GF/s (iters:3337929) | Bwd:    0.0000 ms     5.34 GF/s (iters:3374556) | Slots:32768 | Mem:   4.00 MB
RESULT|avx512_c08_t08|throughput|n8_b1|8|1|1|1|8|0.000023|5.160194|0.000022|5.336435|4.00
CHECK|avx512_c08_t08|throughput|n16_b1|16|1|1|1|8|8.06080983e-08|1.33280037e-07|1.00000000e-04|PASS
[run ] n16_b1           | Len:     16 | Batch:     1 | Thr: 8 | Fwd:    0.0000 ms    13.25 GF/s (iters:3149423) | Bwd:    0.0000 ms    13.07 GF/s (iters:3270546) | Slots:32768 | Mem:   8.00 MB
RESULT|avx512_c08_t08|throughput|n16_b1|16|1|1|1|8|0.000024|13.252276|0.000024|13.074783|8.00
CHECK|avx512_c08_t08|throughput|n32_b1|32|1|1|1|8|9.37525156e-08|1.33280037e-07|1.00000000e-04|PASS
[run ] n32_b1           | Len:     32 | Batch:     1 | Thr: 8 | Fwd:    0.0000 ms    16.03 GF/s (iters:1511998) | Bwd:    0.0001 ms    15.90 GF/s (iters:1497818) | Slots:32768 | Mem:  16.00 MB
RESULT|avx512_c08_t08|throughput|n32_b1|32|1|1|1|8|0.000050|16.028238|0.000050|15.902156|16.00
CHECK|avx512_c08_t08|throughput|n64_b1|64|1|1|1|8|1.04453060e-07|1.49011612e-07|1.00000000e-04|PASS
[run ] n64_b1           | Len:     64 | Batch:     1 | Thr: 8 | Fwd:    0.0001 ms    26.11 GF/s (iters:1034611) | Bwd:    0.0001 ms    25.85 GF/s (iters:1015407) | Slots:32768 | Mem:  32.00 MB
RESULT|avx512_c08_t08|throughput|n64_b1|64|1|1|1|8|0.000074|26.112488|0.000074|25.849041|32.00
CHECK|avx512_c08_t08|throughput|n128_b1|128|1|1|1|8|1.14162990e-07|2.02677705e-07|1.00000000e-04|PASS
[run ] n128_b1          | Len:    128 | Batch:     1 | Thr: 8 | Fwd:    0.0002 ms    25.97 GF/s (iters:467697) | Bwd:    0.0002 ms    26.21 GF/s (iters:488164) | Slots:32768 | Mem:  64.00 MB
RESULT|avx512_c08_t08|throughput|n128_b1|128|1|1|1|8|0.000172|25.973634|0.000171|26.213071|64.00
CHECK|avx512_c08_t08|throughput|n256_b1|256|1|1|1|8|1.20880689e-07|2.14907603e-07|1.00000000e-04|PASS
[run ] n256_b1          | Len:    256 | Batch:     1 | Thr: 8 | Fwd:    0.0005 ms    21.71 GF/s (iters:182003) | Bwd:    0.0005 ms    21.81 GF/s (iters:181310) | Slots:32768 | Mem: 128.00 MB
RESULT|avx512_c08_t08|throughput|n256_b1|256|1|1|1|8|0.000472|21.708320|0.000470|21.809659|128.00
CHECK|avx512_c08_t08|throughput|n512_b1|512|1|1|1|8|1.15796630e-07|2.71920675e-07|1.00000000e-04|PASS
[run ] n512_b1          | Len:    512 | Batch:     1 | Thr: 8 | Fwd:    0.0010 ms    22.68 GF/s (iters:79813) | Bwd:    0.0010 ms    22.35 GF/s (iters:85673) | Slots:32768 | Mem: 256.00 MB
RESULT|avx512_c08_t08|throughput|n512_b1|512|1|1|1|8|0.001016|22.678421|0.001031|22.347074|256.00
CHECK|avx512_c08_t08|throughput|n1024_b1|1024|1|1|1|8|1.24276207e-07|2.52881091e-07|1.00000000e-04|PASS
[run ] n1024_b1         | Len:   1024 | Batch:     1 | Thr: 8 | Fwd:    0.0019 ms    26.66 GF/s (iters:44928) | Bwd:    0.0019 ms    26.81 GF/s (iters:47639) | Slots:32768 | Mem: 512.01 MB
RESULT|avx512_c08_t08|throughput|n1024_b1|1024|1|1|1|8|0.001920|26.664797|0.001910|26.806105|512.01
CHECK|avx512_c08_t08|throughput|n2048_b1|2048|1|1|1|8|1.45184027e-07|3.37174788e-07|1.00000000e-04|PASS
[run ] n2048_b1         | Len:   2048 | Batch:     1 | Thr: 8 | Fwd:    0.0040 ms    27.87 GF/s (iters:22604) | Bwd:    0.0040 ms    28.38 GF/s (iters:21980) | Slots:32768 | Mem:1024.02 MB
RESULT|avx512_c08_t08|throughput|n2048_b1|2048|1|1|1|8|0.004042|27.865461|0.003969|28.378316|1024.02
CHECK|avx512_c08_t08|throughput|n4096_b1|4096|1|1|1|8|1.45690048e-07|3.20980835e-07|1.00000000e-04|PASS
[run ] n4096_b1         | Len:   4096 | Batch:     1 | Thr: 8 | Fwd:    0.0075 ms    32.72 GF/s (iters:10347) | Bwd:    0.0076 ms    32.42 GF/s (iters:11184) | Slots:16384 | Mem:1024.03 MB
RESULT|avx512_c08_t08|throughput|n4096_b1|4096|1|1|1|8|0.007511|32.719144|0.007580|32.423124|1024.03
CHECK|avx512_c08_t08|throughput|n8192_b1|8192|1|1|1|8|1.89483007e-07|5.41591103e-07|1.00000000e-04|PASS
[run ] n8192_b1         | Len:   8192 | Batch:     1 | Thr: 8 | Fwd:    0.0119 ms    44.72 GF/s (iters:6650) | Bwd:    0.0119 ms    44.84 GF/s (iters:6414) | Slots:8192 | Mem:1024.06 MB
RESULT|avx512_c08_t08|throughput|n8192_b1|8192|1|1|1|8|0.011907|44.718841|0.011876|44.838276|1024.06
CHECK|avx512_c08_t08|throughput|n16384_b1|16384|1|1|1|8|1.95270107e-07|5.37269007e-07|1.00000000e-04|PASS
[run ] n16384_b1        | Len:  16384 | Batch:     1 | Thr: 8 | Fwd:    0.0191 ms    59.95 GF/s (iters:4120) | Bwd:    0.0191 ms    60.11 GF/s (iters:4698) | Slots:4096 | Mem:1024.12 MB
RESULT|avx512_c08_t08|throughput|n16384_b1|16384|1|1|1|8|0.019131|59.949180|0.019078|60.114072|1024.12
CHECK|avx512_c08_t08|throughput|n32768_b1|32768|1|1|1|8|2.09355397e-07|5.49527672e-07|1.00000000e-04|PASS
[run ] n32768_b1        | Len:  32768 | Batch:     1 | Thr: 8 | Fwd:    0.0340 ms    72.30 GF/s (iters:2668) | Bwd:    0.0338 ms    72.68 GF/s (iters:2429) | Slots:2048 | Mem:1024.25 MB
RESULT|avx512_c08_t08|throughput|n32768_b1|32768|1|1|1|8|0.033991|72.302443|0.033813|72.681665|1024.25
CHECK|avx512_c08_t08|throughput|n65536_b1|65536|1|1|1|8|2.01306545e-07|6.13667377e-07|1.00000000e-04|PASS
[run ] n65536_b1        | Len:  65536 | Batch:     1 | Thr: 8 | Fwd:    0.0697 ms    75.18 GF/s (iters:1142) | Bwd:    0.0688 ms    76.22 GF/s (iters:1216) | Slots:1024 | Mem:1024.50 MB
RESULT|avx512_c08_t08|throughput|n65536_b1|65536|1|1|1|8|0.069739|75.178336|0.068789|76.216597|1024.50
CHECK|avx512_c08_t08|throughput|n131072_b1|131072|1|1|1|8|2.14457557e-07|6.97654480e-07|1.00000000e-04|PASS
[run ] n131072_b1       | Len: 131072 | Batch:     1 | Thr: 8 | Fwd:    0.1726 ms    64.56 GF/s (iters:465) | Bwd:    0.1745 ms    63.85 GF/s (iters:456) | Slots:512 | Mem:1025.00 MB
RESULT|avx512_c08_t08|throughput|n131072_b1|131072|1|1|1|8|0.172580|64.556135|0.174478|63.854177|1025.00
CHECK|avx512_c08_t08|throughput|n262144_b1|262144|1|1|1|8|2.13310155e-07|6.97654480e-07|1.00000000e-04|PASS
[run ] n262144_b1       | Len: 262144 | Batch:     1 | Thr: 8 | Fwd:    0.3092 ms    76.30 GF/s (iters:256) | Bwd:    0.3248 ms    72.64 GF/s (iters:245) | Slots:256 | Mem:1026.00 MB
RESULT|avx512_c08_t08|throughput|n262144_b1|262144|1|1|1|8|0.309230|76.295836|0.324780|72.642892|1026.00
CHECK|avx512_c08_t08|throughput|n524288_b1|524288|1|1|1|8|2.25376377e-07|8.86086747e-07|1.00000000e-04|PASS
[run ] n524288_b1       | Len: 524288 | Batch:     1 | Thr: 8 | Fwd:    0.7062 ms    70.53 GF/s (iters:109) | Bwd:    0.7399 ms    67.32 GF/s (iters:103) | Slots:128 | Mem:1028.00 MB
RESULT|avx512_c08_t08|throughput|n524288_b1|524288|1|1|1|8|0.706152|70.533488|0.739879|67.318268|1028.00
CHECK|avx512_c08_t08|throughput|n1048576_b1|1048576|1|1|1|8|2.21522234e-07|7.20205663e-07|1.00000000e-04|PASS
[run ] n1048576_b1      | Len:1048576 | Batch:     1 | Thr: 8 | Fwd:    2.0905 ms    50.16 GF/s (iters:39) | Bwd:    2.0154 ms    52.03 GF/s (iters:42) | Slots: 64 | Mem:1032.00 MB
RESULT|avx512_c08_t08|throughput|n1048576_b1|1048576|1|1|1|8|2.090529|50.158413|2.015427|52.027478|1032.00
CHECK|avx512_c08_t08|throughput|n2097152_b1|2097152|1|1|1|8|2.36765642e-07|8.10710818e-07|1.00000000e-04|PASS
[run ] n2097152_b1      | Len:2097152 | Batch:     1 | Thr: 8 | Fwd:    4.0278 ms    54.67 GF/s (iters:20) | Bwd:    4.1878 ms    52.58 GF/s (iters:20) | Slots: 64 | Mem:2064.00 MB
RESULT|avx512_c08_t08|throughput|n2097152_b1|2097152|1|1|1|8|4.027794|54.670358|4.187783|52.581750|2064.00
CHECK|avx512_c08_t08|throughput|n4194304_b1|4194304|1|1|1|8|2.25452393e-07|7.63311891e-07|1.00000000e-04|PASS
[run ] n4194304_b1      | Len:4194304 | Batch:     1 | Thr: 8 | Fwd:   10.1776 ms    45.33 GF/s (iters:20) | Bwd:   10.3038 ms    44.78 GF/s (iters:20) | Slots: 47 | Mem:3040.00 MB
RESULT|avx512_c08_t08|throughput|n4194304_b1|4194304|1|1|1|8|10.177579|45.332336|10.303760|44.777193|3040.00

Benchmark workload complete.

[DONE] avx512_c08_t08

============================================================
RUN PROFILE: avx512_c08_t16
Description : MKL AVX-512 pinned to 8 core(s), 16 thread(s)
ISA         : AVX512
Cores       : 8
Threads/core: 2
Threads     : 16
CPU set     : 0,1,2,3,4,5,6,7,10,11,12,13,14,15,16,17
Workload    : throughput
============================================================
PROFILE|avx512_c08_t16|MKL AVX-512 pinned to 8 core(s), 16 thread(s)|AVX512|16|throughput|2,4,8,16,32,64,128,256,512,1024,2048,4096,8192,16384,32768,65536,131072,262144,524288,1048576,2097152,4194304|1|1,10,20|4194304|1024|10|8|2|0,1,2,3,4,5,6,7,10,11,12,13,14,15,16,17

############################################################
# FFT BENCHMARK (Intel oneMKL DFTI, 1D, single precision)  #
############################################################
profile_id       : avx512_c08_t16
profile_desc     : MKL AVX-512 pinned to 8 core(s), 16 thread(s)
workload         : throughput
threads(cli)     : 16
mkl max threads  : 16
timed runs       : 20
warmup runs      : 5
min total ms     : 75.0
max adapt iters  : 100000000
validate         : 1
validate tol     : 1.000e-04
validate strict  : 1
stream mode      : 1
stream target MB : 1024.0
stream min slots : 64
stream max slots : 32768
mem cap (MB)     : 3072.0
lengths: 2,4,8,16,32,64,128,256,512,1024,2048,4096,8192,16384,32768,65536,131072,262144,524288,1048576,2097152,4194304
batches: 1
thread_set: 1,2,4,8,10,20
batch_scale_set: 1,4,16,64,256
scale_length     : 16384
scale_batch      : 64
scale_threads    : 16


====================================================================
WORKLOAD: throughput (length x batch at fixed thread count)
====================================================================
threads=16
CHECK|avx512_c08_t16|throughput|n2_b1|2|1|1|1|16|1.14557866e-08|1.49011612e-08|1.00000000e-04|PASS
[run ] n2_b1            | Len:      2 | Batch:     1 | Thr:16 | Fwd:    0.0000 ms     0.49 GF/s (iters:3696628) | Bwd:    0.0000 ms     0.33 GF/s (iters:3608409) | Slots:32768 | Mem:   1.00 MB
RESULT|avx512_c08_t16|throughput|n2_b1|2|1|1|1|16|0.000021|0.485263|0.000030|0.328993|1.00
CHECK|avx512_c08_t16|throughput|n4_b1|4|1|1|1|16|4.49494167e-08|5.96046448e-08|1.00000000e-04|PASS
[run ] n4_b1            | Len:      4 | Batch:     1 | Thr:16 | Fwd:    0.0000 ms     1.31 GF/s (iters:3009578) | Bwd:    0.0000 ms     1.54 GF/s (iters:2883275) | Slots:32768 | Mem:   2.00 MB
RESULT|avx512_c08_t16|throughput|n4_b1|4|1|1|1|16|0.000031|1.306001|0.000026|1.535090|2.00
CHECK|avx512_c08_t16|throughput|n8_b1|8|1|1|1|16|6.88878659e-08|1.33280037e-07|1.00000000e-04|PASS
[run ] n8_b1            | Len:      8 | Batch:     1 | Thr:16 | Fwd:    0.0000 ms     5.46 GF/s (iters:3453757) | Bwd:    0.0000 ms     4.86 GF/s (iters:3380927) | Slots:32768 | Mem:   4.00 MB
RESULT|avx512_c08_t16|throughput|n8_b1|8|1|1|1|16|0.000022|5.456409|0.000025|4.857640|4.00
CHECK|avx512_c08_t16|throughput|n16_b1|16|1|1|1|16|8.06080983e-08|1.33280037e-07|1.00000000e-04|PASS
[run ] n16_b1           | Len:     16 | Batch:     1 | Thr:16 | Fwd:    0.0000 ms    12.49 GF/s (iters:3060838) | Bwd:    0.0000 ms    14.07 GF/s (iters:3333023) | Slots:32768 | Mem:   8.00 MB
RESULT|avx512_c08_t16|throughput|n16_b1|16|1|1|1|16|0.000026|12.492872|0.000023|14.069298|8.00
CHECK|avx512_c08_t16|throughput|n32_b1|32|1|1|1|16|9.37525156e-08|1.33280037e-07|1.00000000e-04|PASS
[run ] n32_b1           | Len:     32 | Batch:     1 | Thr:16 | Fwd:    0.0000 ms    16.07 GF/s (iters:1520487) | Bwd:    0.0001 ms    15.30 GF/s (iters:1500000) | Slots:32768 | Mem:  16.00 MB
RESULT|avx512_c08_t16|throughput|n32_b1|32|1|1|1|16|0.000050|16.065110|0.000052|15.299023|16.00
CHECK|avx512_c08_t16|throughput|n64_b1|64|1|1|1|16|1.04453060e-07|1.49011612e-07|1.00000000e-04|PASS
[run ] n64_b1           | Len:     64 | Batch:     1 | Thr:16 | Fwd:    0.0001 ms    24.17 GF/s (iters:948443) | Bwd:    0.0001 ms    24.21 GF/s (iters:959974) | Slots:32768 | Mem:  32.00 MB
RESULT|avx512_c08_t16|throughput|n64_b1|64|1|1|1|16|0.000079|24.173751|0.000079|24.211485|32.00
CHECK|avx512_c08_t16|throughput|n128_b1|128|1|1|1|16|1.14162990e-07|2.02677705e-07|1.00000000e-04|PASS
[run ] n128_b1          | Len:    128 | Batch:     1 | Thr:16 | Fwd:    0.0002 ms    25.83 GF/s (iters:433933) | Bwd:    0.0002 ms    24.89 GF/s (iters:610584) | Slots:32768 | Mem:  64.00 MB
RESULT|avx512_c08_t16|throughput|n128_b1|128|1|1|1|16|0.000173|25.832242|0.000180|24.893664|64.00
CHECK|avx512_c08_t16|throughput|n256_b1|256|1|1|1|16|1.20880689e-07|2.14907603e-07|1.00000000e-04|PASS
[run ] n256_b1          | Len:    256 | Batch:     1 | Thr:16 | Fwd:    0.0005 ms    22.29 GF/s (iters:168853) | Bwd:    0.0005 ms    22.32 GF/s (iters:204189) | Slots:32768 | Mem: 128.00 MB
RESULT|avx512_c08_t16|throughput|n256_b1|256|1|1|1|16|0.000459|22.293788|0.000459|22.319736|128.00
CHECK|avx512_c08_t16|throughput|n512_b1|512|1|1|1|16|1.15796630e-07|2.71920675e-07|1.00000000e-04|PASS
[run ] n512_b1          | Len:    512 | Batch:     1 | Thr:16 | Fwd:    0.0010 ms    22.07 GF/s (iters:79777) | Bwd:    0.0010 ms    22.58 GF/s (iters:87904) | Slots:32768 | Mem: 256.00 MB
RESULT|avx512_c08_t16|throughput|n512_b1|512|1|1|1|16|0.001044|22.070841|0.001020|22.581721|256.00
CHECK|avx512_c08_t16|throughput|n1024_b1|1024|1|1|1|16|1.24276207e-07|2.52881091e-07|1.00000000e-04|PASS
[run ] n1024_b1         | Len:   1024 | Batch:     1 | Thr:16 | Fwd:    0.0019 ms    26.43 GF/s (iters:47383) | Bwd:    0.0020 ms    25.87 GF/s (iters:47015) | Slots:32768 | Mem: 512.01 MB
RESULT|avx512_c08_t16|throughput|n1024_b1|1024|1|1|1|16|0.001937|26.427604|0.001979|25.872301|512.01
CHECK|avx512_c08_t16|throughput|n2048_b1|2048|1|1|1|16|1.45184027e-07|3.37174788e-07|1.00000000e-04|PASS
[run ] n2048_b1         | Len:   2048 | Batch:     1 | Thr:16 | Fwd:    0.0040 ms    28.40 GF/s (iters:22978) | Bwd:    0.0039 ms    28.61 GF/s (iters:21112) | Slots:32768 | Mem:1024.02 MB
RESULT|avx512_c08_t16|throughput|n2048_b1|2048|1|1|1|16|0.003966|28.399192|0.003937|28.613966|1024.02
CHECK|avx512_c08_t16|throughput|n4096_b1|4096|1|1|1|16|1.45690048e-07|3.20980835e-07|1.00000000e-04|PASS
[run ] n4096_b1         | Len:   4096 | Batch:     1 | Thr:16 | Fwd:    0.0072 ms    34.13 GF/s (iters:10949) | Bwd:    0.0076 ms    32.17 GF/s (iters:11108) | Slots:16384 | Mem:1024.03 MB
RESULT|avx512_c08_t16|throughput|n4096_b1|4096|1|1|1|16|0.007200|34.134839|0.007639|32.170827|1024.03
CHECK|avx512_c08_t16|throughput|n8192_b1|8192|1|1|1|16|1.89483007e-07|5.41591103e-07|1.00000000e-04|PASS
[run ] n8192_b1         | Len:   8192 | Batch:     1 | Thr:16 | Fwd:    0.0137 ms    38.96 GF/s (iters:6694) | Bwd:    0.0138 ms    38.67 GF/s (iters:6283) | Slots:8192 | Mem:1024.06 MB
RESULT|avx512_c08_t16|throughput|n8192_b1|8192|1|1|1|16|0.013666|38.962646|0.013771|38.668155|1024.06
CHECK|avx512_c08_t16|throughput|n16384_b1|16384|1|1|1|16|1.95270107e-07|5.37269007e-07|1.00000000e-04|PASS
[run ] n16384_b1        | Len:  16384 | Batch:     1 | Thr:16 | Fwd:    0.0186 ms    61.79 GF/s (iters:4150) | Bwd:    0.0197 ms    58.18 GF/s (iters:5159) | Slots:4096 | Mem:1024.12 MB
RESULT|avx512_c08_t16|throughput|n16384_b1|16384|1|1|1|16|0.018560|61.791973|0.019711|58.184794|1024.12
CHECK|avx512_c08_t16|throughput|n32768_b1|32768|1|1|1|16|2.09355397e-07|5.49527672e-07|1.00000000e-04|PASS
[run ] n32768_b1        | Len:  32768 | Batch:     1 | Thr:16 | Fwd:    0.0468 ms    52.51 GF/s (iters:3078) | Bwd:    0.0582 ms    42.24 GF/s (iters:2049) | Slots:2048 | Mem:1024.25 MB
RESULT|avx512_c08_t16|throughput|n32768_b1|32768|1|1|1|16|0.046804|52.507776|0.058182|42.239845|1024.25
CHECK|avx512_c08_t16|throughput|n65536_b1|65536|1|1|1|16|2.01306545e-07|6.13667377e-07|1.00000000e-04|PASS
[run ] n65536_b1        | Len:  65536 | Batch:     1 | Thr:16 | Fwd:    0.0615 ms    85.26 GF/s (iters:1271) | Bwd:    0.0607 ms    86.35 GF/s (iters:1367) | Slots:1024 | Mem:1024.50 MB
RESULT|avx512_c08_t16|throughput|n65536_b1|65536|1|1|1|16|0.061491|85.262749|0.060714|86.353900|1024.50
CHECK|avx512_c08_t16|throughput|n131072_b1|131072|1|1|1|16|2.14457557e-07|6.97654480e-07|1.00000000e-04|PASS
[run ] n131072_b1       | Len: 131072 | Batch:     1 | Thr:16 | Fwd:    0.1388 ms    80.29 GF/s (iters:733) | Bwd:    0.1155 ms    96.50 GF/s (iters:716) | Slots:512 | Mem:1025.00 MB
RESULT|avx512_c08_t16|throughput|n131072_b1|131072|1|1|1|16|0.138754|80.294039|0.115450|96.501571|1025.00
CHECK|avx512_c08_t16|throughput|n262144_b1|262144|1|1|1|16|2.13310155e-07|6.97654480e-07|1.00000000e-04|PASS
[run ] n262144_b1       | Len: 262144 | Batch:     1 | Thr:16 | Fwd:    0.2349 ms   100.43 GF/s (iters:334) | Bwd:    0.3285 ms    71.82 GF/s (iters:335) | Slots:256 | Mem:1026.00 MB
RESULT|avx512_c08_t16|throughput|n262144_b1|262144|1|1|1|16|0.234925|100.427795|0.328479|71.824890|1026.00
CHECK|avx512_c08_t16|throughput|n524288_b1|524288|1|1|1|16|2.25376377e-07|8.86086747e-07|1.00000000e-04|PASS
[run ] n524288_b1       | Len: 524288 | Batch:     1 | Thr:16 | Fwd:    0.7002 ms    71.13 GF/s (iters:152) | Bwd:    0.5277 ms    94.39 GF/s (iters:144) | Slots:128 | Mem:1028.00 MB
RESULT|avx512_c08_t16|throughput|n524288_b1|524288|1|1|1|16|0.700240|71.128984|0.527651|94.394530|1028.00
CHECK|avx512_c08_t16|throughput|n1048576_b1|1048576|1|1|1|16|2.21522234e-07|7.20205663e-07|1.00000000e-04|PASS
[run ] n1048576_b1      | Len:1048576 | Batch:     1 | Thr:16 | Fwd:    1.2798 ms    81.93 GF/s (iters:61) | Bwd:    1.2910 ms    81.22 GF/s (iters:60) | Slots: 64 | Mem:1032.00 MB
RESULT|avx512_c08_t16|throughput|n1048576_b1|1048576|1|1|1|16|1.279810|81.932149|1.291043|81.219293|1032.00
CHECK|avx512_c08_t16|throughput|n2097152_b1|2097152|1|1|1|16|2.36765642e-07|8.10710818e-07|1.00000000e-04|PASS
[run ] n2097152_b1      | Len:2097152 | Batch:     1 | Thr:16 | Fwd:    3.2358 ms    68.05 GF/s (iters:24) | Bwd:    5.8719 ms    37.50 GF/s (iters:24) | Slots: 64 | Mem:2064.00 MB
RESULT|avx512_c08_t16|throughput|n2097152_b1|2097152|1|1|1|16|3.235843|68.050565|5.871925|37.500641|2064.00
CHECK|avx512_c08_t16|throughput|n4194304_b1|4194304|1|1|1|16|2.25452393e-07|7.63311891e-07|1.00000000e-04|PASS
[run ] n4194304_b1      | Len:4194304 | Batch:     1 | Thr:16 | Fwd:    8.1130 ms    56.87 GF/s (iters:20) | Bwd:    8.2751 ms    55.75 GF/s (iters:20) | Slots: 47 | Mem:3040.00 MB
RESULT|avx512_c08_t16|throughput|n4194304_b1|4194304|1|1|1|16|8.113040|56.868130|8.275112|55.754344|3040.00

Benchmark workload complete.

[DONE] avx512_c08_t16

============================================================
RUN PROFILE: avx512_c09_t09
Description : MKL AVX-512 pinned to 9 core(s), 9 thread(s)
ISA         : AVX512
Cores       : 9
Threads/core: 1
Threads     : 9
CPU set     : 0,1,2,3,4,5,6,7,8
Workload    : throughput
============================================================
PROFILE|avx512_c09_t09|MKL AVX-512 pinned to 9 core(s), 9 thread(s)|AVX512|9|throughput|2,4,8,16,32,64,128,256,512,1024,2048,4096,8192,16384,32768,65536,131072,262144,524288,1048576,2097152,4194304|1|1,10,20|4194304|1024|10|9|1|0,1,2,3,4,5,6,7,8

############################################################
# FFT BENCHMARK (Intel oneMKL DFTI, 1D, single precision)  #
############################################################
profile_id       : avx512_c09_t09
profile_desc     : MKL AVX-512 pinned to 9 core(s), 9 thread(s)
workload         : throughput
threads(cli)     : 9
mkl max threads  : 9
timed runs       : 20
warmup runs      : 5
min total ms     : 75.0
max adapt iters  : 100000000
validate         : 1
validate tol     : 1.000e-04
validate strict  : 1
stream mode      : 1
stream target MB : 1024.0
stream min slots : 64
stream max slots : 32768
mem cap (MB)     : 3072.0
lengths: 2,4,8,16,32,64,128,256,512,1024,2048,4096,8192,16384,32768,65536,131072,262144,524288,1048576,2097152,4194304
batches: 1
thread_set: 1,2,4,8,10,20
batch_scale_set: 1,4,16,64,256
scale_length     : 16384
scale_batch      : 64
scale_threads    : 9


====================================================================
WORKLOAD: throughput (length x batch at fixed thread count)
====================================================================
threads=9
CHECK|avx512_c09_t09|throughput|n2_b1|2|1|1|1|9|1.14557866e-08|1.49011612e-08|1.00000000e-04|PASS
[run ] n2_b1            | Len:      2 | Batch:     1 | Thr: 9 | Fwd:    0.0000 ms     0.48 GF/s (iters:3693302) | Bwd:    0.0000 ms     0.48 GF/s (iters:3691823) | Slots:32768 | Mem:   1.00 MB
RESULT|avx512_c09_t09|throughput|n2_b1|2|1|1|1|9|0.000021|0.480919|0.000021|0.483060|1.00
CHECK|avx512_c09_t09|throughput|n4_b1|4|1|1|1|9|4.49494167e-08|5.96046448e-08|1.00000000e-04|PASS
[run ] n4_b1            | Len:      4 | Batch:     1 | Thr: 9 | Fwd:    0.0000 ms     1.62 GF/s (iters:3089856) | Bwd:    0.0000 ms     1.67 GF/s (iters:3145837) | Slots:32768 | Mem:   2.00 MB
RESULT|avx512_c09_t09|throughput|n4_b1|4|1|1|1|9|0.000025|1.623331|0.000024|1.667027|2.00
CHECK|avx512_c09_t09|throughput|n8_b1|8|1|1|1|9|6.88878659e-08|1.33280037e-07|1.00000000e-04|PASS
[run ] n8_b1            | Len:      8 | Batch:     1 | Thr: 9 | Fwd:    0.0000 ms     5.29 GF/s (iters:3413830) | Bwd:    0.0000 ms     5.02 GF/s (iters:3311050) | Slots:32768 | Mem:   4.00 MB
RESULT|avx512_c09_t09|throughput|n8_b1|8|1|1|1|9|0.000023|5.289463|0.000024|5.022393|4.00
CHECK|avx512_c09_t09|throughput|n16_b1|16|1|1|1|9|8.06080983e-08|1.33280037e-07|1.00000000e-04|PASS
[run ] n16_b1           | Len:     16 | Batch:     1 | Thr: 9 | Fwd:    0.0000 ms    12.47 GF/s (iters:2955087) | Bwd:    0.0000 ms    12.74 GF/s (iters:2998766) | Slots:32768 | Mem:   8.00 MB
RESULT|avx512_c09_t09|throughput|n16_b1|16|1|1|1|9|0.000026|12.471163|0.000025|12.739211|8.00
CHECK|avx512_c09_t09|throughput|n32_b1|32|1|1|1|9|9.37525156e-08|1.33280037e-07|1.00000000e-04|PASS
[run ] n32_b1           | Len:     32 | Batch:     1 | Thr: 9 | Fwd:    0.0001 ms    15.68 GF/s (iters:1472124) | Bwd:    0.0001 ms    15.66 GF/s (iters:1485850) | Slots:32768 | Mem:  16.00 MB
RESULT|avx512_c09_t09|throughput|n32_b1|32|1|1|1|9|0.000051|15.682367|0.000051|15.657035|16.00
CHECK|avx512_c09_t09|throughput|n64_b1|64|1|1|1|9|1.04453060e-07|1.49011612e-07|1.00000000e-04|PASS
[run ] n64_b1           | Len:     64 | Batch:     1 | Thr: 9 | Fwd:    0.0001 ms    22.55 GF/s (iters:887695) | Bwd:    0.0001 ms    23.21 GF/s (iters:1188862) | Slots:32768 | Mem:  32.00 MB
RESULT|avx512_c09_t09|throughput|n64_b1|64|1|1|1|9|0.000085|22.554452|0.000083|23.206576|32.00
CHECK|avx512_c09_t09|throughput|n128_b1|128|1|1|1|9|1.14162990e-07|2.02677705e-07|1.00000000e-04|PASS
[run ] n128_b1          | Len:    128 | Batch:     1 | Thr: 9 | Fwd:    0.0002 ms    24.86 GF/s (iters:439103) | Bwd:    0.0002 ms    24.51 GF/s (iters:533899) | Slots:32768 | Mem:  64.00 MB
RESULT|avx512_c09_t09|throughput|n128_b1|128|1|1|1|9|0.000180|24.861898|0.000183|24.513524|64.00
CHECK|avx512_c09_t09|throughput|n256_b1|256|1|1|1|9|1.20880689e-07|2.14907603e-07|1.00000000e-04|PASS
[run ] n256_b1          | Len:    256 | Batch:     1 | Thr: 9 | Fwd:    0.0005 ms    21.45 GF/s (iters:176568) | Bwd:    0.0005 ms    21.46 GF/s (iters:202715) | Slots:32768 | Mem: 128.00 MB
RESULT|avx512_c09_t09|throughput|n256_b1|256|1|1|1|9|0.000477|21.451923|0.000477|21.457234|128.00
CHECK|avx512_c09_t09|throughput|n512_b1|512|1|1|1|9|1.15796630e-07|2.71920675e-07|1.00000000e-04|PASS
[run ] n512_b1          | Len:    512 | Batch:     1 | Thr: 9 | Fwd:    0.0010 ms    22.46 GF/s (iters:73669) | Bwd:    0.0010 ms    22.19 GF/s (iters:84883) | Slots:32768 | Mem: 256.00 MB
RESULT|avx512_c09_t09|throughput|n512_b1|512|1|1|1|9|0.001026|22.463604|0.001038|22.192220|256.00
CHECK|avx512_c09_t09|throughput|n1024_b1|1024|1|1|1|9|1.24276207e-07|2.52881091e-07|1.00000000e-04|PASS
[run ] n1024_b1         | Len:   1024 | Batch:     1 | Thr: 9 | Fwd:    0.0019 ms    26.42 GF/s (iters:47869) | Bwd:    0.0019 ms    26.56 GF/s (iters:45802) | Slots:32768 | Mem: 512.01 MB
RESULT|avx512_c09_t09|throughput|n1024_b1|1024|1|1|1|9|0.001938|26.416682|0.001928|26.559753|512.01
CHECK|avx512_c09_t09|throughput|n2048_b1|2048|1|1|1|9|1.45184027e-07|3.37174788e-07|1.00000000e-04|PASS
[run ] n2048_b1         | Len:   2048 | Batch:     1 | Thr: 9 | Fwd:    0.0042 ms    26.70 GF/s (iters:22018) | Bwd:    0.0041 ms    27.24 GF/s (iters:21593) | Slots:32768 | Mem:1024.02 MB
RESULT|avx512_c09_t09|throughput|n2048_b1|2048|1|1|1|9|0.004219|26.700078|0.004135|27.240006|1024.02
CHECK|avx512_c09_t09|throughput|n4096_b1|4096|1|1|1|9|1.45690048e-07|3.20980835e-07|1.00000000e-04|PASS
[run ] n4096_b1         | Len:   4096 | Batch:     1 | Thr: 9 | Fwd:    0.0075 ms    32.98 GF/s (iters:11348) | Bwd:    0.0076 ms    32.20 GF/s (iters:11771) | Slots:16384 | Mem:1024.03 MB
RESULT|avx512_c09_t09|throughput|n4096_b1|4096|1|1|1|9|0.007451|32.983374|0.007633|32.197948|1024.03
CHECK|avx512_c09_t09|throughput|n8192_b1|8192|1|1|1|9|1.89483007e-07|5.41591103e-07|1.00000000e-04|PASS
[run ] n8192_b1         | Len:   8192 | Batch:     1 | Thr: 9 | Fwd:    0.0124 ms    42.85 GF/s (iters:6113) | Bwd:    0.0125 ms    42.68 GF/s (iters:6776) | Slots:8192 | Mem:1024.06 MB
RESULT|avx512_c09_t09|throughput|n8192_b1|8192|1|1|1|9|0.012427|42.850074|0.012475|42.684103|1024.06
CHECK|avx512_c09_t09|throughput|n16384_b1|16384|1|1|1|9|1.95270107e-07|5.37269007e-07|1.00000000e-04|PASS
[run ] n16384_b1        | Len:  16384 | Batch:     1 | Thr: 9 | Fwd:    0.0192 ms    59.81 GF/s (iters:4403) | Bwd:    0.0191 ms    60.11 GF/s (iters:4439) | Slots:4096 | Mem:1024.12 MB
RESULT|avx512_c09_t09|throughput|n16384_b1|16384|1|1|1|9|0.019174|59.813351|0.019079|60.110744|1024.12
CHECK|avx512_c09_t09|throughput|n32768_b1|32768|1|1|1|9|2.09355397e-07|5.49527672e-07|1.00000000e-04|PASS
[run ] n32768_b1        | Len:  32768 | Batch:     1 | Thr: 9 | Fwd:    0.0372 ms    65.99 GF/s (iters:2601) | Bwd:    0.0369 ms    66.64 GF/s (iters:2412) | Slots:2048 | Mem:1024.25 MB
RESULT|avx512_c09_t09|throughput|n32768_b1|32768|1|1|1|9|0.037242|65.990569|0.036879|66.638773|1024.25
CHECK|avx512_c09_t09|throughput|n65536_b1|65536|1|1|1|9|2.01306545e-07|6.13667377e-07|1.00000000e-04|PASS
[run ] n65536_b1        | Len:  65536 | Batch:     1 | Thr: 9 | Fwd:    0.0770 ms    68.13 GF/s (iters:1362) | Bwd:    0.0736 ms    71.26 GF/s (iters:1227) | Slots:1024 | Mem:1024.50 MB
RESULT|avx512_c09_t09|throughput|n65536_b1|65536|1|1|1|9|0.076959|68.126038|0.073579|71.255147|1024.50
CHECK|avx512_c09_t09|throughput|n131072_b1|131072|1|1|1|9|2.14457557e-07|6.97654480e-07|1.00000000e-04|PASS
[run ] n131072_b1       | Len: 131072 | Batch:     1 | Thr: 9 | Fwd:    0.1365 ms    81.64 GF/s (iters:646) | Bwd:    0.1357 ms    82.08 GF/s (iters:621) | Slots:512 | Mem:1025.00 MB
RESULT|avx512_c09_t09|throughput|n131072_b1|131072|1|1|1|9|0.136465|81.640573|0.135742|82.075931|1025.00
CHECK|avx512_c09_t09|throughput|n262144_b1|262144|1|1|1|9|2.13310155e-07|6.97654480e-07|1.00000000e-04|PASS
[run ] n262144_b1       | Len: 262144 | Batch:     1 | Thr: 9 | Fwd:    0.2956 ms    79.81 GF/s (iters:265) | Bwd:    0.2956 ms    79.81 GF/s (iters:255) | Slots:256 | Mem:1026.00 MB
RESULT|avx512_c09_t09|throughput|n262144_b1|262144|1|1|1|9|0.295629|79.805933|0.295631|79.805531|1026.00
CHECK|avx512_c09_t09|throughput|n524288_b1|524288|1|1|1|9|2.25376377e-07|8.86086747e-07|1.00000000e-04|PASS
[run ] n524288_b1       | Len: 524288 | Batch:     1 | Thr: 9 | Fwd:    0.6125 ms    81.32 GF/s (iters:125) | Bwd:    0.6355 ms    78.38 GF/s (iters:120) | Slots:128 | Mem:1028.00 MB
RESULT|avx512_c09_t09|throughput|n524288_b1|524288|1|1|1|9|0.612479|81.320960|0.635457|78.380381|1028.00
CHECK|avx512_c09_t09|throughput|n1048576_b1|1048576|1|1|1|9|2.21522234e-07|7.20205663e-07|1.00000000e-04|PASS
[run ] n1048576_b1      | Len:1048576 | Batch:     1 | Thr: 9 | Fwd:    1.2495 ms    83.92 GF/s (iters:63) | Bwd:    1.2762 ms    82.16 GF/s (iters:63) | Slots: 64 | Mem:1032.00 MB
RESULT|avx512_c09_t09|throughput|n1048576_b1|1048576|1|1|1|9|1.249481|83.920927|1.276199|82.164006|1032.00
CHECK|avx512_c09_t09|throughput|n2097152_b1|2097152|1|1|1|9|2.36765642e-07|8.10710818e-07|1.00000000e-04|PASS
[run ] n2097152_b1      | Len:2097152 | Batch:     1 | Thr: 9 | Fwd:    3.0066 ms    73.24 GF/s (iters:26) | Bwd:    2.9588 ms    74.42 GF/s (iters:27) | Slots: 64 | Mem:2064.00 MB
RESULT|avx512_c09_t09|throughput|n2097152_b1|2097152|1|1|1|9|3.006561|73.240153|2.958755|74.423527|2064.00
CHECK|avx512_c09_t09|throughput|n4194304_b1|4194304|1|1|1|9|2.25452393e-07|7.63311891e-07|1.00000000e-04|PASS
[run ] n4194304_b1      | Len:4194304 | Batch:     1 | Thr: 9 | Fwd:    7.4329 ms    62.07 GF/s (iters:20) | Bwd:    7.5639 ms    61.00 GF/s (iters:20) | Slots: 47 | Mem:3040.00 MB
RESULT|avx512_c09_t09|throughput|n4194304_b1|4194304|1|1|1|9|7.432867|62.072072|7.563923|60.996582|3040.00

Benchmark workload complete.

[DONE] avx512_c09_t09

============================================================
RUN PROFILE: avx512_c09_t18
Description : MKL AVX-512 pinned to 9 core(s), 18 thread(s)
ISA         : AVX512
Cores       : 9
Threads/core: 2
Threads     : 18
CPU set     : 0,1,2,3,4,5,6,7,8,10,11,12,13,14,15,16,17,18
Workload    : throughput
============================================================
PROFILE|avx512_c09_t18|MKL AVX-512 pinned to 9 core(s), 18 thread(s)|AVX512|18|throughput|2,4,8,16,32,64,128,256,512,1024,2048,4096,8192,16384,32768,65536,131072,262144,524288,1048576,2097152,4194304|1|1,10,20|4194304|1024|10|9|2|0,1,2,3,4,5,6,7,8,10,11,12,13,14,15,16,17,18

############################################################
# FFT BENCHMARK (Intel oneMKL DFTI, 1D, single precision)  #
############################################################
profile_id       : avx512_c09_t18
profile_desc     : MKL AVX-512 pinned to 9 core(s), 18 thread(s)
workload         : throughput
threads(cli)     : 18
mkl max threads  : 18
timed runs       : 20
warmup runs      : 5
min total ms     : 75.0
max adapt iters  : 100000000
validate         : 1
validate tol     : 1.000e-04
validate strict  : 1
stream mode      : 1
stream target MB : 1024.0
stream min slots : 64
stream max slots : 32768
mem cap (MB)     : 3072.0
lengths: 2,4,8,16,32,64,128,256,512,1024,2048,4096,8192,16384,32768,65536,131072,262144,524288,1048576,2097152,4194304
batches: 1
thread_set: 1,2,4,8,10,20
batch_scale_set: 1,4,16,64,256
scale_length     : 16384
scale_batch      : 64
scale_threads    : 18


====================================================================
WORKLOAD: throughput (length x batch at fixed thread count)
====================================================================
threads=18
CHECK|avx512_c09_t18|throughput|n2_b1|2|1|1|1|18|1.14557866e-08|1.49011612e-08|1.00000000e-04|PASS
[run ] n2_b1            | Len:      2 | Batch:     1 | Thr:18 | Fwd:    0.0000 ms     0.43 GF/s (iters:3670936) | Bwd:    0.0000 ms     0.44 GF/s (iters:3518785) | Slots:32768 | Mem:   1.00 MB
RESULT|avx512_c09_t18|throughput|n2_b1|2|1|1|1|18|0.000023|0.433218|0.000023|0.439689|1.00
CHECK|avx512_c09_t18|throughput|n4_b1|4|1|1|1|18|4.49494167e-08|5.96046448e-08|1.00000000e-04|PASS
[run ] n4_b1            | Len:      4 | Batch:     1 | Thr:18 | Fwd:    0.0000 ms     1.46 GF/s (iters:2905812) | Bwd:    0.0000 ms     1.68 GF/s (iters:3144845) | Slots:32768 | Mem:   2.00 MB
RESULT|avx512_c09_t18|throughput|n4_b1|4|1|1|1|18|0.000027|1.460252|0.000024|1.675579|2.00
CHECK|avx512_c09_t18|throughput|n8_b1|8|1|1|1|18|6.88878659e-08|1.33280037e-07|1.00000000e-04|PASS
[run ] n8_b1            | Len:      8 | Batch:     1 | Thr:18 | Fwd:    0.0000 ms     4.93 GF/s (iters:3241407) | Bwd:    0.0000 ms     4.58 GF/s (iters:3033693) | Slots:32768 | Mem:   4.00 MB
RESULT|avx512_c09_t18|throughput|n8_b1|8|1|1|1|18|0.000024|4.929928|0.000026|4.576942|4.00
CHECK|avx512_c09_t18|throughput|n16_b1|16|1|1|1|18|8.06080983e-08|1.33280037e-07|1.00000000e-04|PASS
[run ] n16_b1           | Len:     16 | Batch:     1 | Thr:18 | Fwd:    0.0000 ms    13.55 GF/s (iters:3246018) | Bwd:    0.0000 ms    13.51 GF/s (iters:3233828) | Slots:32768 | Mem:   8.00 MB
RESULT|avx512_c09_t18|throughput|n16_b1|16|1|1|1|18|0.000024|13.551549|0.000024|13.506175|8.00
CHECK|avx512_c09_t18|throughput|n32_b1|32|1|1|1|18|9.37525156e-08|1.33280037e-07|1.00000000e-04|PASS
[run ] n32_b1           | Len:     32 | Batch:     1 | Thr:18 | Fwd:    0.0001 ms    15.38 GF/s (iters:1545747) | Bwd:    0.0001 ms    15.90 GF/s (iters:1500000) | Slots:32768 | Mem:  16.00 MB
RESULT|avx512_c09_t18|throughput|n32_b1|32|1|1|1|18|0.000052|15.384047|0.000050|15.900558|16.00
CHECK|avx512_c09_t18|throughput|n64_b1|64|1|1|1|18|1.04453060e-07|1.49011612e-07|1.00000000e-04|PASS
[run ] n64_b1           | Len:     64 | Batch:     1 | Thr:18 | Fwd:    0.0001 ms    22.66 GF/s (iters:892752) | Bwd:    0.0001 ms    23.36 GF/s (iters:979368) | Slots:32768 | Mem:  32.00 MB
RESULT|avx512_c09_t18|throughput|n64_b1|64|1|1|1|18|0.000085|22.656800|0.000082|23.363937|32.00
CHECK|avx512_c09_t18|throughput|n128_b1|128|1|1|1|18|1.14162990e-07|2.02677705e-07|1.00000000e-04|PASS
[run ] n128_b1          | Len:    128 | Batch:     1 | Thr:18 | Fwd:    0.0002 ms    25.18 GF/s (iters:424881) | Bwd:    0.0002 ms    24.47 GF/s (iters:519098) | Slots:32768 | Mem:  64.00 MB
RESULT|avx512_c09_t18|throughput|n128_b1|128|1|1|1|18|0.000178|25.177070|0.000183|24.473033|64.00
CHECK|avx512_c09_t18|throughput|n256_b1|256|1|1|1|18|1.20880689e-07|2.14907603e-07|1.00000000e-04|PASS
[run ] n256_b1          | Len:    256 | Batch:     1 | Thr:18 | Fwd:    0.0005 ms    22.05 GF/s (iters:161949) | Bwd:    0.0005 ms    21.86 GF/s (iters:196879) | Slots:32768 | Mem: 128.00 MB
RESULT|avx512_c09_t18|throughput|n256_b1|256|1|1|1|18|0.000464|22.048391|0.000468|21.861907|128.00
CHECK|avx512_c09_t18|throughput|n512_b1|512|1|1|1|18|1.15796630e-07|2.71920675e-07|1.00000000e-04|PASS
[run ] n512_b1          | Len:    512 | Batch:     1 | Thr:18 | Fwd:    0.0010 ms    22.69 GF/s (iters:75297) | Bwd:    0.0010 ms    22.47 GF/s (iters:88768) | Slots:32768 | Mem: 256.00 MB
RESULT|avx512_c09_t18|throughput|n512_b1|512|1|1|1|18|0.001016|22.686037|0.001026|22.466579|256.00
CHECK|avx512_c09_t18|throughput|n1024_b1|1024|1|1|1|18|1.24276207e-07|2.52881091e-07|1.00000000e-04|PASS
[run ] n1024_b1         | Len:   1024 | Batch:     1 | Thr:18 | Fwd:    0.0019 ms    26.52 GF/s (iters:48654) | Bwd:    0.0019 ms    27.36 GF/s (iters:47232) | Slots:32768 | Mem: 512.01 MB
RESULT|avx512_c09_t18|throughput|n1024_b1|1024|1|1|1|18|0.001930|26.521869|0.001871|27.360289|512.01
CHECK|avx512_c09_t18|throughput|n2048_b1|2048|1|1|1|18|1.45184027e-07|3.37174788e-07|1.00000000e-04|PASS
[run ] n2048_b1         | Len:   2048 | Batch:     1 | Thr:18 | Fwd:    0.0040 ms    27.83 GF/s (iters:22829) | Bwd:    0.0040 ms    28.38 GF/s (iters:22888) | Slots:32768 | Mem:1024.02 MB
RESULT|avx512_c09_t18|throughput|n2048_b1|2048|1|1|1|18|0.004048|27.827569|0.003969|28.379925|1024.02
CHECK|avx512_c09_t18|throughput|n4096_b1|4096|1|1|1|18|1.45690048e-07|3.20980835e-07|1.00000000e-04|PASS
[run ] n4096_b1         | Len:   4096 | Batch:     1 | Thr:18 | Fwd:    0.0076 ms    32.54 GF/s (iters:12099) | Bwd:    0.0076 ms    32.35 GF/s (iters:10305) | Slots:16384 | Mem:1024.03 MB
RESULT|avx512_c09_t18|throughput|n4096_b1|4096|1|1|1|18|0.007553|32.538272|0.007596|32.353127|1024.03
CHECK|avx512_c09_t18|throughput|n8192_b1|8192|1|1|1|18|1.89483007e-07|5.41591103e-07|1.00000000e-04|PASS
[run ] n8192_b1         | Len:   8192 | Batch:     1 | Thr:18 | Fwd:    0.0216 ms    24.69 GF/s (iters:6878) | Bwd:    0.0148 ms    35.89 GF/s (iters:6583) | Slots:8192 | Mem:1024.06 MB
RESULT|avx512_c09_t18|throughput|n8192_b1|8192|1|1|1|18|0.021567|24.689423|0.014836|35.891360|1024.06
CHECK|avx512_c09_t18|throughput|n16384_b1|16384|1|1|1|18|1.95270107e-07|5.37269007e-07|1.00000000e-04|PASS
[run ] n16384_b1        | Len:  16384 | Batch:     1 | Thr:18 | Fwd:    0.0188 ms    61.07 GF/s (iters:4545) | Bwd:    0.0188 ms    60.88 GF/s (iters:4381) | Slots:4096 | Mem:1024.12 MB
RESULT|avx512_c09_t18|throughput|n16384_b1|16384|1|1|1|18|0.018780|61.068683|0.018839|60.878610|1024.12
CHECK|avx512_c09_t18|throughput|n32768_b1|32768|1|1|1|18|2.09355397e-07|5.49527672e-07|1.00000000e-04|PASS
[run ] n32768_b1        | Len:  32768 | Batch:     1 | Thr:18 | Fwd:    0.0418 ms    58.77 GF/s (iters:3237) | Bwd:    0.0277 ms    88.68 GF/s (iters:2898) | Slots:2048 | Mem:1024.25 MB
RESULT|avx512_c09_t18|throughput|n32768_b1|32768|1|1|1|18|0.041816|58.771380|0.027713|88.681366|1024.25
CHECK|avx512_c09_t18|throughput|n65536_b1|65536|1|1|1|18|2.01306545e-07|6.13667377e-07|1.00000000e-04|PASS
[run ] n65536_b1        | Len:  65536 | Batch:     1 | Thr:18 | Fwd:    0.0589 ms    89.02 GF/s (iters:1441) | Bwd:    0.0847 ms    61.89 GF/s (iters:981) | Slots:1024 | Mem:1024.50 MB
RESULT|avx512_c09_t18|throughput|n65536_b1|65536|1|1|1|18|0.058895|89.020216|0.084710|61.891761|1024.50
CHECK|avx512_c09_t18|throughput|n131072_b1|131072|1|1|1|18|2.14457557e-07|6.97654480e-07|1.00000000e-04|PASS
[run ] n131072_b1       | Len: 131072 | Batch:     1 | Thr:18 | Fwd:    0.1071 ms   103.99 GF/s (iters:761) | Bwd:    0.1060 ms   105.15 GF/s (iters:762) | Slots:512 | Mem:1025.00 MB
RESULT|avx512_c09_t18|throughput|n131072_b1|131072|1|1|1|18|0.107135|103.991272|0.105954|105.150423|1025.00
CHECK|avx512_c09_t18|throughput|n262144_b1|262144|1|1|1|18|2.13310155e-07|6.97654480e-07|1.00000000e-04|PASS
[run ] n262144_b1       | Len: 262144 | Batch:     1 | Thr:18 | Fwd:    0.3980 ms    59.28 GF/s (iters:328) | Bwd:    0.4609 ms    51.19 GF/s (iters:337) | Slots:256 | Mem:1026.00 MB
RESULT|avx512_c09_t18|throughput|n262144_b1|262144|1|1|1|18|0.398025|59.275030|0.460926|51.185961|1026.00
CHECK|avx512_c09_t18|throughput|n524288_b1|524288|1|1|1|18|2.25376377e-07|8.86086747e-07|1.00000000e-04|PASS
[run ] n524288_b1       | Len: 524288 | Batch:     1 | Thr:18 | Fwd:    0.5216 ms    95.49 GF/s (iters:145) | Bwd:    0.5111 ms    97.46 GF/s (iters:148) | Slots:128 | Mem:1028.00 MB
RESULT|avx512_c09_t18|throughput|n524288_b1|524288|1|1|1|18|0.521617|95.486479|0.511069|97.457241|1028.00
CHECK|avx512_c09_t18|throughput|n1048576_b1|1048576|1|1|1|18|2.21522234e-07|7.20205663e-07|1.00000000e-04|PASS
[run ] n1048576_b1      | Len:1048576 | Batch:     1 | Thr:18 | Fwd:    2.3406 ms    44.80 GF/s (iters:63) | Bwd:    1.7042 ms    61.53 GF/s (iters:66) | Slots: 64 | Mem:1032.00 MB
RESULT|avx512_c09_t18|throughput|n1048576_b1|1048576|1|1|1|18|2.340632|44.798850|1.704248|61.527185|1032.00
CHECK|avx512_c09_t18|throughput|n2097152_b1|2097152|1|1|1|18|2.36765642e-07|8.10710818e-07|1.00000000e-04|PASS
[run ] n2097152_b1      | Len:2097152 | Batch:     1 | Thr:18 | Fwd:    2.3445 ms    93.92 GF/s (iters:32) | Bwd:    5.6945 ms    38.67 GF/s (iters:29) | Slots: 64 | Mem:2064.00 MB
RESULT|avx512_c09_t18|throughput|n2097152_b1|2097152|1|1|1|18|2.344504|93.922176|5.694503|38.669041|2064.00
CHECK|avx512_c09_t18|throughput|n4194304_b1|4194304|1|1|1|18|2.25452393e-07|7.63311891e-07|1.00000000e-04|PASS
[run ] n4194304_b1      | Len:4194304 | Batch:     1 | Thr:18 | Fwd:    4.5879 ms   100.56 GF/s (iters:20) | Bwd:    4.6435 ms    99.36 GF/s (iters:20) | Slots: 47 | Mem:3040.00 MB
RESULT|avx512_c09_t18|throughput|n4194304_b1|4194304|1|1|1|18|4.587875|100.563639|4.643499|99.359006|3040.00

Benchmark workload complete.

[DONE] avx512_c09_t18

============================================================
RUN PROFILE: avx512_c10_t10
Description : MKL AVX-512 pinned to 10 core(s), 10 thread(s)
ISA         : AVX512
Cores       : 10
Threads/core: 1
Threads     : 10
CPU set     : 0,1,2,3,4,5,6,7,8,9
Workload    : throughput
============================================================
PROFILE|avx512_c10_t10|MKL AVX-512 pinned to 10 core(s), 10 thread(s)|AVX512|10|throughput|2,4,8,16,32,64,128,256,512,1024,2048,4096,8192,16384,32768,65536,131072,262144,524288,1048576,2097152,4194304|1|1,10,20|4194304|1024|10|10|1|0,1,2,3,4,5,6,7,8,9

############################################################
# FFT BENCHMARK (Intel oneMKL DFTI, 1D, single precision)  #
############################################################
profile_id       : avx512_c10_t10
profile_desc     : MKL AVX-512 pinned to 10 core(s), 10 thread(s)
workload         : throughput
threads(cli)     : 10
mkl max threads  : 10
timed runs       : 20
warmup runs      : 5
min total ms     : 75.0
max adapt iters  : 100000000
validate         : 1
validate tol     : 1.000e-04
validate strict  : 1
stream mode      : 1
stream target MB : 1024.0
stream min slots : 64
stream max slots : 32768
mem cap (MB)     : 3072.0
lengths: 2,4,8,16,32,64,128,256,512,1024,2048,4096,8192,16384,32768,65536,131072,262144,524288,1048576,2097152,4194304
batches: 1
thread_set: 1,2,4,8,10,20
batch_scale_set: 1,4,16,64,256
scale_length     : 16384
scale_batch      : 64
scale_threads    : 10


====================================================================
WORKLOAD: throughput (length x batch at fixed thread count)
====================================================================
threads=10
CHECK|avx512_c10_t10|throughput|n2_b1|2|1|1|1|10|1.14557866e-08|1.49011612e-08|1.00000000e-04|PASS
[run ] n2_b1            | Len:      2 | Batch:     1 | Thr:10 | Fwd:    0.0000 ms     0.49 GF/s (iters:3734574) | Bwd:    0.0000 ms     0.49 GF/s (iters:3678752) | Slots:32768 | Mem:   1.00 MB
RESULT|avx512_c10_t10|throughput|n2_b1|2|1|1|1|10|0.000020|0.489414|0.000020|0.488949|1.00
CHECK|avx512_c10_t10|throughput|n4_b1|4|1|1|1|10|4.49494167e-08|5.96046448e-08|1.00000000e-04|PASS
[run ] n4_b1            | Len:      4 | Batch:     1 | Thr:10 | Fwd:    0.0000 ms     1.56 GF/s (iters:3149760) | Bwd:    0.0000 ms     1.47 GF/s (iters:3178863) | Slots:32768 | Mem:   2.00 MB
RESULT|avx512_c10_t10|throughput|n4_b1|4|1|1|1|10|0.000026|1.556682|0.000027|1.469583|2.00
CHECK|avx512_c10_t10|throughput|n8_b1|8|1|1|1|10|6.88878659e-08|1.33280037e-07|1.00000000e-04|PASS
[run ] n8_b1            | Len:      8 | Batch:     1 | Thr:10 | Fwd:    0.0000 ms     4.89 GF/s (iters:3388992) | Bwd:    0.0000 ms     4.98 GF/s (iters:3263063) | Slots:32768 | Mem:   4.00 MB
RESULT|avx512_c10_t10|throughput|n8_b1|8|1|1|1|10|0.000025|4.892715|0.000024|4.977063|4.00
CHECK|avx512_c10_t10|throughput|n16_b1|16|1|1|1|10|8.06080983e-08|1.33280037e-07|1.00000000e-04|PASS
[run ] n16_b1           | Len:     16 | Batch:     1 | Thr:10 | Fwd:    0.0000 ms    13.13 GF/s (iters:3245324) | Bwd:    0.0000 ms    13.64 GF/s (iters:3361944) | Slots:32768 | Mem:   8.00 MB
RESULT|avx512_c10_t10|throughput|n16_b1|16|1|1|1|10|0.000024|13.131691|0.000023|13.644837|8.00
CHECK|avx512_c10_t10|throughput|n32_b1|32|1|1|1|10|9.37525156e-08|1.33280037e-07|1.00000000e-04|PASS
[run ] n32_b1           | Len:     32 | Batch:     1 | Thr:10 | Fwd:    0.0000 ms    17.86 GF/s (iters:1717937) | Bwd:    0.0000 ms    17.97 GF/s (iters:1700077) | Slots:32768 | Mem:  16.00 MB
RESULT|avx512_c10_t10|throughput|n32_b1|32|1|1|1|10|0.000045|17.863801|0.000045|17.967929|16.00
CHECK|avx512_c10_t10|throughput|n64_b1|64|1|1|1|10|1.04453060e-07|1.49011612e-07|1.00000000e-04|PASS
[run ] n64_b1           | Len:     64 | Batch:     1 | Thr:10 | Fwd:    0.0001 ms    25.91 GF/s (iters:1018907) | Bwd:    0.0001 ms    26.60 GF/s (iters:1044142) | Slots:32768 | Mem:  32.00 MB
RESULT|avx512_c10_t10|throughput|n64_b1|64|1|1|1|10|0.000074|25.914702|0.000072|26.602259|32.00
CHECK|avx512_c10_t10|throughput|n128_b1|128|1|1|1|10|1.14162990e-07|2.02677705e-07|1.00000000e-04|PASS
[run ] n128_b1          | Len:    128 | Batch:     1 | Thr:10 | Fwd:    0.0002 ms    28.02 GF/s (iters:473482) | Bwd:    0.0002 ms    27.28 GF/s (iters:580179) | Slots:32768 | Mem:  64.00 MB
RESULT|avx512_c10_t10|throughput|n128_b1|128|1|1|1|10|0.000160|28.023763|0.000164|27.281161|64.00
CHECK|avx512_c10_t10|throughput|n256_b1|256|1|1|1|10|1.20880689e-07|2.14907603e-07|1.00000000e-04|PASS
[run ] n256_b1          | Len:    256 | Batch:     1 | Thr:10 | Fwd:    0.0005 ms    22.37 GF/s (iters:164802) | Bwd:    0.0005 ms    22.43 GF/s (iters:198019) | Slots:32768 | Mem: 128.00 MB
RESULT|avx512_c10_t10|throughput|n256_b1|256|1|1|1|10|0.000458|22.369955|0.000456|22.434196|128.00
CHECK|avx512_c10_t10|throughput|n512_b1|512|1|1|1|10|1.15796630e-07|2.71920675e-07|1.00000000e-04|PASS
[run ] n512_b1          | Len:    512 | Batch:     1 | Thr:10 | Fwd:    0.0010 ms    23.60 GF/s (iters:84800) | Bwd:    0.0010 ms    22.79 GF/s (iters:84800) | Slots:32768 | Mem: 256.00 MB
RESULT|avx512_c10_t10|throughput|n512_b1|512|1|1|1|10|0.000976|23.596869|0.001011|22.793557|256.00
CHECK|avx512_c10_t10|throughput|n1024_b1|1024|1|1|1|10|1.24276207e-07|2.52881091e-07|1.00000000e-04|PASS
[run ] n1024_b1         | Len:   1024 | Batch:     1 | Thr:10 | Fwd:    0.0018 ms    27.97 GF/s (iters:45510) | Bwd:    0.0019 ms    27.60 GF/s (iters:50101) | Slots:32768 | Mem: 512.01 MB
RESULT|avx512_c10_t10|throughput|n1024_b1|1024|1|1|1|10|0.001831|27.969707|0.001855|27.603985|512.01
CHECK|avx512_c10_t10|throughput|n2048_b1|2048|1|1|1|10|1.45184027e-07|3.37174788e-07|1.00000000e-04|PASS
[run ] n2048_b1         | Len:   2048 | Batch:     1 | Thr:10 | Fwd:    0.0039 ms    28.81 GF/s (iters:22087) | Bwd:    0.0039 ms    29.13 GF/s (iters:21901) | Slots:32768 | Mem:1024.02 MB
RESULT|avx512_c10_t10|throughput|n2048_b1|2048|1|1|1|10|0.003910|28.810946|0.003867|29.131206|1024.02
CHECK|avx512_c10_t10|throughput|n4096_b1|4096|1|1|1|10|1.45690048e-07|3.20980835e-07|1.00000000e-04|PASS
[run ] n4096_b1         | Len:   4096 | Batch:     1 | Thr:10 | Fwd:    0.0072 ms    34.33 GF/s (iters:11913) | Bwd:    0.0073 ms    33.49 GF/s (iters:11353) | Slots:16384 | Mem:1024.03 MB
RESULT|avx512_c10_t10|throughput|n4096_b1|4096|1|1|1|10|0.007159|34.328666|0.007339|33.485694|1024.03
CHECK|avx512_c10_t10|throughput|n8192_b1|8192|1|1|1|10|1.89483007e-07|5.41591103e-07|1.00000000e-04|PASS
[run ] n8192_b1         | Len:   8192 | Batch:     1 | Thr:10 | Fwd:    0.0117 ms    45.61 GF/s (iters:6456) | Bwd:    0.0119 ms    44.59 GF/s (iters:6836) | Slots:8192 | Mem:1024.06 MB
RESULT|avx512_c10_t10|throughput|n8192_b1|8192|1|1|1|10|0.011676|45.606116|0.011941|44.593815|1024.06
CHECK|avx512_c10_t10|throughput|n16384_b1|16384|1|1|1|10|1.95270107e-07|5.37269007e-07|1.00000000e-04|PASS
[run ] n16384_b1        | Len:  16384 | Batch:     1 | Thr:10 | Fwd:    0.0185 ms    62.05 GF/s (iters:4370) | Bwd:    0.0202 ms    56.84 GF/s (iters:3945) | Slots:4096 | Mem:1024.12 MB
RESULT|avx512_c10_t10|throughput|n16384_b1|16384|1|1|1|10|0.018482|62.054762|0.020176|56.843258|1024.12
CHECK|avx512_c10_t10|throughput|n32768_b1|32768|1|1|1|10|2.09355397e-07|5.49527672e-07|1.00000000e-04|PASS
[run ] n32768_b1        | Len:  32768 | Batch:     1 | Thr:10 | Fwd:    0.0318 ms    77.28 GF/s (iters:2563) | Bwd:    0.0321 ms    76.66 GF/s (iters:2891) | Slots:2048 | Mem:1024.25 MB
RESULT|avx512_c10_t10|throughput|n32768_b1|32768|1|1|1|10|0.031803|77.275294|0.032059|76.658864|1024.25
CHECK|avx512_c10_t10|throughput|n65536_b1|65536|1|1|1|10|2.01306545e-07|6.13667377e-07|1.00000000e-04|PASS
[run ] n65536_b1        | Len:  65536 | Batch:     1 | Thr:10 | Fwd:    0.0593 ms    88.48 GF/s (iters:1278) | Bwd:    0.0636 ms    82.41 GF/s (iters:1394) | Slots:1024 | Mem:1024.50 MB
RESULT|avx512_c10_t10|throughput|n65536_b1|65536|1|1|1|10|0.059254|88.481012|0.063616|82.414260|1024.50
CHECK|avx512_c10_t10|throughput|n131072_b1|131072|1|1|1|10|2.14457557e-07|6.97654480e-07|1.00000000e-04|PASS
[run ] n131072_b1       | Len: 131072 | Batch:     1 | Thr:10 | Fwd:    0.1179 ms    94.47 GF/s (iters:745) | Bwd:    0.1143 ms    97.50 GF/s (iters:662) | Slots:512 | Mem:1025.00 MB
RESULT|avx512_c10_t10|throughput|n131072_b1|131072|1|1|1|10|0.117936|94.467414|0.114267|97.500436|1025.00
CHECK|avx512_c10_t10|throughput|n262144_b1|262144|1|1|1|10|2.13310155e-07|6.97654480e-07|1.00000000e-04|PASS
[run ] n262144_b1       | Len: 262144 | Batch:     1 | Thr:10 | Fwd:    0.2542 ms    92.82 GF/s (iters:350) | Bwd:    0.2500 ms    94.37 GF/s (iters:328) | Slots:256 | Mem:1026.00 MB
RESULT|avx512_c10_t10|throughput|n262144_b1|262144|1|1|1|10|0.254173|92.822360|0.249995|94.373727|1026.00
CHECK|avx512_c10_t10|throughput|n524288_b1|524288|1|1|1|10|2.25376377e-07|8.86086747e-07|1.00000000e-04|PASS
[run ] n524288_b1       | Len: 524288 | Batch:     1 | Thr:10 | Fwd:    0.4757 ms   104.71 GF/s (iters:173) | Bwd:    0.5227 ms    95.30 GF/s (iters:144) | Slots:128 | Mem:1028.00 MB
RESULT|avx512_c10_t10|throughput|n524288_b1|524288|1|1|1|10|0.475682|104.707324|0.522658|95.296238|1028.00
CHECK|avx512_c10_t10|throughput|n1048576_b1|1048576|1|1|1|10|2.21522234e-07|7.20205663e-07|1.00000000e-04|PASS
[run ] n1048576_b1      | Len:1048576 | Batch:     1 | Thr:10 | Fwd:    0.9940 ms   105.49 GF/s (iters:79) | Bwd:    0.9791 ms   107.09 GF/s (iters:77) | Slots: 64 | Mem:1032.00 MB
RESULT|avx512_c10_t10|throughput|n1048576_b1|1048576|1|1|1|10|0.994016|105.488892|0.979150|107.090458|1032.00
CHECK|avx512_c10_t10|throughput|n2097152_b1|2097152|1|1|1|10|2.36765642e-07|8.10710818e-07|1.00000000e-04|PASS
[run ] n2097152_b1      | Len:2097152 | Batch:     1 | Thr:10 | Fwd:    2.4782 ms    88.86 GF/s (iters:32) | Bwd:    2.6079 ms    84.43 GF/s (iters:32) | Slots: 64 | Mem:2064.00 MB
RESULT|avx512_c10_t10|throughput|n2097152_b1|2097152|1|1|1|10|2.478160|88.856627|2.607944|84.434706|2064.00
CHECK|avx512_c10_t10|throughput|n4194304_b1|4194304|1|1|1|10|2.25452393e-07|7.63311891e-07|1.00000000e-04|PASS
[run ] n4194304_b1      | Len:4194304 | Batch:     1 | Thr:10 | Fwd:    6.8846 ms    67.02 GF/s (iters:20) | Bwd:    6.5458 ms    70.48 GF/s (iters:20) | Slots: 47 | Mem:3040.00 MB
RESULT|avx512_c10_t10|throughput|n4194304_b1|4194304|1|1|1|10|6.884577|67.015513|6.545804|70.483849|3040.00

Benchmark workload complete.

[DONE] avx512_c10_t10

============================================================
RUN PROFILE: avx512_c10_t20
Description : MKL AVX-512 pinned to 10 core(s), 20 thread(s)
ISA         : AVX512
Cores       : 10
Threads/core: 2
Threads     : 20
CPU set     : 0,1,2,3,4,5,6,7,8,9,10,11,12,13,14,15,16,17,18,19
Workload    : throughput
============================================================
PROFILE|avx512_c10_t20|MKL AVX-512 pinned to 10 core(s), 20 thread(s)|AVX512|20|throughput|2,4,8,16,32,64,128,256,512,1024,2048,4096,8192,16384,32768,65536,131072,262144,524288,1048576,2097152,4194304|1|1,10,20|4194304|1024|10|10|2|0,1,2,3,4,5,6,7,8,9,10,11,12,13,14,15,16,17,18,19

############################################################
# FFT BENCHMARK (Intel oneMKL DFTI, 1D, single precision)  #
############################################################
profile_id       : avx512_c10_t20
profile_desc     : MKL AVX-512 pinned to 10 core(s), 20 thread(s)
workload         : throughput
threads(cli)     : 20
mkl max threads  : 20
timed runs       : 20
warmup runs      : 5
min total ms     : 75.0
max adapt iters  : 100000000
validate         : 1
validate tol     : 1.000e-04
validate strict  : 1
stream mode      : 1
stream target MB : 1024.0
stream min slots : 64
stream max slots : 32768
mem cap (MB)     : 3072.0
lengths: 2,4,8,16,32,64,128,256,512,1024,2048,4096,8192,16384,32768,65536,131072,262144,524288,1048576,2097152,4194304
batches: 1
thread_set: 1,2,4,8,10,20
batch_scale_set: 1,4,16,64,256
scale_length     : 16384
scale_batch      : 64
scale_threads    : 20


====================================================================
WORKLOAD: throughput (length x batch at fixed thread count)
====================================================================
threads=20
CHECK|avx512_c10_t20|throughput|n2_b1|2|1|1|1|20|1.14557866e-08|1.49011612e-08|1.00000000e-04|PASS
[run ] n2_b1            | Len:      2 | Batch:     1 | Thr:20 | Fwd:    0.0000 ms     0.48 GF/s (iters:3740335) | Bwd:    0.0000 ms     0.50 GF/s (iters:3728802) | Slots:32768 | Mem:   1.00 MB
RESULT|avx512_c10_t20|throughput|n2_b1|2|1|1|1|20|0.000021|0.482939|0.000020|0.496286|1.00
CHECK|avx512_c10_t20|throughput|n4_b1|4|1|1|1|20|4.49494167e-08|5.96046448e-08|1.00000000e-04|PASS
[run ] n4_b1            | Len:      4 | Batch:     1 | Thr:20 | Fwd:    0.0000 ms     1.67 GF/s (iters:3151348) | Bwd:    0.0000 ms     1.66 GF/s (iters:3174933) | Slots:32768 | Mem:   2.00 MB
RESULT|avx512_c10_t20|throughput|n4_b1|4|1|1|1|20|0.000024|1.671495|0.000024|1.655816|2.00
CHECK|avx512_c10_t20|throughput|n8_b1|8|1|1|1|20|6.88878659e-08|1.33280037e-07|1.00000000e-04|PASS
[run ] n8_b1            | Len:      8 | Batch:     1 | Thr:20 | Fwd:    0.0000 ms     4.89 GF/s (iters:3455350) | Bwd:    0.0000 ms     5.03 GF/s (iters:3218482) | Slots:32768 | Mem:   4.00 MB
RESULT|avx512_c10_t20|throughput|n8_b1|8|1|1|1|20|0.000025|4.890098|0.000024|5.034569|4.00
CHECK|avx512_c10_t20|throughput|n16_b1|16|1|1|1|20|8.06080983e-08|1.33280037e-07|1.00000000e-04|PASS
[run ] n16_b1           | Len:     16 | Batch:     1 | Thr:20 | Fwd:    0.0000 ms    12.68 GF/s (iters:3276274) | Bwd:    0.0000 ms    13.86 GF/s (iters:3342206) | Slots:32768 | Mem:   8.00 MB
RESULT|avx512_c10_t20|throughput|n16_b1|16|1|1|1|20|0.000025|12.680486|0.000023|13.862908|8.00
CHECK|avx512_c10_t20|throughput|n32_b1|32|1|1|1|20|9.37525156e-08|1.33280037e-07|1.00000000e-04|PASS
[run ] n32_b1           | Len:     32 | Batch:     1 | Thr:20 | Fwd:    0.0000 ms    17.22 GF/s (iters:1697761) | Bwd:    0.0000 ms    18.17 GF/s (iters:1720037) | Slots:32768 | Mem:  16.00 MB
RESULT|avx512_c10_t20|throughput|n32_b1|32|1|1|1|20|0.000046|17.215931|0.000044|18.171687|16.00
CHECK|avx512_c10_t20|throughput|n64_b1|64|1|1|1|20|1.04453060e-07|1.49011612e-07|1.00000000e-04|PASS
[run ] n64_b1           | Len:     64 | Batch:     1 | Thr:20 | Fwd:    0.0001 ms    25.40 GF/s (iters:1006644) | Bwd:    0.0001 ms    26.91 GF/s (iters:1051561) | Slots:32768 | Mem:  32.00 MB
RESULT|avx512_c10_t20|throughput|n64_b1|64|1|1|1|20|0.000076|25.402389|0.000071|26.912175|32.00
CHECK|avx512_c10_t20|throughput|n128_b1|128|1|1|1|20|1.14162990e-07|2.02677705e-07|1.00000000e-04|PASS
[run ] n128_b1          | Len:    128 | Batch:     1 | Thr:20 | Fwd:    0.0002 ms    25.77 GF/s (iters:459444) | Bwd:    0.0002 ms    25.69 GF/s (iters:610111) | Slots:32768 | Mem:  64.00 MB
RESULT|avx512_c10_t20|throughput|n128_b1|128|1|1|1|20|0.000174|25.773528|0.000174|25.687515|64.00
CHECK|avx512_c10_t20|throughput|n256_b1|256|1|1|1|20|1.20880689e-07|2.14907603e-07|1.00000000e-04|PASS
[run ] n256_b1          | Len:    256 | Batch:     1 | Thr:20 | Fwd:    0.0005 ms    22.64 GF/s (iters:183639) | Bwd:    0.0005 ms    22.15 GF/s (iters:216380) | Slots:32768 | Mem: 128.00 MB
RESULT|avx512_c10_t20|throughput|n256_b1|256|1|1|1|20|0.000452|22.644751|0.000462|22.149272|128.00
CHECK|avx512_c10_t20|throughput|n512_b1|512|1|1|1|20|1.15796630e-07|2.71920675e-07|1.00000000e-04|PASS
[run ] n512_b1          | Len:    512 | Batch:     1 | Thr:20 | Fwd:    0.0010 ms    23.49 GF/s (iters:83375) | Bwd:    0.0010 ms    23.18 GF/s (iters:92735) | Slots:32768 | Mem: 256.00 MB
RESULT|avx512_c10_t20|throughput|n512_b1|512|1|1|1|20|0.000981|23.489221|0.000994|23.179560|256.00
CHECK|avx512_c10_t20|throughput|n1024_b1|1024|1|1|1|20|1.24276207e-07|2.52881091e-07|1.00000000e-04|PASS
[run ] n1024_b1         | Len:   1024 | Batch:     1 | Thr:20 | Fwd:    0.0019 ms    27.19 GF/s (iters:47783) | Bwd:    0.0019 ms    27.11 GF/s (iters:45311) | Slots:32768 | Mem: 512.01 MB
RESULT|avx512_c10_t20|throughput|n1024_b1|1024|1|1|1|20|0.001883|27.185268|0.001889|27.107307|512.01
CHECK|avx512_c10_t20|throughput|n2048_b1|2048|1|1|1|20|1.45184027e-07|3.37174788e-07|1.00000000e-04|PASS
[run ] n2048_b1         | Len:   2048 | Batch:     1 | Thr:20 | Fwd:    0.0040 ms    28.29 GF/s (iters:24436) | Bwd:    0.0041 ms    27.35 GF/s (iters:23983) | Slots:32768 | Mem:1024.02 MB
RESULT|avx512_c10_t20|throughput|n2048_b1|2048|1|1|1|20|0.003982|28.286620|0.004119|27.347676|1024.02
CHECK|avx512_c10_t20|throughput|n4096_b1|4096|1|1|1|20|1.45690048e-07|3.20980835e-07|1.00000000e-04|PASS
[run ] n4096_b1         | Len:   4096 | Batch:     1 | Thr:20 | Fwd:    0.0070 ms    35.00 GF/s (iters:10981) | Bwd:    0.0074 ms    33.00 GF/s (iters:13196) | Slots:16384 | Mem:1024.03 MB
RESULT|avx512_c10_t20|throughput|n4096_b1|4096|1|1|1|20|0.007022|34.999303|0.007448|32.998831|1024.03
CHECK|avx512_c10_t20|throughput|n8192_b1|8192|1|1|1|20|1.89483007e-07|5.41591103e-07|1.00000000e-04|PASS
[run ] n8192_b1         | Len:   8192 | Batch:     1 | Thr:20 | Fwd:    0.0120 ms    44.40 GF/s (iters:6526) | Bwd:    0.0121 ms    43.99 GF/s (iters:7074) | Slots:8192 | Mem:1024.06 MB
RESULT|avx512_c10_t20|throughput|n8192_b1|8192|1|1|1|20|0.011993|44.399027|0.012105|43.987118|1024.06
CHECK|avx512_c10_t20|throughput|n16384_b1|16384|1|1|1|20|1.95270107e-07|5.37269007e-07|1.00000000e-04|PASS
[run ] n16384_b1        | Len:  16384 | Batch:     1 | Thr:20 | Fwd:    0.0181 ms    63.22 GF/s (iters:4156) | Bwd:    0.0182 ms    62.97 GF/s (iters:5651) | Slots:4096 | Mem:1024.12 MB
RESULT|avx512_c10_t20|throughput|n16384_b1|16384|1|1|1|20|0.018142|63.218108|0.018212|62.973442|1024.12
CHECK|avx512_c10_t20|throughput|n32768_b1|32768|1|1|1|20|2.09355397e-07|5.49527672e-07|1.00000000e-04|PASS
[run ] n32768_b1        | Len:  32768 | Batch:     1 | Thr:20 | Fwd:    0.0504 ms    48.75 GF/s (iters:3196) | Bwd:    0.0565 ms    43.48 GF/s (iters:3031) | Slots:2048 | Mem:1024.25 MB
RESULT|avx512_c10_t20|throughput|n32768_b1|32768|1|1|1|20|0.050413|48.749558|0.056529|43.475136|1024.25
CHECK|avx512_c10_t20|throughput|n65536_b1|65536|1|1|1|20|2.01306545e-07|6.13667377e-07|1.00000000e-04|PASS
[run ] n65536_b1        | Len:  65536 | Batch:     1 | Thr:20 | Fwd:    0.2284 ms    22.96 GF/s (iters:1427) | Bwd:    0.1469 ms    35.69 GF/s (iters:1441) | Slots:1024 | Mem:1024.50 MB
RESULT|avx512_c10_t20|throughput|n65536_b1|65536|1|1|1|20|0.228359|22.958980|0.146912|35.687230|1024.50
CHECK|avx512_c10_t20|throughput|n131072_b1|131072|1|1|1|20|2.14457557e-07|6.97654480e-07|1.00000000e-04|PASS
[run ] n131072_b1       | Len: 131072 | Batch:     1 | Thr:20 | Fwd:    0.3103 ms    35.91 GF/s (iters:748) | Bwd:    0.2389 ms    46.64 GF/s (iters:731) | Slots:512 | Mem:1025.00 MB
RESULT|avx512_c10_t20|throughput|n131072_b1|131072|1|1|1|20|0.310270|35.907778|0.238869|46.641157|1025.00
CHECK|avx512_c10_t20|throughput|n262144_b1|262144|1|1|1|20|2.13310155e-07|6.97654480e-07|1.00000000e-04|PASS
[run ] n262144_b1       | Len: 262144 | Batch:     1 | Thr:20 | Fwd:    0.5883 ms    40.11 GF/s (iters:344) | Bwd:    0.7129 ms    33.10 GF/s (iters:160) | Slots:256 | Mem:1026.00 MB
RESULT|avx512_c10_t20|throughput|n262144_b1|262144|1|1|1|20|0.588278|40.105142|0.712852|33.096594|1026.00
CHECK|avx512_c10_t20|throughput|n524288_b1|524288|1|1|1|20|2.25376377e-07|8.86086747e-07|1.00000000e-04|PASS
[run ] n524288_b1       | Len: 524288 | Batch:     1 | Thr:20 | Fwd:    3.5992 ms    13.84 GF/s (iters:73) | Bwd:    4.4525 ms    11.19 GF/s (iters:23) | Slots:128 | Mem:1028.00 MB
RESULT|avx512_c10_t20|throughput|n524288_b1|524288|1|1|1|20|3.599222|13.838367|4.452460|11.186482|1028.00
CHECK|avx512_c10_t20|throughput|n1048576_b1|1048576|1|1|1|20|2.21522234e-07|7.20205663e-07|1.00000000e-04|PASS
[run ] n1048576_b1      | Len:1048576 | Batch:     1 | Thr:20 | Fwd:    2.9239 ms    35.86 GF/s (iters:27) | Bwd:    5.7092 ms    18.37 GF/s (iters:20) | Slots: 64 | Mem:1032.00 MB
RESULT|avx512_c10_t20|throughput|n1048576_b1|1048576|1|1|1|20|2.923921|35.861977|5.709219|18.366365|1032.00
CHECK|avx512_c10_t20|throughput|n2097152_b1|2097152|1|1|1|20|2.36765642e-07|8.10710818e-07|1.00000000e-04|PASS
[run ] n2097152_b1      | Len:2097152 | Batch:     1 | Thr:20 | Fwd:   13.7044 ms    16.07 GF/s (iters:20) | Bwd:   17.8462 ms    12.34 GF/s (iters:20) | Slots: 64 | Mem:2064.00 MB
RESULT|avx512_c10_t20|throughput|n2097152_b1|2097152|1|1|1|20|13.704418|16.067882|17.846153|12.338847|2064.00
CHECK|avx512_c10_t20|throughput|n4194304_b1|4194304|1|1|1|20|2.25452393e-07|7.63311891e-07|1.00000000e-04|PASS
[run ] n4194304_b1      | Len:4194304 | Batch:     1 | Thr:20 | Fwd:    4.4747 ms   103.11 GF/s (iters:20) | Bwd:    7.7681 ms    59.39 GF/s (iters:20) | Slots: 47 | Mem:3040.00 MB
RESULT|avx512_c10_t20|throughput|n4194304_b1|4194304|1|1|1|20|4.474672|103.107763|7.768059|59.393655|3040.00

Benchmark workload complete.

[DONE] avx512_c10_t20

============================================================
RUN COMPLETE run01
============================================================
