source_log,run_id,profile_id,workload,case_id,n,batch,threads_field,fwd_ms,fwd_gflops,bwd_ms,bwd_gflops,mem_mb,timing_mode,set_id,manifest,run_index,fwd_flops,bwd_flops
/home/nikhil/workspace/xeon-fft-bench/src/gpu/latest_run/64k_batch/20260225_144327/runs/run01/fft_benchmark_gpu_20260225_144327.log,fft_benchmark_gpu_20260225_144327,cufft_gpu,throughput,n32_b1,32,1,1,0.002606,0.306937,0.002509,0.318878,0.0,compute,20260225_144327,/home/nikhil/workspace/xeon-fft-bench/src/gpu/latest_run/64k_batch/20260225_144327/manifest.tsv,1,799.877822,800.064902
/home/nikhil/workspace/xeon-fft-bench/src/gpu/latest_run/64k_batch/20260225_144327/runs/run01/fft_benchmark_gpu_20260225_144327.log,fft_benchmark_gpu_20260225_144327,cufft_gpu,throughput,n32_b2,32,2,1,0.002597,0.616143,0.002816,0.568182,0.0,compute,20260225_144327,/home/nikhil/workspace/xeon-fft-bench/src/gpu/latest_run/64k_batch/20260225_144327/manifest.tsv,1,1600.123371,1600.0005119999998
/home/nikhil/workspace/xeon-fft-bench/src/gpu/latest_run/64k_batch/20260225_144327/runs/run01/fft_benchmark_gpu_20260225_144327.log,fft_benchmark_gpu_20260225_144327,cufft_gpu,throughput,n32_b4,32,4,1,0.00256,1.25,0.002658,1.204094,0.0,compute,20260225_144327,/home/nikhil/workspace/xeon-fft-bench/src/gpu/latest_run/64k_batch/20260225_144327/manifest.tsv,1,3200.0,3200.4818520000003
/home/nikhil/workspace/xeon-fft-bench/src/gpu/latest_run/64k_batch/20260225_144327/runs/run01/fft_benchmark_gpu_20260225_144327.log,fft_benchmark_gpu_20260225_144327,cufft_gpu,throughput,n32_b8,32,8,1,0.002662,2.403846,0.00256,2.5,0.0,compute,20260225_144327,/home/nikhil/workspace/xeon-fft-bench/src/gpu/latest_run/64k_batch/20260225_144327/manifest.tsv,1,6399.038052,6400.0
/home/nikhil/workspace/xeon-fft-bench/src/gpu/latest_run/64k_batch/20260225_144327/runs/run01/fft_benchmark_gpu_20260225_144327.log,fft_benchmark_gpu_20260225_144327,cufft_gpu,throughput,n32_b16,32,16,1,0.002662,4.807692,0.002677,4.781829,0.01,compute,20260225_144327,/home/nikhil/workspace/xeon-fft-bench/src/gpu/latest_run/64k_batch/20260225_144327/manifest.tsv,1,12798.076104,12800.956233000003
/home/nikhil/workspace/xeon-fft-bench/src/gpu/latest_run/64k_batch/20260225_144327/runs/run01/fft_benchmark_gpu_20260225_144327.log,fft_benchmark_gpu_20260225_144327,cufft_gpu,throughput,n32_b32,32,32,1,0.002867,8.928571,0.002963,8.639309,0.02,compute,20260225_144327,/home/nikhil/workspace/xeon-fft-bench/src/gpu/latest_run/64k_batch/20260225_144327/manifest.tsv,1,25598.213057,25598.272567
/home/nikhil/workspace/xeon-fft-bench/src/gpu/latest_run/64k_batch/20260225_144327/runs/run01/fft_benchmark_gpu_20260225_144327.log,fft_benchmark_gpu_20260225_144327,cufft_gpu,throughput,n32_b64,32,64,1,0.002907,17.611448,0.002856,17.927171,0.03,compute,20260225_144327,/home/nikhil/workspace/xeon-fft-bench/src/gpu/latest_run/64k_batch/20260225_144327/manifest.tsv,1,51196.479336,51200.000376
/home/nikhil/workspace/xeon-fft-bench/src/gpu/latest_run/64k_batch/20260225_144327/runs/run01/fft_benchmark_gpu_20260225_144327.log,fft_benchmark_gpu_20260225_144327,cufft_gpu,throughput,n32_b128,32,128,1,0.002931,34.934498,0.002918,35.087719,0.06,compute,20260225_144327,/home/nikhil/workspace/xeon-fft-bench/src/gpu/latest_run/64k_batch/20260225_144327/manifest.tsv,1,102393.01363799999,102385.96404199999
/home/nikhil/workspace/xeon-fft-bench/src/gpu/latest_run/64k_batch/20260225_144327/runs/run01/fft_benchmark_gpu_20260225_144327.log,fft_benchmark_gpu_20260225_144327,cufft_gpu,throughput,n32_b256,32,256,1,0.00297,68.965516,0.002918,70.175437,0.12,compute,20260225_144327,/home/nikhil/workspace/xeon-fft-bench/src/gpu/latest_run/64k_batch/20260225_144327/manifest.tsv,1,204827.58251999997,204771.925166
/home/nikhil/workspace/xeon-fft-bench/src/gpu/latest_run/64k_batch/20260225_144327/runs/run01/fft_benchmark_gpu_20260225_144327.log,fft_benchmark_gpu_20260225_144327,cufft_gpu,throughput,n32_b512,32,512,1,0.002918,140.350874,0.00297,137.931031,0.25,compute,20260225_144327,/home/nikhil/workspace/xeon-fft-bench/src/gpu/latest_run/64k_batch/20260225_144327/manifest.tsv,1,409543.850332,409655.16206999996
/home/nikhil/workspace/xeon-fft-bench/src/gpu/latest_run/64k_batch/20260225_144327/runs/run01/fft_benchmark_gpu_20260225_144327.log,fft_benchmark_gpu_20260225_144327,cufft_gpu,throughput,n32_b1024,32,1024,1,0.003027,270.613112,0.003029,270.470156,0.5,compute,20260225_144327,/home/nikhil/workspace/xeon-fft-bench/src/gpu/latest_run/64k_batch/20260225_144327/manifest.tsv,1,819145.8900240001,819254.1025239999
/home/nikhil/workspace/xeon-fft-bench/src/gpu/latest_run/64k_batch/20260225_144327/runs/run01/fft_benchmark_gpu_20260225_144327.log,fft_benchmark_gpu_20260225_144327,cufft_gpu,throughput,n32_b2048,32,2048,1,0.003226,507.936512,0.003226,507.936512,1.0,compute,20260225_144327,/home/nikhil/workspace/xeon-fft-bench/src/gpu/latest_run/64k_batch/20260225_144327/manifest.tsv,1,1638603.187712,1638603.187712
/home/nikhil/workspace/xeon-fft-bench/src/gpu/latest_run/64k_batch/20260225_144327/runs/run01/fft_benchmark_gpu_20260225_144327.log,fft_benchmark_gpu_20260225_144327,cufft_gpu,throughput,n32_b4096,32,4096,1,0.004184,783.17403,0.004045,810.126606,2.0,compute,20260225_144327,/home/nikhil/workspace/xeon-fft-bench/src/gpu/latest_run/64k_batch/20260225_144327/manifest.tsv,1,3276800.1415200005,3276962.12127
/home/nikhil/workspace/xeon-fft-bench/src/gpu/latest_run/64k_batch/20260225_144327/runs/run01/fft_benchmark_gpu_20260225_144327.log,fft_benchmark_gpu_20260225_144327,cufft_gpu,throughput,n32_b8192,32,8192,1,0.005478,1196.261684,0.005478,1196.261684,4.0,compute,20260225_144327,/home/nikhil/workspace/xeon-fft-bench/src/gpu/latest_run/64k_batch/20260225_144327/manifest.tsv,1,6553121.504952,6553121.504952
/home/nikhil/workspace/xeon-fft-bench/src/gpu/latest_run/64k_batch/20260225_144327/runs/run01/fft_benchmark_gpu_20260225_144327.log,fft_benchmark_gpu_20260225_144327,cufft_gpu,throughput,n32_b16384,32,16384,1,0.012643,1036.699557,0.01253,1046.098866,8.0,compute,20260225_144327,/home/nikhil/workspace/xeon-fft-bench/src/gpu/latest_run/64k_batch/20260225_144327/manifest.tsv,1,13106992.499150997,13107618.79098
/home/nikhil/workspace/xeon-fft-bench/src/gpu/latest_run/64k_batch/20260225_144327/runs/run01/fft_benchmark_gpu_20260225_144327.log,fft_benchmark_gpu_20260225_144327,cufft_gpu,throughput,n32_b32768,32,32768,1,0.026214,1000.000003,0.026317,996.108922,16.0,compute,20260225_144327,/home/nikhil/workspace/xeon-fft-bench/src/gpu/latest_run/64k_batch/20260225_144327/manifest.tsv,1,26214000.078642003,26214598.500274
/home/nikhil/workspace/xeon-fft-bench/src/gpu/latest_run/64k_batch/20260225_144327/runs/run01/fft_benchmark_gpu_20260225_144327.log,fft_benchmark_gpu_20260225_144327,cufft_gpu,throughput,n32_b65536,32,65536,1,0.050586,1036.437293,0.050598,1036.17504,32.0,compute,20260225_144327,/home/nikhil/workspace/xeon-fft-bench/src/gpu/latest_run/64k_batch/20260225_144327/manifest.tsv,1,52429216.903698,52428384.67392
/home/nikhil/workspace/xeon-fft-bench/src/gpu/latest_run/64k_batch/20260225_144327/runs/run01/fft_benchmark_gpu_20260225_144327.log,fft_benchmark_gpu_20260225_144327,cufft_gpu,throughput,n64_b1,64,1,1,0.002355,0.815217,0.002406,0.797872,0.0,compute,20260225_144327,/home/nikhil/workspace/xeon-fft-bench/src/gpu/latest_run/64k_batch/20260225_144327/manifest.tsv,1,1919.836035,1919.680032
/home/nikhil/workspace/xeon-fft-bench/src/gpu/latest_run/64k_batch/20260225_144327/runs/run01/fft_benchmark_gpu_20260225_144327.log,fft_benchmark_gpu_20260225_144327,cufft_gpu,throughput,n64_b2,64,2,1,0.002406,1.595745,0.002402,1.598934,0.0,compute,20260225_144327,/home/nikhil/workspace/xeon-fft-bench/src/gpu/latest_run/64k_batch/20260225_144327/manifest.tsv,1,3839.36247,3840.6394680000003
/home/nikhil/workspace/xeon-fft-bench/src/gpu/latest_run/64k_batch/20260225_144327/runs/run01/fft_benchmark_gpu_20260225_144327.log,fft_benchmark_gpu_20260225_144327,cufft_gpu,throughput,n64_b4,64,4,1,0.002355,3.260869,0.002406,3.191489,0.0,compute,20260225_144327,/home/nikhil/workspace/xeon-fft-bench/src/gpu/latest_run/64k_batch/20260225_144327/manifest.tsv,1,7679.346495,7678.722534
/home/nikhil/workspace/xeon-fft-bench/src/gpu/latest_run/64k_batch/20260225_144327/runs/run01/fft_benchmark_gpu_20260225_144327.log,fft_benchmark_gpu_20260225_144327,cufft_gpu,throughput,n64_b8,64,8,1,0.002406,6.382979,0.002406,6.382979,0.01,compute,20260225_144327,/home/nikhil/workspace/xeon-fft-bench/src/gpu/latest_run/64k_batch/20260225_144327/manifest.tsv,1,15357.447474,15357.447474
/home/nikhil/workspace/xeon-fft-bench/src/gpu/latest_run/64k_batch/20260225_144327/runs/run01/fft_benchmark_gpu_20260225_144327.log,fft_benchmark_gpu_20260225_144327,cufft_gpu,throughput,n64_b16,64,16,1,0.002458,12.5,0.002458,12.5,0.02,compute,20260225_144327,/home/nikhil/workspace/xeon-fft-bench/src/gpu/latest_run/64k_batch/20260225_144327/manifest.tsv,1,30725.000000000004,30725.000000000004
/home/nikhil/workspace/xeon-fft-bench/src/gpu/latest_run/64k_batch/20260225_144327/runs/run01/fft_benchmark_gpu_20260225_144327.log,fft_benchmark_gpu_20260225_144327,cufft_gpu,throughput,n64_b32,64,32,1,0.00256,24.000001,0.002509,24.489797,0.03,compute,20260225_144327,/home/nikhil/workspace/xeon-fft-bench/src/gpu/latest_run/64k_batch/20260225_144327/manifest.tsv,1,61440.00256000001,61444.900673
/home/nikhil/workspace/xeon-fft-bench/src/gpu/latest_run/64k_batch/20260225_144327/runs/run01/fft_benchmark_gpu_20260225_144327.log,fft_benchmark_gpu_20260225_144327,cufft_gpu,throughput,n64_b64,64,64,1,0.002549,48.210922,0.002803,43.835618,0.06,compute,20260225_144327,/home/nikhil/workspace/xeon-fft-bench/src/gpu/latest_run/64k_batch/20260225_144327/manifest.tsv,1,122889.640178,122871.23725399998
/home/nikhil/workspace/xeon-fft-bench/src/gpu/latest_run/64k_batch/20260225_144327/runs/run01/fft_benchmark_gpu_20260225_144327.log,fft_benchmark_gpu_20260225_144327,cufft_gpu,throughput,n64_b128,64,128,1,0.002502,98.209716,0.002509,97.959187,0.12,compute,20260225_144327,/home/nikhil/workspace/xeon-fft-bench/src/gpu/latest_run/64k_batch/20260225_144327/manifest.tsv,1,245720.709432,245779.600183
/home/nikhil/workspace/xeon-fft-bench/src/gpu/latest_run/64k_batch/20260225_144327/runs/run01/fft_benchmark_gpu_20260225_144327.log,fft_benchmark_gpu_20260225_144327,cufft_gpu,throughput,n64_b256,64,256,1,0.00256,192.000005,0.002509,195.918374,0.25,compute,20260225_144327,/home/nikhil/workspace/xeon-fft-bench/src/gpu/latest_run/64k_batch/20260225_144327/manifest.tsv,1,491520.0128,491559.200366
/home/nikhil/workspace/xeon-fft-bench/src/gpu/latest_run/64k_batch/20260225_144327/runs/run01/fft_benchmark_gpu_20260225_144327.log,fft_benchmark_gpu_20260225_144327,cufft_gpu,throughput,n64_b512,64,512,1,0.002714,362.264153,0.002699,364.19679,0.5,compute,20260225_144327,/home/nikhil/workspace/xeon-fft-bench/src/gpu/latest_run/64k_batch/20260225_144327/manifest.tsv,1,983184.9112420001,982967.1362100001
/home/nikhil/workspace/xeon-fft-bench/src/gpu/latest_run/64k_batch/20260225_144327/runs/run01/fft_benchmark_gpu_20260225_144327.log,fft_benchmark_gpu_20260225_144327,cufft_gpu,throughput,n64_b1024,64,1024,1,0.003072,640.000016,0.003061,642.341867,1.0,compute,20260225_144327,/home/nikhil/workspace/xeon-fft-bench/src/gpu/latest_run/64k_batch/20260225_144327/manifest.tsv,1,1966080.0491519999,1966208.454887
/home/nikhil/workspace/xeon-fft-bench/src/gpu/latest_run/64k_batch/20260225_144327/runs/run01/fft_benchmark_gpu_20260225_144327.log,fft_benchmark_gpu_20260225_144327,cufft_gpu,throughput,n64_b2048,64,2048,1,0.003738,1052.054753,0.003738,1052.054753,2.0,compute,20260225_144327,/home/nikhil/workspace/xeon-fft-bench/src/gpu/latest_run/64k_batch/20260225_144327/manifest.tsv,1,3932580.6667139996,3932580.6667139996
/home/nikhil/workspace/xeon-fft-bench/src/gpu/latest_run/64k_batch/20260225_144327/runs/run01/fft_benchmark_gpu_20260225_144327.log,fft_benchmark_gpu_20260225_144327,cufft_gpu,throughput,n64_b4096,64,4096,1,0.004557,1725.842677,0.004506,1745.454532,4.0,compute,20260225_144327,/home/nikhil/workspace/xeon-fft-bench/src/gpu/latest_run/64k_batch/20260225_144327/manifest.tsv,1,7864665.079089001,7865018.121191999
/home/nikhil/workspace/xeon-fft-bench/src/gpu/latest_run/64k_batch/20260225_144327/runs/run01/fft_benchmark_gpu_20260225_144327.log,fft_benchmark_gpu_20260225_144327,cufft_gpu,throughput,n64_b8192,64,8192,1,0.012792,1229.568464,0.012032,1307.234045,8.0,compute,20260225_144327,/home/nikhil/workspace/xeon-fft-bench/src/gpu/latest_run/64k_batch/20260225_144327/manifest.tsv,1,15728639.791487997,15728640.029439997
/home/nikhil/workspace/xeon-fft-bench/src/gpu/latest_run/64k_batch/20260225_144327/runs/run01/fft_benchmark_gpu_20260225_144327.log,fft_benchmark_gpu_20260225_144327,cufft_gpu,throughput,n64_b16384,64,16384,1,0.026419,1190.697741,0.026414,1190.914032,16.0,compute,20260225_144327,/home/nikhil/workspace/xeon-fft-bench/src/gpu/latest_run/64k_batch/20260225_144327/manifest.tsv,1,31457043.619479,31456803.241247997
/home/nikhil/workspace/xeon-fft-bench/src/gpu/latest_run/64k_batch/20260225_144327/runs/run01/fft_benchmark_gpu_20260225_144327.log,fft_benchmark_gpu_20260225_144327,cufft_gpu,throughput,n64_b32768,64,32768,1,0.05139,1224.247389,0.051339,1225.468326,32.0,compute,20260225_144327,/home/nikhil/workspace/xeon-fft-bench/src/gpu/latest_run/64k_batch/20260225_144327/manifest.tsv,1,62914073.32071,62914318.388514
/home/nikhil/workspace/xeon-fft-bench/src/gpu/latest_run/64k_batch/20260225_144327/runs/run01/fft_benchmark_gpu_20260225_144327.log,fft_benchmark_gpu_20260225_144327,cufft_gpu,throughput,n64_b65536,64,65536,1,0.100184,1255.980202,0.100146,1256.461764,64.0,compute,20260225_144327,/home/nikhil/workspace/xeon-fft-bench/src/gpu/latest_run/64k_batch/20260225_144327/manifest.tsv,1,125829120.55716799,125829619.81754398
/home/nikhil/workspace/xeon-fft-bench/src/gpu/latest_run/64k_batch/20260225_144327/runs/run01/fft_benchmark_gpu_20260225_144327.log,fft_benchmark_gpu_20260225_144327,cufft_gpu,throughput,n128_b1,128,1,1,0.002621,1.709402,0.00261,1.716738,0.0,compute,20260225_144327,/home/nikhil/workspace/xeon-fft-bench/src/gpu/latest_run/64k_batch/20260225_144327/manifest.tsv,1,4480.342642,4480.686180000001
/home/nikhil/workspace/xeon-fft-bench/src/gpu/latest_run/64k_batch/20260225_144327/runs/run01/fft_benchmark_gpu_20260225_144327.log,fft_benchmark_gpu_20260225_144327,cufft_gpu,throughput,n128_b2,128,2,1,0.002654,3.375528,0.002608,3.435583,0.0,compute,20260225_144327,/home/nikhil/workspace/xeon-fft-bench/src/gpu/latest_run/64k_batch/20260225_144327/manifest.tsv,1,8958.651312,8960.000463999999
/home/nikhil/workspace/xeon-fft-bench/src/gpu/latest_run/64k_batch/20260225_144327/runs/run01/fft_benchmark_gpu_20260225_144327.log,fft_benchmark_gpu_20260225_144327,cufft_gpu,throughput,n128_b4,128,4,1,0.002714,6.603774,0.002613,6.858543,0.01,compute,20260225_144327,/home/nikhil/workspace/xeon-fft-bench/src/gpu/latest_run/64k_batch/20260225_144327/manifest.tsv,1,17922.642635999997,17921.372859000003
/home/nikhil/workspace/xeon-fft-bench/src/gpu/latest_run/64k_batch/20260225_144327/runs/run01/fft_benchmark_gpu_20260225_144327.log,fft_benchmark_gpu_20260225_144327,cufft_gpu,throughput,n128_b8,128,8,1,0.002765,12.962963,0.002714,13.207547,0.02,compute,20260225_144327,/home/nikhil/workspace/xeon-fft-bench/src/gpu/latest_run/64k_batch/20260225_144327/manifest.tsv,1,35842.592695,35845.282558
/home/nikhil/workspace/xeon-fft-bench/src/gpu/latest_run/64k_batch/20260225_144327/runs/run01/fft_benchmark_gpu_20260225_144327.log,fft_benchmark_gpu_20260225_144327,cufft_gpu,throughput,n128_b16,128,16,1,0.002714,26.415094,0.002714,26.415094,0.03,compute,20260225_144327,/home/nikhil/workspace/xeon-fft-bench/src/gpu/latest_run/64k_batch/20260225_144327/manifest.tsv,1,71690.565116,71690.565116
/home/nikhil/workspace/xeon-fft-bench/src/gpu/latest_run/64k_batch/20260225_144327/runs/run01/fft_benchmark_gpu_20260225_144327.log,fft_benchmark_gpu_20260225_144327,cufft_gpu,throughput,n128_b32,128,32,1,0.002714,52.830189,0.002749,52.153666,0.06,compute,20260225_144327,/home/nikhil/workspace/xeon-fft-bench/src/gpu/latest_run/64k_batch/20260225_144327/manifest.tsv,1,143381.132946,143370.427834
/home/nikhil/workspace/xeon-fft-bench/src/gpu/latest_run/64k_batch/20260225_144327/runs/run01/fft_benchmark_gpu_20260225_144327.log,fft_benchmark_gpu_20260225_144327,cufft_gpu,throughput,n128_b64,128,64,1,0.002699,106.224064,0.002704,106.035506,0.12,compute,20260225_144327,/home/nikhil/workspace/xeon-fft-bench/src/gpu/latest_run/64k_batch/20260225_144327/manifest.tsv,1,286698.748736,286720.00822399993
/home/nikhil/workspace/xeon-fft-bench/src/gpu/latest_run/64k_batch/20260225_144327/runs/run01/fft_benchmark_gpu_20260225_144327.log,fft_benchmark_gpu_20260225_144327,cufft_gpu,throughput,n128_b128,128,128,1,0.002757,208.00929,0.002714,211.320756,0.25,compute,20260225_144327,/home/nikhil/workspace/xeon-fft-bench/src/gpu/latest_run/64k_batch/20260225_144327/manifest.tsv,1,573481.6125299999,573524.531784
/home/nikhil/workspace/xeon-fft-bench/src/gpu/latest_run/64k_batch/20260225_144327/runs/run01/fft_benchmark_gpu_20260225_144327.log,fft_benchmark_gpu_20260225_144327,cufft_gpu,throughput,n128_b256,128,256,1,0.002918,392.982449,0.002909,394.27943,0.5,compute,20260225_144327,/home/nikhil/workspace/xeon-fft-bench/src/gpu/latest_run/64k_batch/20260225_144327/manifest.tsv,1,1146722.786182,1146958.86187
/home/nikhil/workspace/xeon-fft-bench/src/gpu/latest_run/64k_batch/20260225_144327/runs/run01/fft_benchmark_gpu_20260225_144327.log,fft_benchmark_gpu_20260225_144327,cufft_gpu,throughput,n128_b512,128,512,1,0.003226,711.111117,0.003226,711.111117,1.0,compute,20260225_144327,/home/nikhil/workspace/xeon-fft-bench/src/gpu/latest_run/64k_batch/20260225_144327/manifest.tsv,1,2294044.463442,2294044.463442
/home/nikhil/workspace/xeon-fft-bench/src/gpu/latest_run/64k_batch/20260225_144327/runs/run01/fft_benchmark_gpu_20260225_144327.log,fft_benchmark_gpu_20260225_144327,cufft_gpu,throughput,n128_b1024,128,1024,1,0.003936,1165.528405,0.003888,1179.917642,2.0,compute,20260225_144327,/home/nikhil/workspace/xeon-fft-bench/src/gpu/latest_run/64k_batch/20260225_144327/manifest.tsv,1,4587519.80208,4587519.792096
/home/nikhil/workspace/xeon-fft-bench/src/gpu/latest_run/64k_batch/20260225_144327/runs/run01/fft_benchmark_gpu_20260225_144327.log,fft_benchmark_gpu_20260225_144327,cufft_gpu,throughput,n128_b2048,128,2048,1,0.005016,1829.154769,0.004899,1872.76288,4.0,compute,20260225_144327,/home/nikhil/workspace/xeon-fft-bench/src/gpu/latest_run/64k_batch/20260225_144327/manifest.tsv,1,9175040.321303999,9174665.34912
/home/nikhil/workspace/xeon-fft-bench/src/gpu/latest_run/64k_batch/20260225_144327/runs/run01/fft_benchmark_gpu_20260225_144327.log,fft_benchmark_gpu_20260225_144327,cufft_gpu,throughput,n128_b4096,128,4096,1,0.013526,1356.612311,0.01321,1389.147365,8.0,compute,20260225_144327,/home/nikhil/workspace/xeon-fft-bench/src/gpu/latest_run/64k_batch/20260225_144327/manifest.tsv,1,18349538.118586,18350636.69165
/home/nikhil/workspace/xeon-fft-bench/src/gpu/latest_run/64k_batch/20260225_144327/runs/run01/fft_benchmark_gpu_20260225_144327.log,fft_benchmark_gpu_20260225_144327,cufft_gpu,throughput,n128_b8192,128,8192,1,0.027098,1354.369356,0.027085,1355.009422,16.0,compute,20260225_144327,/home/nikhil/workspace/xeon-fft-bench/src/gpu/latest_run/64k_batch/20260225_144327/manifest.tsv,1,36700700.808888,36700430.19487
/home/nikhil/workspace/xeon-fft-bench/src/gpu/latest_run/64k_batch/20260225_144327/runs/run01/fft_benchmark_gpu_20260225_144327.log,fft_benchmark_gpu_20260225_144327,cufft_gpu,throughput,n128_b16384,128,16384,1,0.051405,1427.888501,0.051448,1426.689487,32.0,compute,20260225_144327,/home/nikhil/workspace/xeon-fft-bench/src/gpu/latest_run/64k_batch/20260225_144327/manifest.tsv,1,73400608.39390498,73400320.72717601
/home/nikhil/workspace/xeon-fft-bench/src/gpu/latest_run/64k_batch/20260225_144327/runs/run01/fft_benchmark_gpu_20260225_144327.log,fft_benchmark_gpu_20260225_144327,cufft_gpu,throughput,n128_b32768,128,32768,1,0.100557,1459.87776,0.100557,1459.87776,64.0,compute,20260225_144327,/home/nikhil/workspace/xeon-fft-bench/src/gpu/latest_run/64k_batch/20260225_144327/manifest.tsv,1,146800927.91232,146800927.91232
/home/nikhil/workspace/xeon-fft-bench/src/gpu/latest_run/64k_batch/20260225_144327/runs/run01/fft_benchmark_gpu_20260225_144327.log,fft_benchmark_gpu_20260225_144327,cufft_gpu,throughput,n128_b65536,128,65536,1,0.198192,1481.398237,0.198038,1482.547229,128.0,compute,20260225_144327,/home/nikhil/workspace/xeon-fft-bench/src/gpu/latest_run/64k_batch/20260225_144327/manifest.tsv,1,293601279.387504,293600688.136702
/home/nikhil/workspace/xeon-fft-bench/src/gpu/latest_run/64k_batch/20260225_144327/runs/run01/fft_benchmark_gpu_20260225_144327.log,fft_benchmark_gpu_20260225_144327,cufft_gpu,throughput,n256_b1,256,1,1,0.002762,3.707995,0.002714,3.773585,0.0,compute,20260225_144327,/home/nikhil/workspace/xeon-fft-bench/src/gpu/latest_run/64k_batch/20260225_144327/manifest.tsv,1,10241.48219,10241.509689999999
/home/nikhil/workspace/xeon-fft-bench/src/gpu/latest_run/64k_batch/20260225_144327/runs/run01/fft_benchmark_gpu_20260225_144327.log,fft_benchmark_gpu_20260225_144327,cufft_gpu,throughput,n256_b2,256,2,1,0.002714,7.54717,0.002714,7.54717,0.01,compute,20260225_144327,/home/nikhil/workspace/xeon-fft-bench/src/gpu/latest_run/64k_batch/20260225_144327/manifest.tsv,1,20483.019379999998,20483.019379999998
/home/nikhil/workspace/xeon-fft-bench/src/gpu/latest_run/64k_batch/20260225_144327/runs/run01/fft_benchmark_gpu_20260225_144327.log,fft_benchmark_gpu_20260225_144327,cufft_gpu,throughput,n256_b4,256,4,1,0.002765,14.814815,0.002765,14.814815,0.02,compute,20260225_144327,/home/nikhil/workspace/xeon-fft-bench/src/gpu/latest_run/64k_batch/20260225_144327/manifest.tsv,1,40962.963475000004,40962.963475000004
/home/nikhil/workspace/xeon-fft-bench/src/gpu/latest_run/64k_batch/20260225_144327/runs/run01/fft_benchmark_gpu_20260225_144327.log,fft_benchmark_gpu_20260225_144327,cufft_gpu,throughput,n256_b8,256,8,1,0.002816,29.090909,0.002765,29.62963,0.03,compute,20260225_144327,/home/nikhil/workspace/xeon-fft-bench/src/gpu/latest_run/64k_batch/20260225_144327/manifest.tsv,1,81919.999744,81925.92695000001
/home/nikhil/workspace/xeon-fft-bench/src/gpu/latest_run/64k_batch/20260225_144327/runs/run01/fft_benchmark_gpu_20260225_144327.log,fft_benchmark_gpu_20260225_144327,cufft_gpu,throughput,n256_b16,256,16,1,0.002765,59.259259,0.002714,60.377359,0.06,compute,20260225_144327,/home/nikhil/workspace/xeon-fft-bench/src/gpu/latest_run/64k_batch/20260225_144327/manifest.tsv,1,163851.851135,163864.15232599998
/home/nikhil/workspace/xeon-fft-bench/src/gpu/latest_run/64k_batch/20260225_144327/runs/run01/fft_benchmark_gpu_20260225_144327.log,fft_benchmark_gpu_20260225_144327,cufft_gpu,throughput,n256_b32,256,32,1,0.002765,118.518518,0.002765,118.518518,0.12,compute,20260225_144327,/home/nikhil/workspace/xeon-fft-bench/src/gpu/latest_run/64k_batch/20260225_144327/manifest.tsv,1,327703.70227,327703.70227
/home/nikhil/workspace/xeon-fft-bench/src/gpu/latest_run/64k_batch/20260225_144327/runs/run01/fft_benchmark_gpu_20260225_144327.log,fft_benchmark_gpu_20260225_144327,cufft_gpu,throughput,n256_b64,256,64,1,0.002918,224.561399,0.002867,228.571425,0.25,compute,20260225_144327,/home/nikhil/workspace/xeon-fft-bench/src/gpu/latest_run/64k_batch/20260225_144327/manifest.tsv,1,655270.162282,655314.2754750001
/home/nikhil/workspace/xeon-fft-bench/src/gpu/latest_run/64k_batch/20260225_144327/runs/run01/fft_benchmark_gpu_20260225_144327.log,fft_benchmark_gpu_20260225_144327,cufft_gpu,throughput,n256_b128,256,128,1,0.003072,426.666677,0.003021,433.898292,0.5,compute,20260225_144327,/home/nikhil/workspace/xeon-fft-bench/src/gpu/latest_run/64k_batch/20260225_144327/manifest.tsv,1,1310720.031744,1310806.740132
/home/nikhil/workspace/xeon-fft-bench/src/gpu/latest_run/64k_batch/20260225_144327/runs/run01/fft_benchmark_gpu_20260225_144327.log,fft_benchmark_gpu_20260225_144327,cufft_gpu,throughput,n256_b256,256,256,1,0.003277,800.000002,0.003226,812.698419,1.0,compute,20260225_144327,/home/nikhil/workspace/xeon-fft-bench/src/gpu/latest_run/64k_batch/20260225_144327/manifest.tsv,1,2621600.006554,2621765.099694
/home/nikhil/workspace/xeon-fft-bench/src/gpu/latest_run/64k_batch/20260225_144327/runs/run01/fft_benchmark_gpu_20260225_144327.log,fft_benchmark_gpu_20260225_144327,cufft_gpu,throughput,n256_b512,256,512,1,0.003939,1330.950508,0.003883,1350.144163,2.0,compute,20260225_144327,/home/nikhil/workspace/xeon-fft-bench/src/gpu/latest_run/64k_batch/20260225_144327/manifest.tsv,1,5242614.051012,5242609.784929
/home/nikhil/workspace/xeon-fft-bench/src/gpu/latest_run/64k_batch/20260225_144327/runs/run01/fft_benchmark_gpu_20260225_144327.log,fft_benchmark_gpu_20260225_144327,cufft_gpu,throughput,n256_b1024,256,1024,1,0.00512,2048.000052,0.005184,2022.716055,4.0,compute,20260225_144327,/home/nikhil/workspace/xeon-fft-bench/src/gpu/latest_run/64k_batch/20260225_144327/manifest.tsv,1,10485760.26624,10485760.029120002
/home/nikhil/workspace/xeon-fft-bench/src/gpu/latest_run/64k_batch/20260225_144327/runs/run01/fft_benchmark_gpu_20260225_144327.log,fft_benchmark_gpu_20260225_144327,cufft_gpu,throughput,n256_b2048,256,2048,1,0.013568,1545.660321,0.013208,1587.789175,8.0,compute,20260225_144327,/home/nikhil/workspace/xeon-fft-bench/src/gpu/latest_run/64k_batch/20260225_144327/manifest.tsv,1,20971519.235328,20971519.423399996
/home/nikhil/workspace/xeon-fft-bench/src/gpu/latest_run/64k_batch/20260225_144327/runs/run01/fft_benchmark_gpu_20260225_144327.log,fft_benchmark_gpu_20260225_144327,cufft_gpu,throughput,n256_b4096,256,4096,1,0.026989,1554.090507,0.026555,1579.466085,16.0,compute,20260225_144327,/home/nikhil/workspace/xeon-fft-bench/src/gpu/latest_run/64k_batch/20260225_144327/manifest.tsv,1,41943348.693422996,41942721.887174994
/home/nikhil/workspace/xeon-fft-bench/src/gpu/latest_run/64k_batch/20260225_144327/runs/run01/fft_benchmark_gpu_20260225_144327.log,fft_benchmark_gpu_20260225_144327,cufft_gpu,throughput,n256_b8192,256,8192,1,0.051354,1633.499577,0.051464,1629.99542,32.0,compute,20260225_144327,/home/nikhil/workspace/xeon-fft-bench/src/gpu/latest_run/64k_batch/20260225_144327/manifest.tsv,1,83886737.277258,83886084.29488
/home/nikhil/workspace/xeon-fft-bench/src/gpu/latest_run/64k_batch/20260225_144327/runs/run01/fft_benchmark_gpu_20260225_144327.log,fft_benchmark_gpu_20260225_144327,cufft_gpu,throughput,n256_b16384,256,16384,1,0.100344,1671.969986,0.099994,1677.829007,64.0,compute,20260225_144327,/home/nikhil/workspace/xeon-fft-bench/src/gpu/latest_run/64k_batch/20260225_144327/manifest.tsv,1,167772156.275184,167772833.72595802
/home/nikhil/workspace/xeon-fft-bench/src/gpu/latest_run/64k_batch/20260225_144327/runs/run01/fft_benchmark_gpu_20260225_144327.log,fft_benchmark_gpu_20260225_144327,cufft_gpu,throughput,n256_b32768,256,32768,1,0.197478,1699.144398,0.197939,1695.188781,128.0,compute,20260225_144327,/home/nikhil/workspace/xeon-fft-bench/src/gpu/latest_run/64k_batch/20260225_144327/manifest.tsv,1,335543637.428244,335543972.12235904
/home/nikhil/workspace/xeon-fft-bench/src/gpu/latest_run/64k_batch/20260225_144327/runs/run01/fft_benchmark_gpu_20260225_144327.log,fft_benchmark_gpu_20260225_144327,cufft_gpu,throughput,n256_b65536,256,65536,1,0.392504,1709.762547,0.392141,1711.346156,256.0,compute,20260225_144327,/home/nikhil/workspace/xeon-fft-bench/src/gpu/latest_run/64k_batch/20260225_144327/manifest.tsv,1,671088638.747688,671088992.9599961
/home/nikhil/workspace/xeon-fft-bench/src/gpu/latest_run/64k_batch/20260225_144327/runs/run01/fft_benchmark_gpu_20260225_144327.log,fft_benchmark_gpu_20260225_144327,cufft_gpu,throughput,n512_b1,512,1,1,0.003123,7.377049,0.003085,7.46888,0.01,compute,20260225_144327,/home/nikhil/workspace/xeon-fft-bench/src/gpu/latest_run/64k_batch/20260225_144327/manifest.tsv,1,23038.524027,23041.494800000004
/home/nikhil/workspace/xeon-fft-bench/src/gpu/latest_run/64k_batch/20260225_144327/runs/run01/fft_benchmark_gpu_20260225_144327.log,fft_benchmark_gpu_20260225_144327,cufft_gpu,throughput,n512_b2,512,2,1,0.003123,14.754099,0.003123,14.754099,0.02,compute,20260225_144327,/home/nikhil/workspace/xeon-fft-bench/src/gpu/latest_run/64k_batch/20260225_144327/manifest.tsv,1,46077.051177,46077.051177
/home/nikhil/workspace/xeon-fft-bench/src/gpu/latest_run/64k_batch/20260225_144327/runs/run01/fft_benchmark_gpu_20260225_144327.log,fft_benchmark_gpu_20260225_144327,cufft_gpu,throughput,n512_b4,512,4,1,0.003219,28.628231,0.003219,28.628231,0.03,compute,20260225_144327,/home/nikhil/workspace/xeon-fft-bench/src/gpu/latest_run/64k_batch/20260225_144327/manifest.tsv,1,92154.275589,92154.275589
/home/nikhil/workspace/xeon-fft-bench/src/gpu/latest_run/64k_batch/20260225_144327/runs/run01/fft_benchmark_gpu_20260225_144327.log,fft_benchmark_gpu_20260225_144327,cufft_gpu,throughput,n512_b8,512,8,1,0.003226,57.142858,0.003174,58.064517,0.06,compute,20260225_144327,/home/nikhil/workspace/xeon-fft-bench/src/gpu/latest_run/64k_batch/20260225_144327/manifest.tsv,1,184342.859908,184296.776958
/home/nikhil/workspace/xeon-fft-bench/src/gpu/latest_run/64k_batch/20260225_144327/runs/run01/fft_benchmark_gpu_20260225_144327.log,fft_benchmark_gpu_20260225_144327,cufft_gpu,throughput,n512_b16,512,16,1,0.003226,114.285715,0.003174,116.129034,0.12,compute,20260225_144327,/home/nikhil/workspace/xeon-fft-bench/src/gpu/latest_run/64k_batch/20260225_144327/manifest.tsv,1,368685.71658999997,368593.553916
/home/nikhil/workspace/xeon-fft-bench/src/gpu/latest_run/64k_batch/20260225_144327/runs/run01/fft_benchmark_gpu_20260225_144327.log,fft_benchmark_gpu_20260225_144327,cufft_gpu,throughput,n512_b32,512,32,1,0.003226,228.57143,0.003226,228.57143,0.25,compute,20260225_144327,/home/nikhil/workspace/xeon-fft-bench/src/gpu/latest_run/64k_batch/20260225_144327/manifest.tsv,1,737371.4331799999,737371.4331799999
/home/nikhil/workspace/xeon-fft-bench/src/gpu/latest_run/64k_batch/20260225_144327/runs/run01/fft_benchmark_gpu_20260225_144327.log,fft_benchmark_gpu_20260225_144327,cufft_gpu,throughput,n512_b64,512,64,1,0.003379,436.363633,0.003363,438.439594,0.5,compute,20260225_144327,/home/nikhil/workspace/xeon-fft-bench/src/gpu/latest_run/64k_batch/20260225_144327/manifest.tsv,1,1474472.715907,1474472.354622
/home/nikhil/workspace/xeon-fft-bench/src/gpu/latest_run/64k_batch/20260225_144327/runs/run01/fft_benchmark_gpu_20260225_144327.log,fft_benchmark_gpu_20260225_144327,cufft_gpu,throughput,n512_b128,512,128,1,0.003584,822.857121,0.003533,834.78259,1.0,compute,20260225_144327,/home/nikhil/workspace/xeon-fft-bench/src/gpu/latest_run/64k_batch/20260225_144327/manifest.tsv,1,2949119.921664,2949286.8904700004
/home/nikhil/workspace/xeon-fft-bench/src/gpu/latest_run/64k_batch/20260225_144327/runs/run01/fft_benchmark_gpu_20260225_144327.log,fft_benchmark_gpu_20260225_144327,cufft_gpu,throughput,n512_b256,512,256,1,0.004355,1354.298308,0.004403,1339.534884,2.0,compute,20260225_144327,/home/nikhil/workspace/xeon-fft-bench/src/gpu/latest_run/64k_batch/20260225_144327/manifest.tsv,1,5897969.13134,5897972.094252
/home/nikhil/workspace/xeon-fft-bench/src/gpu/latest_run/64k_batch/20260225_144327/runs/run01/fft_benchmark_gpu_20260225_144327.log,fft_benchmark_gpu_20260225_144327,cufft_gpu,throughput,n512_b512,512,512,1,0.005632,2094.545438,0.005632,2094.545438,4.0,compute,20260225_144327,/home/nikhil/workspace/xeon-fft-bench/src/gpu/latest_run/64k_batch/20260225_144327/manifest.tsv,1,11796479.906816,11796479.906816
/home/nikhil/workspace/xeon-fft-bench/src/gpu/latest_run/64k_batch/20260225_144327/runs/run01/fft_benchmark_gpu_20260225_144327.log,fft_benchmark_gpu_20260225_144327,cufft_gpu,throughput,n512_b1024,512,1024,1,0.01449,1628.268544,0.013875,1700.369022,8.0,compute,20260225_144327,/home/nikhil/workspace/xeon-fft-bench/src/gpu/latest_run/64k_batch/20260225_144327/manifest.tsv,1,23593611.202559996,23592620.18025
/home/nikhil/workspace/xeon-fft-bench/src/gpu/latest_run/64k_batch/20260225_144327/runs/run01/fft_benchmark_gpu_20260225_144327.log,fft_benchmark_gpu_20260225_144327,cufft_gpu,throughput,n512_b2048,512,2048,1,0.027597,1709.833115,0.027392,1722.616825,16.0,compute,20260225_144327,/home/nikhil/workspace/xeon-fft-bench/src/gpu/latest_run/64k_batch/20260225_144327/manifest.tsv,1,47186264.474654995,47185920.0704
/home/nikhil/workspace/xeon-fft-bench/src/gpu/latest_run/64k_batch/20260225_144327/runs/run01/fft_benchmark_gpu_20260225_144327.log,fft_benchmark_gpu_20260225_144327,cufft_gpu,throughput,n512_b4096,512,4096,1,0.051978,1815.625239,0.052019,1814.173134,32.0,compute,20260225_144327,/home/nikhil/workspace/xeon-fft-bench/src/gpu/latest_run/64k_batch/20260225_144327/manifest.tsv,1,94372568.67274201,94371472.25754601
/home/nikhil/workspace/xeon-fft-bench/src/gpu/latest_run/64k_batch/20260225_144327/runs/run01/fft_benchmark_gpu_20260225_144327.log,fft_benchmark_gpu_20260225_144327,cufft_gpu,throughput,n512_b8192,512,8192,1,0.101171,1865.587127,0.10112,1866.531736,64.0,compute,20260225_144327,/home/nikhil/workspace/xeon-fft-bench/src/gpu/latest_run/64k_batch/20260225_144327/manifest.tsv,1,188743315.225717,188743689.14432
/home/nikhil/workspace/xeon-fft-bench/src/gpu/latest_run/64k_batch/20260225_144327/runs/run01/fft_benchmark_gpu_20260225_144327.log,fft_benchmark_gpu_20260225_144327,cufft_gpu,throughput,n512_b16384,512,16384,1,0.198622,1900.527581,0.198298,1903.640627,128.0,compute,20260225_144327,/home/nikhil/workspace/xeon-fft-bench/src/gpu/latest_run/64k_batch/20260225_144327/manifest.tsv,1,377486589.19338197,377488129.05284595
/home/nikhil/workspace/xeon-fft-bench/src/gpu/latest_run/64k_batch/20260225_144327/runs/run01/fft_benchmark_gpu_20260225_144327.log,fft_benchmark_gpu_20260225_144327,cufft_gpu,throughput,n512_b32768,512,32768,1,0.39383,1917.004706,0.394138,1915.510536,256.0,compute,20260225_144327,/home/nikhil/workspace/xeon-fft-bench/src/gpu/latest_run/64k_batch/20260225_144327/manifest.tsv,1,754973963.36398,754975491.637968
/home/nikhil/workspace/xeon-fft-bench/src/gpu/latest_run/64k_batch/20260225_144327/runs/run01/fft_benchmark_gpu_20260225_144327.log,fft_benchmark_gpu_20260225_144327,cufft_gpu,throughput,n512_b65536,512,65536,1,0.784538,1924.636164,0.783923,1926.14461,512.0,compute,20260225_144327,/home/nikhil/workspace/xeon-fft-bench/src/gpu/latest_run/64k_batch/20260225_144327/manifest.tsv,1,1509950206.832232,1509949061.10503
/home/nikhil/workspace/xeon-fft-bench/src/gpu/latest_run/64k_batch/20260225_144327/runs/run01/fft_benchmark_gpu_20260225_144327.log,fft_benchmark_gpu_20260225_144327,cufft_gpu,throughput,n1024_b1,1024,1,1,0.00343,14.925373,0.003427,14.939309,0.02,compute,20260225_144327,/home/nikhil/workspace/xeon-fft-bench/src/gpu/latest_run/64k_batch/20260225_144327/manifest.tsv,1,51194.029389999996,51197.011943
/home/nikhil/workspace/xeon-fft-bench/src/gpu/latest_run/64k_batch/20260225_144327/runs/run01/fft_benchmark_gpu_20260225_144327.log,fft_benchmark_gpu_20260225_144327,cufft_gpu,throughput,n1024_b2,1024,2,1,0.00384,26.666665,0.00384,26.666665,0.03,compute,20260225_144327,/home/nikhil/workspace/xeon-fft-bench/src/gpu/latest_run/64k_batch/20260225_144327/manifest.tsv,1,102399.9936,102399.9936
/home/nikhil/workspace/xeon-fft-bench/src/gpu/latest_run/64k_batch/20260225_144327/runs/run01/fft_benchmark_gpu_20260225_144327.log,fft_benchmark_gpu_20260225_144327,cufft_gpu,throughput,n1024_b4,1024,4,1,0.00384,53.333331,0.00384,53.333331,0.06,compute,20260225_144327,/home/nikhil/workspace/xeon-fft-bench/src/gpu/latest_run/64k_batch/20260225_144327/manifest.tsv,1,204799.99104000002,204799.99104000002
/home/nikhil/workspace/xeon-fft-bench/src/gpu/latest_run/64k_batch/20260225_144327/runs/run01/fft_benchmark_gpu_20260225_144327.log,fft_benchmark_gpu_20260225_144327,cufft_gpu,throughput,n1024_b8,1024,8,1,0.003888,105.349789,0.003891,105.263163,0.12,compute,20260225_144327,/home/nikhil/workspace/xeon-fft-bench/src/gpu/latest_run/64k_batch/20260225_144327/manifest.tsv,1,409599.97963200003,409578.96723300003
/home/nikhil/workspace/xeon-fft-bench/src/gpu/latest_run/64k_batch/20260225_144327/runs/run01/fft_benchmark_gpu_20260225_144327.log,fft_benchmark_gpu_20260225_144327,cufft_gpu,throughput,n1024_b16,1024,16,1,0.003886,210.786323,0.003883,210.960025,0.25,compute,20260225_144327,/home/nikhil/workspace/xeon-fft-bench/src/gpu/latest_run/64k_batch/20260225_144327/manifest.tsv,1,819115.6511780001,819157.777075
/home/nikhil/workspace/xeon-fft-bench/src/gpu/latest_run/64k_batch/20260225_144327/runs/run01/fft_benchmark_gpu_20260225_144327.log,fft_benchmark_gpu_20260225_144327,cufft_gpu,throughput,n1024_b32,1024,32,1,0.00384,426.666646,0.00384,426.666646,0.5,compute,20260225_144327,/home/nikhil/workspace/xeon-fft-bench/src/gpu/latest_run/64k_batch/20260225_144327/manifest.tsv,1,1638399.9206400001,1638399.9206400001
/home/nikhil/workspace/xeon-fft-bench/src/gpu/latest_run/64k_batch/20260225_144327/runs/run01/fft_benchmark_gpu_20260225_144327.log,fft_benchmark_gpu_20260225_144327,cufft_gpu,throughput,n1024_b64,1024,64,1,0.003942,831.168864,0.003893,841.75918,1.0,compute,20260225_144327,/home/nikhil/workspace/xeon-fft-bench/src/gpu/latest_run/64k_batch/20260225_144327/manifest.tsv,1,3276467.661888,3276968.4877400002
/home/nikhil/workspace/xeon-fft-bench/src/gpu/latest_run/64k_batch/20260225_144327/runs/run01/fft_benchmark_gpu_20260225_144327.log,fft_benchmark_gpu_20260225_144327,cufft_gpu,throughput,n1024_b128,1024,128,1,0.004451,1472.322073,0.004454,1471.264362,2.0,compute,20260225_144327,/home/nikhil/workspace/xeon-fft-bench/src/gpu/latest_run/64k_batch/20260225_144327/manifest.tsv,1,6553305.546923,6553011.468347999
/home/nikhil/workspace/xeon-fft-bench/src/gpu/latest_run/64k_batch/20260225_144327/runs/run01/fft_benchmark_gpu_20260225_144327.log,fft_benchmark_gpu_20260225_144327,cufft_gpu,throughput,n1024_b256,1024,256,1,0.005837,2245.613991,0.005786,2265.486688,4.0,compute,20260225_144327,/home/nikhil/workspace/xeon-fft-bench/src/gpu/latest_run/64k_batch/20260225_144327/manifest.tsv,1,13107648.865467003,13108105.976768
/home/nikhil/workspace/xeon-fft-bench/src/gpu/latest_run/64k_batch/20260225_144327/runs/run01/fft_benchmark_gpu_20260225_144327.log,fft_benchmark_gpu_20260225_144327,cufft_gpu,throughput,n1024_b512,1024,512,1,0.015053,1741.496612,0.01495,1753.424588,8.0,compute,20260225_144327,/home/nikhil/workspace/xeon-fft-bench/src/gpu/latest_run/64k_batch/20260225_144327/manifest.tsv,1,26214748.500435997,26213697.590600003
/home/nikhil/workspace/xeon-fft-bench/src/gpu/latest_run/64k_batch/20260225_144327/runs/run01/fft_benchmark_gpu_20260225_144327.log,fft_benchmark_gpu_20260225_144327,cufft_gpu,throughput,n1024_b1024,1024,1024,1,0.026112,2007.843202,0.025907,2023.71537,16.0,compute,20260225_144327,/home/nikhil/workspace/xeon-fft-bench/src/gpu/latest_run/64k_batch/20260225_144327/manifest.tsv,1,52428801.690624,52428394.09059
/home/nikhil/workspace/xeon-fft-bench/src/gpu/latest_run/64k_batch/20260225_144327/runs/run01/fft_benchmark_gpu_20260225_144327.log,fft_benchmark_gpu_20260225_144327,cufft_gpu,throughput,n1024_b2048,1024,2048,1,0.050688,2068.686929,0.050739,2066.599438,32.0,compute,20260225_144327,/home/nikhil/workspace/xeon-fft-bench/src/gpu/latest_run/64k_batch/20260225_144327/manifest.tsv,1,104857603.05715199,104857188.884682
/home/nikhil/workspace/xeon-fft-bench/src/gpu/latest_run/64k_batch/20260225_144327/runs/run01/fft_benchmark_gpu_20260225_144327.log,fft_benchmark_gpu_20260225_144327,cufft_gpu,throughput,n1024_b4096,1024,4096,1,0.099853,2100.243551,0.099789,2101.590499,64.0,compute,20260225_144327,/home/nikhil/workspace/xeon-fft-bench/src/gpu/latest_run/64k_batch/20260225_144327/manifest.tsv,1,209715619.298003,209715614.304711
/home/nikhil/workspace/xeon-fft-bench/src/gpu/latest_run/64k_batch/20260225_144327/runs/run01/fft_benchmark_gpu_20260225_144327.log,fft_benchmark_gpu_20260225_144327,cufft_gpu,throughput,n1024_b8192,1024,8192,1,0.198093,2117.343042,0.19785,2119.945703,128.0,compute,20260225_144327,/home/nikhil/workspace/xeon-fft-bench/src/gpu/latest_run/64k_batch/20260225_144327/manifest.tsv,1,419430835.218906,419431257.33855
/home/nikhil/workspace/xeon-fft-bench/src/gpu/latest_run/64k_batch/20260225_144327/runs/run01/fft_benchmark_gpu_20260225_144327.log,fft_benchmark_gpu_20260225_144327,cufft_gpu,throughput,n1024_b16384,1024,16384,1,0.394178,2128.129026,0.394035,2128.898149,256.0,compute,20260225_144327,/home/nikhil/workspace/xeon-fft-bench/src/gpu/latest_run/64k_batch/20260225_144327/manifest.tsv,1,838861643.210628,838860382.1412151
/home/nikhil/workspace/xeon-fft-bench/src/gpu/latest_run/64k_batch/20260225_144327/runs/run01/fft_benchmark_gpu_20260225_144327.log,fft_benchmark_gpu_20260225_144327,cufft_gpu,throughput,n1024_b32768,1024,32768,1,0.786125,2134.166988,0.786022,2134.445086,512.0,compute,20260225_144327,/home/nikhil/workspace/xeon-fft-bench/src/gpu/latest_run/64k_batch/20260225_144327/manifest.tsv,1,1677722023.4415,1677720795.3878922
/home/nikhil/workspace/xeon-fft-bench/src/gpu/latest_run/64k_batch/20260225_144327/runs/run01/fft_benchmark_gpu_20260225_144327.log,fft_benchmark_gpu_20260225_144327,cufft_gpu,throughput,n1024_b65536,1024,65536,1,1.56969,2137.647651,1.569894,2137.368718,1024.0,compute,20260225_144327,/home/nikhil/workspace/xeon-fft-bench/src/gpu/latest_run/64k_batch/20260225_144327/manifest.tsv,1,3355444141.2981906,3355442326.175892
/home/nikhil/workspace/xeon-fft-bench/src/gpu/latest_run/64k_batch/20260225_144327/runs/run01/fft_benchmark_gpu_20260225_144327.log,fft_benchmark_gpu_20260225_144327,cufft_gpu,throughput,n2048_b1,2048,1,1,0.004342,25.939573,0.004347,25.910931,0.03,compute,20260225_144327,/home/nikhil/workspace/xeon-fft-bench/src/gpu/latest_run/64k_batch/20260225_144327/manifest.tsv,1,112629.625966,112634.81705700001
/home/nikhil/workspace/xeon-fft-bench/src/gpu/latest_run/64k_batch/20260225_144327/runs/run01/fft_benchmark_gpu_20260225_144327.log,fft_benchmark_gpu_20260225_144327,cufft_gpu,throughput,n2048_b2,2048,2,1,0.005018,44.897961,0.005016,44.912282,0.06,compute,20260225_144327,/home/nikhil/workspace/xeon-fft-bench/src/gpu/latest_run/64k_batch/20260225_144327/manifest.tsv,1,225297.968298,225280.00651199996
/home/nikhil/workspace/xeon-fft-bench/src/gpu/latest_run/64k_batch/20260225_144327/runs/run01/fft_benchmark_gpu_20260225_144327.log,fft_benchmark_gpu_20260225_144327,cufft_gpu,throughput,n2048_b4,2048,4,1,0.005018,89.795921,0.005018,89.795921,0.12,compute,20260225_144327,/home/nikhil/workspace/xeon-fft-bench/src/gpu/latest_run/64k_batch/20260225_144327/manifest.tsv,1,450595.931578,450595.931578
/home/nikhil/workspace/xeon-fft-bench/src/gpu/latest_run/64k_batch/20260225_144327/runs/run01/fft_benchmark_gpu_20260225_144327.log,fft_benchmark_gpu_20260225_144327,cufft_gpu,throughput,n2048_b8,2048,8,1,0.00512,176.000004,0.00512,176.000004,0.25,compute,20260225_144327,/home/nikhil/workspace/xeon-fft-bench/src/gpu/latest_run/64k_batch/20260225_144327/manifest.tsv,1,901120.0204800001,901120.0204800001
/home/nikhil/workspace/xeon-fft-bench/src/gpu/latest_run/64k_batch/20260225_144327/runs/run01/fft_benchmark_gpu_20260225_144327.log,fft_benchmark_gpu_20260225_144327,cufft_gpu,throughput,n2048_b16,2048,16,1,0.00512,352.000009,0.00516,349.271306,0.5,compute,20260225_144327,/home/nikhil/workspace/xeon-fft-bench/src/gpu/latest_run/64k_batch/20260225_144327/manifest.tsv,1,1802240.04608,1802239.9389599997
/home/nikhil/workspace/xeon-fft-bench/src/gpu/latest_run/64k_batch/20260225_144327/runs/run01/fft_benchmark_gpu_20260225_144327.log,fft_benchmark_gpu_20260225_144327,cufft_gpu,throughput,n2048_b32,2048,32,1,0.005171,697.029718,0.005213,691.46718,1.0,compute,20260225_144327,/home/nikhil/workspace/xeon-fft-bench/src/gpu/latest_run/64k_batch/20260225_144327/manifest.tsv,1,3604340.671778,3604618.40934
/home/nikhil/workspace/xeon-fft-bench/src/gpu/latest_run/64k_batch/20260225_144327/runs/run01/fft_benchmark_gpu_20260225_144327.log,fft_benchmark_gpu_20260225_144327,cufft_gpu,throughput,n2048_b64,2048,64,1,0.005235,1377.017114,0.005222,1380.392182,2.0,compute,20260225_144327,/home/nikhil/workspace/xeon-fft-bench/src/gpu/latest_run/64k_batch/20260225_144327/manifest.tsv,1,7208684.59179,7208407.974404001
/home/nikhil/workspace/xeon-fft-bench/src/gpu/latest_run/64k_batch/20260225_144327/runs/run01/fft_benchmark_gpu_20260225_144327.log,fft_benchmark_gpu_20260225_144327,cufft_gpu,throughput,n2048_b128,2048,128,1,0.006656,2166.15384,0.006656,2166.15384,4.0,compute,20260225_144327,/home/nikhil/workspace/xeon-fft-bench/src/gpu/latest_run/64k_batch/20260225_144327/manifest.tsv,1,14417919.95904,14417919.95904
/home/nikhil/workspace/xeon-fft-bench/src/gpu/latest_run/64k_batch/20260225_144327/runs/run01/fft_benchmark_gpu_20260225_144327.log,fft_benchmark_gpu_20260225_144327,cufft_gpu,throughput,n2048_b256,2048,256,1,0.016742,1722.324227,0.016538,1743.653328,8.0,compute,20260225_144327,/home/nikhil/workspace/xeon-fft-bench/src/gpu/latest_run/64k_batch/20260225_144327/manifest.tsv,1,28835152.208434,28836538.738464005
/home/nikhil/workspace/xeon-fft-bench/src/gpu/latest_run/64k_batch/20260225_144327/runs/run01/fft_benchmark_gpu_20260225_144327.log,fft_benchmark_gpu_20260225_144327,cufft_gpu,throughput,n2048_b512,2048,512,1,0.026163,2204.305322,0.026413,2183.474683,16.0,compute,20260225_144327,/home/nikhil/workspace/xeon-fft-bench/src/gpu/latest_run/64k_batch/20260225_144327/manifest.tsv,1,57671240.139486,57672116.802079
/home/nikhil/workspace/xeon-fft-bench/src/gpu/latest_run/64k_batch/20260225_144327/runs/run01/fft_benchmark_gpu_20260225_144327.log,fft_benchmark_gpu_20260225_144327,cufft_gpu,throughput,n2048_b1024,2048,1024,1,0.050931,2264.689736,0.051046,2259.57868,32.0,compute,20260225_144327,/home/nikhil/workspace/xeon-fft-bench/src/gpu/latest_run/64k_batch/20260225_144327/manifest.tsv,1,115342912.94421598,115342453.29928
/home/nikhil/workspace/xeon-fft-bench/src/gpu/latest_run/64k_batch/20260225_144327/runs/run01/fft_benchmark_gpu_20260225_144327.log,fft_benchmark_gpu_20260225_144327,cufft_gpu,throughput,n2048_b2048,2048,2048,1,0.099789,2311.749549,0.099787,2311.786694,64.0,compute,20260225_144327,/home/nikhil/workspace/xeon-fft-bench/src/gpu/latest_run/64k_batch/20260225_144327/manifest.tsv,1,230687175.74516103,230686258.834178
/home/nikhil/workspace/xeon-fft-bench/src/gpu/latest_run/64k_batch/20260225_144327/runs/run01/fft_benchmark_gpu_20260225_144327.log,fft_benchmark_gpu_20260225_144327,cufft_gpu,throughput,n2048_b4096,2048,4096,1,0.197427,2336.929446,0.197325,2338.142184,128.0,compute,20260225_144327,/home/nikhil/workspace/xeon-fft-bench/src/gpu/latest_run/64k_batch/20260225_144327/manifest.tsv,1,461372969.735442,461373906.4578
/home/nikhil/workspace/xeon-fft-bench/src/gpu/latest_run/64k_batch/20260225_144327/runs/run01/fft_benchmark_gpu_20260225_144327.log,fft_benchmark_gpu_20260225_144327,cufft_gpu,throughput,n2048_b8192,2048,8192,1,0.392704,2349.726146,0.39285,2348.855407,256.0,compute,20260225_144327,/home/nikhil/workspace/xeon-fft-bench/src/gpu/latest_run/64k_batch/20260225_144327/manifest.tsv,1,922746856.438784,922747846.6399499
/home/nikhil/workspace/xeon-fft-bench/src/gpu/latest_run/64k_batch/20260225_144327/runs/run01/fft_benchmark_gpu_20260225_144327.log,fft_benchmark_gpu_20260225_144327,cufft_gpu,throughput,n2048_b16384,2048,16384,1,0.783667,2354.945824,0.784128,2353.561872,512.0,compute,20260225_144327,/home/nikhil/workspace/xeon-fft-bench/src/gpu/latest_run/64k_batch/20260225_144327/manifest.tsv,1,1845493329.056608,1845493763.5676162
/home/nikhil/workspace/xeon-fft-bench/src/gpu/latest_run/64k_batch/20260225_144327/runs/run01/fft_benchmark_gpu_20260225_144327.log,fft_benchmark_gpu_20260225_144327,cufft_gpu,throughput,n2048_b32768,2048,32768,1,1.565843,2357.188458,1.56585,2357.178839,1024.0,compute,20260225_144327,/home/nikhil/workspace/xeon-fft-bench/src/gpu/latest_run/64k_batch/20260225_144327/manifest.tsv,1,3690987046.6400943,3690988485.0481505
/home/nikhil/workspace/xeon-fft-bench/src/gpu/latest_run/64k_batch/20260225_144327/runs/run01/fft_benchmark_gpu_20260225_144327.log,fft_benchmark_gpu_20260225_144327,cufft_gpu,throughput,n2048_b65536,2048,65536,1,3.129344,2358.95289,3.130306,2358.228178,2048.0,compute,20260225_144327,/home/nikhil/workspace/xeon-fft-bench/src/gpu/latest_run/64k_batch/20260225_144327/manifest.tsv,1,7381975072.60416,7381975814.962467
/home/nikhil/workspace/xeon-fft-bench/src/gpu/latest_run/64k_batch/20260225_144327/runs/run01/fft_benchmark_gpu_20260225_144327.log,fft_benchmark_gpu_20260225_144327,cufft_gpu,throughput,n4096_b1,4096,1,1,0.004813,51.063828,0.00485,50.676344,0.06,compute,20260225_144327,/home/nikhil/workspace/xeon-fft-bench/src/gpu/latest_run/64k_batch/20260225_144327/manifest.tsv,1,245770.20416399997,245780.2684
/home/nikhil/workspace/xeon-fft-bench/src/gpu/latest_run/64k_batch/20260225_144327/runs/run01/fft_benchmark_gpu_20260225_144327.log,fft_benchmark_gpu_20260225_144327,cufft_gpu,throughput,n4096_b2,4096,2,1,0.004864,101.052628,0.004813,102.127657,0.12,compute,20260225_144327,/home/nikhil/workspace/xeon-fft-bench/src/gpu/latest_run/64k_batch/20260225_144327/manifest.tsv,1,491519.98259200004,491540.41314099997
/home/nikhil/workspace/xeon-fft-bench/src/gpu/latest_run/64k_batch/20260225_144327/runs/run01/fft_benchmark_gpu_20260225_144327.log,fft_benchmark_gpu_20260225_144327,cufft_gpu,throughput,n4096_b4,4096,4,1,0.004966,197.938152,0.004966,197.938152,0.25,compute,20260225_144327,/home/nikhil/workspace/xeon-fft-bench/src/gpu/latest_run/64k_batch/20260225_144327/manifest.tsv,1,982960.862832,982960.862832
/home/nikhil/workspace/xeon-fft-bench/src/gpu/latest_run/64k_batch/20260225_144327/runs/run01/fft_benchmark_gpu_20260225_144327.log,fft_benchmark_gpu_20260225_144327,cufft_gpu,throughput,n4096_b8,4096,8,1,0.005008,392.587849,0.004974,395.239636,0.5,compute,20260225_144327,/home/nikhil/workspace/xeon-fft-bench/src/gpu/latest_run/64k_batch/20260225_144327/manifest.tsv,1,1966079.9477920001,1965921.949464
/home/nikhil/workspace/xeon-fft-bench/src/gpu/latest_run/64k_batch/20260225_144327/runs/run01/fft_benchmark_gpu_20260225_144327.log,fft_benchmark_gpu_20260225_144327,cufft_gpu,throughput,n4096_b16,4096,16,1,0.005011,784.674304,0.004966,791.752606,1.0,compute,20260225_144327,/home/nikhil/workspace/xeon-fft-bench/src/gpu/latest_run/64k_batch/20260225_144327/manifest.tsv,1,3932002.9373439997,3931843.441396
/home/nikhil/workspace/xeon-fft-bench/src/gpu/latest_run/64k_batch/20260225_144327/runs/run01/fft_benchmark_gpu_20260225_144327.log,fft_benchmark_gpu_20260225_144327,cufft_gpu,throughput,n4096_b32,4096,32,1,0.00512,1536.000039,0.005171,1520.792112,2.0,compute,20260225_144327,/home/nikhil/workspace/xeon-fft-bench/src/gpu/latest_run/64k_batch/20260225_144327/manifest.tsv,1,7864320.199680001,7864016.011152
/home/nikhil/workspace/xeon-fft-bench/src/gpu/latest_run/64k_batch/20260225_144327/runs/run01/fft_benchmark_gpu_20260225_144327.log,fft_benchmark_gpu_20260225_144327,cufft_gpu,throughput,n4096_b64,4096,64,1,0.006451,2438.095257,0.006502,2418.897512,4.0,compute,20260225_144327,/home/nikhil/workspace/xeon-fft-bench/src/gpu/latest_run/64k_batch/20260225_144327/manifest.tsv,1,15728152.502906999,15727671.623024
/home/nikhil/workspace/xeon-fft-bench/src/gpu/latest_run/64k_batch/20260225_144327/runs/run01/fft_benchmark_gpu_20260225_144327.log,fft_benchmark_gpu_20260225_144327,cufft_gpu,throughput,n4096_b128,4096,128,1,0.015462,2034.437084,0.015218,2067.164435,8.0,compute,20260225_144327,/home/nikhil/workspace/xeon-fft-bench/src/gpu/latest_run/64k_batch/20260225_144327/manifest.tsv,1,31456466.192808,31458108.371830005
/home/nikhil/workspace/xeon-fft-bench/src/gpu/latest_run/64k_batch/20260225_144327/runs/run01/fft_benchmark_gpu_20260225_144327.log,fft_benchmark_gpu_20260225_144327,cufft_gpu,throughput,n4096_b256,4096,256,1,0.027034,2327.272709,0.026982,2331.68882,16.0,compute,20260225_144327,/home/nikhil/workspace/xeon-fft-bench/src/gpu/latest_run/64k_batch/20260225_144327/manifest.tsv,1,62915490.41510599,62913627.741239995
/home/nikhil/workspace/xeon-fft-bench/src/gpu/latest_run/64k_batch/20260225_144327/runs/run01/fft_benchmark_gpu_20260225_144327.log,fft_benchmark_gpu_20260225_144327,cufft_gpu,throughput,n4096_b512,4096,512,1,0.05375,2340.989387,0.053389,2356.844959,32.0,compute,20260225_144327,/home/nikhil/workspace/xeon-fft-bench/src/gpu/latest_run/64k_batch/20260225_144327/manifest.tsv,1,125828179.55125,125829595.516051
/home/nikhil/workspace/xeon-fft-bench/src/gpu/latest_run/64k_batch/20260225_144327/runs/run01/fft_benchmark_gpu_20260225_144327.log,fft_benchmark_gpu_20260225_144327,cufft_gpu,throughput,n4096_b1024,4096,1024,1,0.099269,2535.119191,0.099379,2532.302943,64.0,compute,20260225_144327,/home/nikhil/workspace/xeon-fft-bench/src/gpu/latest_run/64k_batch/20260225_144327/manifest.tsv,1,251658746.97137898,251657734.172397
/home/nikhil/workspace/xeon-fft-bench/src/gpu/latest_run/64k_batch/20260225_144327/runs/run01/fft_benchmark_gpu_20260225_144327.log,fft_benchmark_gpu_20260225_144327,cufft_gpu,throughput,n4096_b2048,4096,2048,1,0.197018,2554.677779,0.196658,2559.354355,128.0,compute,20260225_144327,/home/nikhil/workspace/xeon-fft-bench/src/gpu/latest_run/64k_batch/20260225_144327/manifest.tsv,1,503317506.66302204,503317508.74559
/home/nikhil/workspace/xeon-fft-bench/src/gpu/latest_run/64k_batch/20260225_144327/runs/run01/fft_benchmark_gpu_20260225_144327.log,fft_benchmark_gpu_20260225_144327,cufft_gpu,throughput,n4096_b4096,4096,4096,1,0.392294,2566.01405,0.392038,2567.689741,256.0,compute,20260225_144327,/home/nikhil/workspace/xeon-fft-bench/src/gpu/latest_run/64k_batch/20260225_144327/manifest.tsv,1,1006631915.7307,1006631950.682158
/home/nikhil/workspace/xeon-fft-bench/src/gpu/latest_run/64k_batch/20260225_144327/runs/run01/fft_benchmark_gpu_20260225_144327.log,fft_benchmark_gpu_20260225_144327,cufft_gpu,throughput,n4096_b8192,4096,8192,1,0.783656,2569.068543,0.783507,2569.556361,512.0,compute,20260225_144327,/home/nikhil/workspace/xeon-fft-bench/src/gpu/latest_run/64k_batch/20260225_144327/manifest.tsv,1,2013265978.1332078,2013265395.7380269
/home/nikhil/workspace/xeon-fft-bench/src/gpu/latest_run/64k_batch/20260225_144327/runs/run01/fft_benchmark_gpu_20260225_144327.log,fft_benchmark_gpu_20260225_144327,cufft_gpu,throughput,n4096_b16384,4096,16384,1,1.565683,2571.741146,1.565798,2571.551929,1024.0,compute,20260225_144327,/home/nikhil/workspace/xeon-fft-bench/src/gpu/latest_run/64k_batch/20260225_144327/manifest.tsv,1,4026531392.6927176,4026530867.3243427
/home/nikhil/workspace/xeon-fft-bench/src/gpu/latest_run/64k_batch/20260225_144327/runs/run01/fft_benchmark_gpu_20260225_144327.log,fft_benchmark_gpu_20260225_144327,cufft_gpu,throughput,n4096_b32768,4096,32768,1,3.129805,2573.024259,3.129498,2573.276894,2048.0,compute,20260225_144327,/home/nikhil/workspace/xeon-fft-bench/src/gpu/latest_run/64k_batch/20260225_144327/manifest.tsv,1,8053064190.939494,8053064893.219212
/home/nikhil/workspace/xeon-fft-bench/src/gpu/latest_run/64k_batch/20260225_144327/runs/run01/fft_benchmark_gpu_20260225_144327.log,fft_benchmark_gpu_20260225_144327,cufft_gpu,throughput,n4096_b65536,4096,65536,1,6.256229,2574.414762,6.257766,2573.782158,4096.0,compute,20260225_144327,/home/nikhil/workspace/xeon-fft-bench/src/gpu/latest_run/64k_batch/20260225_144327/manifest.tsv,1,16106128292.052498,16106126479.739029
/home/nikhil/workspace/xeon-fft-bench/src/gpu/latest_run/64k_batch/20260225_144327/runs/run01/fft_benchmark_gpu_20260225_144327.log,fft_benchmark_gpu_20260225_144327,cufft_gpu,throughput,n8192_b1,8192,1,1,0.008304,64.123315,0.008346,63.803679,0.12,compute,20260225_144327,/home/nikhil/workspace/xeon-fft-bench/src/gpu/latest_run/64k_batch/20260225_144327/manifest.tsv,1,532480.0077600001,532505.504934
/home/nikhil/workspace/xeon-fft-bench/src/gpu/latest_run/64k_batch/20260225_144327/runs/run01/fft_benchmark_gpu_20260225_144327.log,fft_benchmark_gpu_20260225_144327,cufft_gpu,throughput,n8192_b2,8192,2,1,0.008038,132.484075,0.007834,135.947712,0.25,compute,20260225_144327,/home/nikhil/workspace/xeon-fft-bench/src/gpu/latest_run/64k_batch/20260225_144327/manifest.tsv,1,1064906.99485,1065014.3758079999
/home/nikhil/workspace/xeon-fft-bench/src/gpu/latest_run/64k_batch/20260225_144327/runs/run01/fft_benchmark_gpu_20260225_144327.log,fft_benchmark_gpu_20260225_144327,cufft_gpu,throughput,n8192_b4,8192,4,1,0.007987,266.666676,0.007936,268.387094,0.5,compute,20260225_144327,/home/nikhil/workspace/xeon-fft-bench/src/gpu/latest_run/64k_batch/20260225_144327/manifest.tsv,1,2129866.7412119997,2129919.977984
/home/nikhil/workspace/xeon-fft-bench/src/gpu/latest_run/64k_batch/20260225_144327/runs/run01/fft_benchmark_gpu_20260225_144327.log,fft_benchmark_gpu_20260225_144327,cufft_gpu,throughput,n8192_b8,8192,8,1,0.007987,533.333352,0.007936,536.774188,1.0,compute,20260225_144327,/home/nikhil/workspace/xeon-fft-bench/src/gpu/latest_run/64k_batch/20260225_144327/manifest.tsv,1,4259733.482423999,4259839.955968
/home/nikhil/workspace/xeon-fft-bench/src/gpu/latest_run/64k_batch/20260225_144327/runs/run01/fft_benchmark_gpu_20260225_144327.log,fft_benchmark_gpu_20260225_144327,cufft_gpu,throughput,n8192_b16,8192,16,1,0.007936,1073.548376,0.007936,1073.548376,2.0,compute,20260225_144327,/home/nikhil/workspace/xeon-fft-bench/src/gpu/latest_run/64k_batch/20260225_144327/manifest.tsv,1,8519679.911936,8519679.911936
/home/nikhil/workspace/xeon-fft-bench/src/gpu/latest_run/64k_batch/20260225_144327/runs/run01/fft_benchmark_gpu_20260225_144327.log,fft_benchmark_gpu_20260225_144327,cufft_gpu,throughput,n8192_b32,8192,32,1,0.007974,2136.757525,0.007893,2158.848537,4.0,compute,20260225_144327,/home/nikhil/workspace/xeon-fft-bench/src/gpu/latest_run/64k_batch/20260225_144327/manifest.tsv,1,17038504.504350003,17039791.502541002
/home/nikhil/workspace/xeon-fft-bench/src/gpu/latest_run/64k_batch/20260225_144327/runs/run01/fft_benchmark_gpu_20260225_144327.log,fft_benchmark_gpu_20260225_144327,cufft_gpu,throughput,n8192_b64,8192,64,1,0.017562,1940.524824,0.01751,1946.198751,8.0,compute,20260225_144327,/home/nikhil/workspace/xeon-fft-bench/src/gpu/latest_run/64k_batch/20260225_144327/manifest.tsv,1,34079496.959088005,34077940.13001
/home/nikhil/workspace/xeon-fft-bench/src/gpu/latest_run/64k_batch/20260225_144327/runs/run01/fft_benchmark_gpu_20260225_144327.log,fft_benchmark_gpu_20260225_144327,cufft_gpu,throughput,n8192_b128,8192,128,1,0.029894,2279.940083,0.029696,2295.172443,16.0,compute,20260225_144327,/home/nikhil/workspace/xeon-fft-bench/src/gpu/latest_run/64k_batch/20260225_144327/manifest.tsv,1,68156528.841202,68157440.86732799
/home/nikhil/workspace/xeon-fft-bench/src/gpu/latest_run/64k_batch/20260225_144327/runs/run01/fft_benchmark_gpu_20260225_144327.log,fft_benchmark_gpu_20260225_144327,cufft_gpu,throughput,n8192_b256,8192,256,1,0.05564,2449.943921,0.055965,2435.725412,32.0,compute,20260225_144327,/home/nikhil/workspace/xeon-fft-bench/src/gpu/latest_run/64k_batch/20260225_144327/manifest.tsv,1,136314879.76444,136315372.68257996
/home/nikhil/workspace/xeon-fft-bench/src/gpu/latest_run/64k_batch/20260225_144327/runs/run01/fft_benchmark_gpu_20260225_144327.log,fft_benchmark_gpu_20260225_144327,cufft_gpu,throughput,n8192_b512,8192,512,1,0.108099,2522.033134,0.108339,2516.446069,64.0,compute,20260225_144327,/home/nikhil/workspace/xeon-fft-bench/src/gpu/latest_run/64k_batch/20260225_144327/manifest.tsv,1,272629259.752266,272629250.66939104
/home/nikhil/workspace/xeon-fft-bench/src/gpu/latest_run/64k_batch/20260225_144327/runs/run01/fft_benchmark_gpu_20260225_144327.log,fft_benchmark_gpu_20260225_144327,cufft_gpu,throughput,n8192_b1024,8192,1024,1,0.200346,2721.594527,0.200448,2720.204498,128.0,compute,20260225_144327,/home/nikhil/workspace/xeon-fft-bench/src/gpu/latest_run/64k_batch/20260225_144327/manifest.tsv,1,545260577.106342,545259551.215104
/home/nikhil/workspace/xeon-fft-bench/src/gpu/latest_run/64k_batch/20260225_144327/runs/run01/fft_benchmark_gpu_20260225_144327.log,fft_benchmark_gpu_20260225_144327,cufft_gpu,throughput,n8192_b2048,8192,2048,1,0.395878,2754.68177,0.396426,2750.879425,256.0,compute,20260225_144327,/home/nikhil/workspace/xeon-fft-bench/src/gpu/latest_run/64k_batch/20260225_144327/manifest.tsv,1,1090517909.74406,1090520126.93505
/home/nikhil/workspace/xeon-fft-bench/src/gpu/latest_run/64k_batch/20260225_144327/runs/run01/fft_benchmark_gpu_20260225_144327.log,fft_benchmark_gpu_20260225_144327,cufft_gpu,throughput,n8192_b4096,8192,4096,1,0.789141,2763.813618,0.787605,2769.20361,512.0,compute,20260225_144327,/home/nikhil/workspace/xeon-fft-bench/src/gpu/latest_run/64k_batch/20260225_144327/manifest.tsv,1,2181038642.322138,2181038609.2540503
/home/nikhil/workspace/xeon-fft-bench/src/gpu/latest_run/64k_batch/20260225_144327/runs/run01/fft_benchmark_gpu_20260225_144327.log,fft_benchmark_gpu_20260225_144327,cufft_gpu,throughput,n8192_b8192,8192,8192,1,1.571277,2776.134842,1.571618,2775.53277,1024.0,compute,20260225_144327,/home/nikhil/workspace/xeon-fft-bench/src/gpu/latest_run/64k_batch/20260225_144327/manifest.tsv,1,4362076826.133234,4362077260.92186
/home/nikhil/workspace/xeon-fft-bench/src/gpu/latest_run/64k_batch/20260225_144327/runs/run01/fft_benchmark_gpu_20260225_144327.log,fft_benchmark_gpu_20260225_144327,cufft_gpu,throughput,n8192_b16384,8192,16384,1,3.137741,2780.393007,3.137485,2780.61984,2048.0,compute,20260225_144327,/home/nikhil/workspace/xeon-fft-bench/src/gpu/latest_run/64k_batch/20260225_144327/manifest.tsv,1,8724153134.177187,8724153038.7024
/home/nikhil/workspace/xeon-fft-bench/src/gpu/latest_run/64k_batch/20260225_144327/runs/run01/fft_benchmark_gpu_20260225_144327.log,fft_benchmark_gpu_20260225_144327,cufft_gpu,throughput,n8192_b32768,8192,32768,1,6.270218,2782.72717,6.269184,2783.18587,4096.0,compute,20260225_144327,/home/nikhil/workspace/xeon-fft-bench/src/gpu/latest_run/64k_batch/20260225_144327/manifest.tsv,1,17448305990.42306,17448304325.230076
/home/nikhil/workspace/xeon-fft-bench/src/gpu/latest_run/64k_batch/20260225_144327/runs/run01/fft_benchmark_gpu_20260225_144327.log,fft_benchmark_gpu_20260225_144327,cufft_gpu,throughput,n16384_b1,16384,1,1,0.010342,110.891092,0.010282,111.54684,0.25,compute,20260225_144327,/home/nikhil/workspace/xeon-fft-bench/src/gpu/latest_run/64k_batch/20260225_144327/manifest.tsv,1,1146835.673464,1146924.60888
/home/nikhil/workspace/xeon-fft-bench/src/gpu/latest_run/64k_batch/20260225_144327/runs/run01/fft_benchmark_gpu_20260225_144327.log,fft_benchmark_gpu_20260225_144327,cufft_gpu,throughput,n16384_b2,16384,2,1,0.010333,221.988238,0.010291,222.885569,0.5,compute,20260225_144327,/home/nikhil/workspace/xeon-fft-bench/src/gpu/latest_run/64k_batch/20260225_144327/manifest.tsv,1,2293804.4632539996,2293715.390579
/home/nikhil/workspace/xeon-fft-bench/src/gpu/latest_run/64k_batch/20260225_144327/runs/run01/fft_benchmark_gpu_20260225_144327.log,fft_benchmark_gpu_20260225_144327,cufft_gpu,throughput,n16384_b4,16384,4,1,0.010293,445.70186,0.010291,445.771139,1.0,compute,20260225_144327,/home/nikhil/workspace/xeon-fft-bench/src/gpu/latest_run/64k_batch/20260225_144327/manifest.tsv,1,4587609.24498,4587430.791449
/home/nikhil/workspace/xeon-fft-bench/src/gpu/latest_run/64k_batch/20260225_144327/runs/run01/fft_benchmark_gpu_20260225_144327.log,fft_benchmark_gpu_20260225_144327,cufft_gpu,throughput,n16384_b8,16384,8,1,0.010394,882.758607,0.010379,883.983378,2.0,compute,20260225_144327,/home/nikhil/workspace/xeon-fft-bench/src/gpu/latest_run/64k_batch/20260225_144327/manifest.tsv,1,9175392.961158,9174863.480262
/home/nikhil/workspace/xeon-fft-bench/src/gpu/latest_run/64k_batch/20260225_144327/runs/run01/fft_benchmark_gpu_20260225_144327.log,fft_benchmark_gpu_20260225_144327,cufft_gpu,throughput,n16384_b16,16384,16,1,0.016165,1135.187531,0.016179,1134.177249,4.0,compute,20260225_144327,/home/nikhil/workspace/xeon-fft-bench/src/gpu/latest_run/64k_batch/20260225_144327/manifest.tsv,1,18350306.438615,18349853.711571
/home/nikhil/workspace/xeon-fft-bench/src/gpu/latest_run/64k_batch/20260225_144327/runs/run01/fft_benchmark_gpu_20260225_144327.log,fft_benchmark_gpu_20260225_144327,cufft_gpu,throughput,n16384_b32,16384,32,1,0.02345,1565.065519,0.023603,1554.880732,8.0,compute,20260225_144327,/home/nikhil/workspace/xeon-fft-bench/src/gpu/latest_run/64k_batch/20260225_144327/manifest.tsv,1,36700786.420549996,36699849.917396
/home/nikhil/workspace/xeon-fft-bench/src/gpu/latest_run/64k_batch/20260225_144327/runs/run01/fft_benchmark_gpu_20260225_144327.log,fft_benchmark_gpu_20260225_144327,cufft_gpu,throughput,n16384_b64,16384,64,1,0.037325,1966.529435,0.037478,1958.469983,16.0,compute,20260225_144327,/home/nikhil/workspace/xeon-fft-bench/src/gpu/latest_run/64k_batch/20260225_144327/manifest.tsv,1,73400711.16137499,73399538.022874
/home/nikhil/workspace/xeon-fft-bench/src/gpu/latest_run/64k_batch/20260225_144327/runs/run01/fft_benchmark_gpu_20260225_144327.log,fft_benchmark_gpu_20260225_144327,cufft_gpu,throughput,n16384_b128,16384,128,1,0.071782,2045.07851,0.071731,2046.538249,32.0,compute,20260225_144327,/home/nikhil/workspace/xeon-fft-bench/src/gpu/latest_run/64k_batch/20260225_144327/manifest.tsv,1,146799825.60482,146800235.139019
/home/nikhil/workspace/xeon-fft-bench/src/gpu/latest_run/64k_batch/20260225_144327/runs/run01/fft_benchmark_gpu_20260225_144327.log,fft_benchmark_gpu_20260225_144327,cufft_gpu,throughput,n16384_b256,16384,256,1,0.132707,2212.398985,0.133478,2199.616366,64.0,compute,20260225_144327,/home/nikhil/workspace/xeon-fft-bench/src/gpu/latest_run/64k_batch/20260225_144327/manifest.tsv,1,293600832.102395,293600393.300948
/home/nikhil/workspace/xeon-fft-bench/src/gpu/latest_run/64k_batch/20260225_144327/runs/run01/fft_benchmark_gpu_20260225_144327.log,fft_benchmark_gpu_20260225_144327,cufft_gpu,throughput,n16384_b512,16384,512,1,0.234854,2500.283535,0.234342,2505.746034,128.0,compute,20260225_144327,/home/nikhil/workspace/xeon-fft-bench/src/gpu/latest_run/64k_batch/20260225_144327/manifest.tsv,1,587201589.32889,587201537.0996279
/home/nikhil/workspace/xeon-fft-bench/src/gpu/latest_run/64k_batch/20260225_144327/runs/run01/fft_benchmark_gpu_20260225_144327.log,fft_benchmark_gpu_20260225_144327,cufft_gpu,throughput,n16384_b1024,16384,1024,1,0.418544,2805.929848,0.419942,2796.586338,256.0,compute,20260225_144327,/home/nikhil/workspace/xeon-fft-bench/src/gpu/latest_run/64k_batch/20260225_144327/manifest.tsv,1,1174405102.3013122,1174404059.952396
/home/nikhil/workspace/xeon-fft-bench/src/gpu/latest_run/64k_batch/20260225_144327/runs/run01/fft_benchmark_gpu_20260225_144327.log,fft_benchmark_gpu_20260225_144327,cufft_gpu,throughput,n16384_b2048,16384,2048,1,0.810549,2897.802441,0.809979,2899.840363,512.0,compute,20260225_144327,/home/nikhil/workspace/xeon-fft-bench/src/gpu/latest_run/64k_batch/20260225_144327/manifest.tsv,1,2348810870.7501087,2348809797.382377
/home/nikhil/workspace/xeon-fft-bench/src/gpu/latest_run/64k_batch/20260225_144327/runs/run01/fft_benchmark_gpu_20260225_144327.log,fft_benchmark_gpu_20260225_144327,cufft_gpu,throughput,n16384_b4096,16384,4096,1,1.598106,2939.493121,1.59657,2942.321075,1024.0,compute,20260225_144327,/home/nikhil/workspace/xeon-fft-bench/src/gpu/latest_run/64k_batch/20260225_144327/manifest.tsv,1,4697621593.628826,4697621558.7127495
/home/nikhil/workspace/xeon-fft-bench/src/gpu/latest_run/64k_batch/20260225_144327/runs/run01/fft_benchmark_gpu_20260225_144327.log,fft_benchmark_gpu_20260225_144327,cufft_gpu,throughput,n16384_b8192,16384,8192,1,3.173171,2960.836421,3.174853,2959.268253,2048.0,compute,20260225_144327,/home/nikhil/workspace/xeon-fft-bench/src/gpu/latest_run/64k_batch/20260225_144327/manifest.tsv,1,9395240266.86099,9395241690.84181
/home/nikhil/workspace/xeon-fft-bench/src/gpu/latest_run/64k_batch/20260225_144327/runs/run01/fft_benchmark_gpu_20260225_144327.log,fft_benchmark_gpu_20260225_144327,cufft_gpu,throughput,n16384_b16384,16384,16384,1,6.325504,2970.59051,6.329549,2968.692236,4096.0,compute,20260225_144327,/home/nikhil/workspace/xeon-fft-bench/src/gpu/latest_run/64k_batch/20260225_144327/manifest.tsv,1,18790482153.36704,18790482973.681564
/home/nikhil/workspace/xeon-fft-bench/src/gpu/latest_run/64k_batch/20260225_144327/runs/run01/fft_benchmark_gpu_20260225_144327.log,fft_benchmark_gpu_20260225_144327,cufft_gpu,throughput,n32768_b1,32768,1,1,0.00829,296.467857,0.008192,300.000008,0.5,compute,20260225_144327,/home/nikhil/workspace/xeon-fft-bench/src/gpu/latest_run/64k_batch/20260225_144327/manifest.tsv,1,2457718.5345300003,2457600.0655359994
/home/nikhil/workspace/xeon-fft-bench/src/gpu/latest_run/64k_batch/20260225_144327/runs/run01/fft_benchmark_gpu_20260225_144327.log,fft_benchmark_gpu_20260225_144327,cufft_gpu,throughput,n32768_b2,32768,2,1,0.008243,596.273279,0.00824,596.504843,1.0,compute,20260225_144327,/home/nikhil/workspace/xeon-fft-bench/src/gpu/latest_run/64k_batch/20260225_144327/manifest.tsv,1,4915080.638797,4915199.906320001
/home/nikhil/workspace/xeon-fft-bench/src/gpu/latest_run/64k_batch/20260225_144327/runs/run01/fft_benchmark_gpu_20260225_144327.log,fft_benchmark_gpu_20260225_144327,cufft_gpu,throughput,n32768_b4,32768,4,1,0.008699,1130.034906,0.008642,1137.567135,2.0,compute,20260225_144327,/home/nikhil/workspace/xeon-fft-bench/src/gpu/latest_run/64k_batch/20260225_144327/manifest.tsv,1,9830173.647294002,9830855.18067
/home/nikhil/workspace/xeon-fft-bench/src/gpu/latest_run/64k_batch/20260225_144327/runs/run01/fft_benchmark_gpu_20260225_144327.log,fft_benchmark_gpu_20260225_144327,cufft_gpu,throughput,n32768_b8,32768,8,1,0.01408,1396.363644,0.014045,1399.863255,4.0,compute,20260225_144327,/home/nikhil/workspace/xeon-fft-bench/src/gpu/latest_run/64k_batch/20260225_144327/manifest.tsv,1,19660800.10752,19661079.416475
/home/nikhil/workspace/xeon-fft-bench/src/gpu/latest_run/64k_batch/20260225_144327/runs/run01/fft_benchmark_gpu_20260225_144327.log,fft_benchmark_gpu_20260225_144327,cufft_gpu,throughput,n32768_b16,32768,16,1,0.025139,1564.154743,0.025139,1564.154743,8.0,compute,20260225_144327,/home/nikhil/workspace/xeon-fft-bench/src/gpu/latest_run/64k_batch/20260225_144327/manifest.tsv,1,39321286.084277004,39321286.084277004
/home/nikhil/workspace/xeon-fft-bench/src/gpu/latest_run/64k_batch/20260225_144327/runs/run01/fft_benchmark_gpu_20260225_144327.log,fft_benchmark_gpu_20260225_144327,cufft_gpu,throughput,n32768_b32,32768,32,1,0.057088,1377.578485,0.056781,1385.031627,16.0,compute,20260225_144327,/home/nikhil/workspace/xeon-fft-bench/src/gpu/latest_run/64k_batch/20260225_144327/manifest.tsv,1,78643200.55168,78643480.81268701
/home/nikhil/workspace/xeon-fft-bench/src/gpu/latest_run/64k_batch/20260225_144327/runs/run01/fft_benchmark_gpu_20260225_144327.log,fft_benchmark_gpu_20260225_144327,cufft_gpu,throughput,n32768_b64,32768,64,1,0.110027,1429.522804,0.110234,1426.846198,32.0,compute,20260225_144327,/home/nikhil/workspace/xeon-fft-bench/src/gpu/latest_run/64k_batch/20260225_144327/manifest.tsv,1,157286105.555708,157286963.790332
/home/nikhil/workspace/xeon-fft-bench/src/gpu/latest_run/64k_batch/20260225_144327/runs/run01/fft_benchmark_gpu_20260225_144327.log,fft_benchmark_gpu_20260225_144327,cufft_gpu,throughput,n32768_b128,32768,128,1,0.21504,1462.857195,0.214733,1464.949997,64.0,compute,20260225_144327,/home/nikhil/workspace/xeon-fft-bench/src/gpu/latest_run/64k_batch/20260225_144327/manifest.tsv,1,314572811.2128,314573107.705801
/home/nikhil/workspace/xeon-fft-bench/src/gpu/latest_run/64k_batch/20260225_144327/runs/run01/fft_benchmark_gpu_20260225_144327.log,fft_benchmark_gpu_20260225_144327,cufft_gpu,throughput,n32768_b256,32768,256,1,0.424346,1482.625522,0.424448,1482.267746,128.0,compute,20260225_144327,/home/nikhil/workspace/xeon-fft-bench/src/gpu/latest_run/64k_batch/20260225_144327/manifest.tsv,1,629146209.758612,629145580.254208
/home/nikhil/workspace/xeon-fft-bench/src/gpu/latest_run/64k_batch/20260225_144327/runs/run01/fft_benchmark_gpu_20260225_144327.log,fft_benchmark_gpu_20260225_144327,cufft_gpu,throughput,n32768_b512,32768,512,1,0.793498,1585.75298,0.793656,1585.436481,256.0,compute,20260225_144327,/home/nikhil/workspace/xeon-fft-bench/src/gpu/latest_run/64k_batch/20260225_144327/manifest.tsv,1,1258291818.12404,1258291175.7645361
/home/nikhil/workspace/xeon-fft-bench/src/gpu/latest_run/64k_batch/20260225_144327/runs/run01/fft_benchmark_gpu_20260225_144327.log,fft_benchmark_gpu_20260225_144327,cufft_gpu,throughput,n32768_b1024,32768,1024,1,1.581107,1591.658266,1.581666,1591.096362,512.0,compute,20260225_144327,/home/nikhil/workspace/xeon-fft-bench/src/gpu/latest_run/64k_batch/20260225_144327/manifest.tsv,1,2516582025.9804616,2516583018.4990916
/home/nikhil/workspace/xeon-fft-bench/src/gpu/latest_run/64k_batch/20260225_144327/runs/run01/fft_benchmark_gpu_20260225_144327.log,fft_benchmark_gpu_20260225_144327,cufft_gpu,throughput,n32768_b2048,32768,2048,1,3.15817,1593.696827,3.157542,1594.01336,1024.0,compute,20260225_144327,/home/nikhil/workspace/xeon-fft-bench/src/gpu/latest_run/64k_batch/20260225_144327/manifest.tsv,1,5033165508.12659,5033164132.76112
/home/nikhil/workspace/xeon-fft-bench/src/gpu/latest_run/64k_batch/20260225_144327/runs/run01/fft_benchmark_gpu_20260225_144327.log,fft_benchmark_gpu_20260225_144327,cufft_gpu,throughput,n32768_b4096,32768,4096,1,6.312288,1594.719657,6.306702,1596.132008,2048.0,compute,20260225_144327,/home/nikhil/workspace/xeon-fft-bench/src/gpu/latest_run/64k_batch/20260225_144327/manifest.tsv,1,10066329754.245216,10066328927.117617
/home/nikhil/workspace/xeon-fft-bench/src/gpu/latest_run/64k_batch/20260225_144327/runs/run01/fft_benchmark_gpu_20260225_144327.log,fft_benchmark_gpu_20260225_144327,cufft_gpu,throughput,n32768_b8192,32768,8192,1,12.617373,1595.630039,12.595557,1598.393765,4096.0,compute,20260225_144327,/home/nikhil/workspace/xeon-fft-bench/src/gpu/latest_run/64k_batch/20260225_144327/manifest.tsv,1,20132659372.067547,20132659775.5021
/home/nikhil/workspace/xeon-fft-bench/src/gpu/latest_run/64k_batch/20260225_144327/runs/run01/fft_benchmark_gpu_20260225_144327.log,fft_benchmark_gpu_20260225_144327,cufft_gpu,throughput,n65536_b1,65536,1,1,0.007619,688.114247,0.007534,695.859028,1.0,compute,20260225_144327,/home/nikhil/workspace/xeon-fft-bench/src/gpu/latest_run/64k_batch/20260225_144327/manifest.tsv,1,5242742.447893,5242601.916951999
/home/nikhil/workspace/xeon-fft-bench/src/gpu/latest_run/64k_batch/20260225_144327/runs/run01/fft_benchmark_gpu_20260225_144327.log,fft_benchmark_gpu_20260225_144327,cufft_gpu,throughput,n65536_b2,65536,2,1,0.008602,1219.047629,0.00855,1226.347264,2.0,compute,20260225_144327,/home/nikhil/workspace/xeon-fft-bench/src/gpu/latest_run/64k_batch/20260225_144327/manifest.tsv,1,10486247.704658,10485269.1072
/home/nikhil/workspace/xeon-fft-bench/src/gpu/latest_run/64k_batch/20260225_144327/runs/run01/fft_benchmark_gpu_20260225_144327.log,fft_benchmark_gpu_20260225_144327,cufft_gpu,throughput,n65536_b4,65536,4,1,0.013363,1569.348609,0.013405,1564.478396,4.0,compute,20260225_144327,/home/nikhil/workspace/xeon-fft-bench/src/gpu/latest_run/64k_batch/20260225_144327/manifest.tsv,1,20971205.462066997,20971832.89838
/home/nikhil/workspace/xeon-fft-bench/src/gpu/latest_run/64k_batch/20260225_144327/runs/run01/fft_benchmark_gpu_20260225_144327.log,fft_benchmark_gpu_20260225_144327,cufft_gpu,throughput,n65536_b8,65536,8,1,0.024064,1742.978727,0.02391,1754.175569,8.0,compute,20260225_144327,/home/nikhil/workspace/xeon-fft-bench/src/gpu/latest_run/64k_batch/20260225_144327/manifest.tsv,1,41943040.086527996,41942337.85479
/home/nikhil/workspace/xeon-fft-bench/src/gpu/latest_run/64k_batch/20260225_144327/runs/run01/fft_benchmark_gpu_20260225_144327.log,fft_benchmark_gpu_20260225_144327,cufft_gpu,throughput,n65536_b16,65536,16,1,0.057352,1462.653078,0.057139,1468.100359,16.0,compute,20260225_144327,/home/nikhil/workspace/xeon-fft-bench/src/gpu/latest_run/64k_batch/20260225_144327/manifest.tsv,1,83886079.32945602,83885786.412901
/home/nikhil/workspace/xeon-fft-bench/src/gpu/latest_run/64k_batch/20260225_144327/runs/run01/fft_benchmark_gpu_20260225_144327.log,fft_benchmark_gpu_20260225_144327,cufft_gpu,throughput,n65536_b32,65536,32,1,0.110278,1521.351001,0.109875,1526.9338,32.0,compute,20260225_144327,/home/nikhil/workspace/xeon-fft-bench/src/gpu/latest_run/64k_batch/20260225_144327/manifest.tsv,1,167771545.688278,167771851.27499998
/home/nikhil/workspace/xeon-fft-bench/src/gpu/latest_run/64k_batch/20260225_144327/runs/run01/fft_benchmark_gpu_20260225_144327.log,fft_benchmark_gpu_20260225_144327,cufft_gpu,throughput,n65536_b64,65536,64,1,0.214736,1562.589908,0.214886,1561.496284,64.0,compute,20260225_144327,/home/nikhil/workspace/xeon-fft-bench/src/gpu/latest_run/64k_batch/20260225_144327/manifest.tsv,1,335544306.484288,335543690.483624
/home/nikhil/workspace/xeon-fft-bench/src/gpu/latest_run/64k_batch/20260225_144327/runs/run01/fft_benchmark_gpu_20260225_144327.log,fft_benchmark_gpu_20260225_144327,cufft_gpu,throughput,n65536_b128,65536,128,1,0.425626,1576.711137,0.425566,1576.930557,128.0,compute,20260225_144327,/home/nikhil/workspace/xeon-fft-bench/src/gpu/latest_run/64k_batch/20260225_144327/manifest.tsv,1,671089254.396762,671088029.420262
/home/nikhil/workspace/xeon-fft-bench/src/gpu/latest_run/64k_batch/20260225_144327/runs/run01/fft_benchmark_gpu_20260225_144327.log,fft_benchmark_gpu_20260225_144327,cufft_gpu,throughput,n65536_b256,65536,256,1,0.789555,1699.915665,0.789504,1700.025933,256.0,compute,20260225_144327,/home/nikhil/workspace/xeon-fft-bench/src/gpu/latest_run/64k_batch/20260225_144327/manifest.tsv,1,1342176912.879075,1342177274.207232
/home/nikhil/workspace/xeon-fft-bench/src/gpu/latest_run/64k_batch/20260225_144327/runs/run01/fft_benchmark_gpu_20260225_144327.log,fft_benchmark_gpu_20260225_144327,cufft_gpu,throughput,n65536_b512,65536,512,1,1.577882,1701.239511,1.576858,1702.344344,512.0,compute,20260225_144327,/home/nikhil/workspace/xeon-fft-bench/src/gpu/latest_run/64k_batch/20260225_144327/manifest.tsv,1,2684355202.095702,2684355297.5911527
/home/nikhil/workspace/xeon-fft-bench/src/gpu/latest_run/64k_batch/20260225_144327/runs/run01/fft_benchmark_gpu_20260225_144327.log,fft_benchmark_gpu_20260225_144327,cufft_gpu,throughput,n65536_b1024,65536,1024,1,3.148941,1704.925363,3.149013,1704.886431,1024.0,compute,20260225_144327,/home/nikhil/workspace/xeon-fft-bench/src/gpu/latest_run/64k_batch/20260225_144327/manifest.tsv,1,5368709377.490583,5368709534.742603
/home/nikhil/workspace/xeon-fft-bench/src/gpu/latest_run/64k_batch/20260225_144327/runs/run01/fft_benchmark_gpu_20260225_144327.log,fft_benchmark_gpu_20260225_144327,cufft_gpu,throughput,n65536_b2048,65536,2048,1,6.291302,1706.70831,6.280602,1709.616227,2048.0,compute,20260225_144327,/home/nikhil/workspace/xeon-fft-bench/src/gpu/latest_run/64k_batch/20260225_144327/manifest.tsv,1,10737417404.11962,10737419094.528654
/home/nikhil/workspace/xeon-fft-bench/src/gpu/latest_run/64k_batch/20260225_144327/runs/run01/fft_benchmark_gpu_20260225_144327.log,fft_benchmark_gpu_20260225_144327,cufft_gpu,throughput,n65536_b4096,65536,4096,1,12.577946,1707.340529,12.55423,1710.565732,4096.0,compute,20260225_144327,/home/nikhil/workspace/xeon-fft-bench/src/gpu/latest_run/64k_batch/20260225_144327/manifest.tsv,1,21474836977.373436,21474835629.646362
/home/nikhil/workspace/xeon-fft-bench/src/gpu/latest_run/64k_batch/20260225_144327/runs/run01/fft_benchmark_gpu_20260225_144327.log,fft_benchmark_gpu_20260225_144327,cufft_gpu,throughput,n131072_b1,131072,1,1,0.009626,1157.446775,0.009574,1163.636377,2.0,compute,20260225_144327,/home/nikhil/workspace/xeon-fft-bench/src/gpu/latest_run/64k_batch/20260225_144327/manifest.tsv,1,11141582.656149998,11140654.673398
/home/nikhil/workspace/xeon-fft-bench/src/gpu/latest_run/64k_batch/20260225_144327/runs/run01/fft_benchmark_gpu_20260225_144327.log,fft_benchmark_gpu_20260225_144327,cufft_gpu,throughput,n131072_b2,131072,2,1,0.014592,1527.017612,0.014438,1543.262446,4.0,compute,20260225_144327,/home/nikhil/workspace/xeon-fft-bench/src/gpu/latest_run/64k_batch/20260225_144327/manifest.tsv,1,22282240.994304005,22281623.195348
/home/nikhil/workspace/xeon-fft-bench/src/gpu/latest_run/64k_batch/20260225_144327/runs/run01/fft_benchmark_gpu_20260225_144327.log,fft_benchmark_gpu_20260225_144327,cufft_gpu,throughput,n131072_b4,131072,4,1,0.024986,1783.606592,0.025037,1779.959107,8.0,compute,20260225_144327,/home/nikhil/workspace/xeon-fft-bench/src/gpu/latest_run/64k_batch/20260225_144327/manifest.tsv,1,44565194.307712,44564836.161959
/home/nikhil/workspace/xeon-fft-bench/src/gpu/latest_run/64k_batch/20260225_144327/runs/run01/fft_benchmark_gpu_20260225_144327.log,fft_benchmark_gpu_20260225_144327,cufft_gpu,throughput,n131072_b8,131072,8,1,0.057037,1562.657114,0.056422,1579.673308,16.0,compute,20260225_144327,/home/nikhil/workspace/xeon-fft-bench/src/gpu/latest_run/64k_batch/20260225_144327/manifest.tsv,1,89129273.811218,89128327.383976
/home/nikhil/workspace/xeon-fft-bench/src/gpu/latest_run/64k_batch/20260225_144327/runs/run01/fft_benchmark_gpu_20260225_144327.log,fft_benchmark_gpu_20260225_144327,cufft_gpu,throughput,n131072_b16,131072,16,1,0.111718,1595.600305,0.11136,1600.73561,32.0,compute,20260225_144327,/home/nikhil/workspace/xeon-fft-bench/src/gpu/latest_run/64k_batch/20260225_144327/manifest.tsv,1,178257274.87399,178257917.5296
/home/nikhil/workspace/xeon-fft-bench/src/gpu/latest_run/64k_batch/20260225_144327/runs/run01/fft_benchmark_gpu_20260225_144327.log,fft_benchmark_gpu_20260225_144327,cufft_gpu,throughput,n131072_b32,131072,32,1,0.215398,1655.146131,0.21504,1657.904821,64.0,compute,20260225_144327,/home/nikhil/workspace/xeon-fft-bench/src/gpu/latest_run/64k_batch/20260225_144327/manifest.tsv,1,356515166.32513803,356515852.70784
/home/nikhil/workspace/xeon-fft-bench/src/gpu/latest_run/64k_batch/20260225_144327/runs/run01/fft_benchmark_gpu_20260225_144327.log,fft_benchmark_gpu_20260225_144327,cufft_gpu,throughput,n131072_b64,131072,64,1,0.423464,1683.807029,0.423373,1684.169818,128.0,compute,20260225_144327,/home/nikhil/workspace/xeon-fft-bench/src/gpu/latest_run/64k_batch/20260225_144327/manifest.tsv,1,713031659.728456,713032028.356114
/home/nikhil/workspace/xeon-fft-bench/src/gpu/latest_run/64k_batch/20260225_144327/runs/run01/fft_benchmark_gpu_20260225_144327.log,fft_benchmark_gpu_20260225_144327,cufft_gpu,throughput,n131072_b128,131072,128,1,0.789965,1805.223886,0.789757,1805.699323,256.0,compute,20260225_144327,/home/nikhil/workspace/xeon-fft-bench/src/gpu/latest_run/64k_batch/20260225_144327/manifest.tsv,1,1426063687.10399,1426063680.2345111
/home/nikhil/workspace/xeon-fft-bench/src/gpu/latest_run/64k_batch/20260225_144327/runs/run01/fft_benchmark_gpu_20260225_144327.log,fft_benchmark_gpu_20260225_144327,cufft_gpu,throughput,n131072_b256,131072,256,1,1.572915,1813.274339,1.573069,1813.097242,512.0,compute,20260225_144327,/home/nikhil/workspace/xeon-fft-bench/src/gpu/latest_run/64k_batch/20260225_144327/manifest.tsv,1,2852126406.928185,2852127065.375698
/home/nikhil/workspace/xeon-fft-bench/src/gpu/latest_run/64k_batch/20260225_144327/runs/run01/fft_benchmark_gpu_20260225_144327.log,fft_benchmark_gpu_20260225_144327,cufft_gpu,throughput,n131072_b512,131072,512,1,3.137382,1818.156942,3.138509,1817.504366,1024.0,compute,20260225_144327,/home/nikhil/workspace/xeon-fft-bench/src/gpu/latest_run/64k_batch/20260225_144327/manifest.tsv,1,5704252863.005844,5704253810.230293
/home/nikhil/workspace/xeon-fft-bench/src/gpu/latest_run/64k_batch/20260225_144327/runs/run01/fft_benchmark_gpu_20260225_144327.log,fft_benchmark_gpu_20260225_144327,cufft_gpu,throughput,n131072_b1024,131072,1024,1,6.288171,1814.280524,6.269123,1819.793094,2048.0,compute,20260225_144327,/home/nikhil/workspace/xeon-fft-bench/src/gpu/latest_run/64k_batch/20260225_144327/manifest.tsv,1,11408506176.881605,11408506740.836561
/home/nikhil/workspace/xeon-fft-bench/src/gpu/latest_run/64k_batch/20260225_144327/runs/run01/fft_benchmark_gpu_20260225_144327.log,fft_benchmark_gpu_20260225_144327,cufft_gpu,throughput,n131072_b2048,131072,2048,1,12.555571,1817.282049,12.516502,1822.954454,4096.0,compute,20260225_144327,/home/nikhil/workspace/xeon-fft-bench/src/gpu/latest_run/64k_batch/20260225_144327/manifest.tsv,1,22817013793.24498,22817013069.399906
/home/nikhil/workspace/xeon-fft-bench/src/gpu/latest_run/64k_batch/20260225_144327/runs/run01/fft_benchmark_gpu_20260225_144327.log,fft_benchmark_gpu_20260225_144327,cufft_gpu,throughput,n262144_b1,262144,1,1,0.016077,1467.515903,0.015718,1500.977153,4.0,compute,20260225_144327,/home/nikhil/workspace/xeon-fft-bench/src/gpu/latest_run/64k_batch/20260225_144327/manifest.tsv,1,23593253.172531,23592358.890854
/home/nikhil/workspace/xeon-fft-bench/src/gpu/latest_run/64k_batch/20260225_144327/runs/run01/fft_benchmark_gpu_20260225_144327.log,fft_benchmark_gpu_20260225_144327,cufft_gpu,throughput,n262144_b2,262144,2,1,0.0256,1843.199912,0.025498,1850.602378,8.0,compute,20260225_144327,/home/nikhil/workspace/xeon-fft-bench/src/gpu/latest_run/64k_batch/20260225_144327/manifest.tsv,1,47185917.747200005,47186659.434244
/home/nikhil/workspace/xeon-fft-bench/src/gpu/latest_run/64k_batch/20260225_144327/runs/run01/fft_benchmark_gpu_20260225_144327.log,fft_benchmark_gpu_20260225_144327,cufft_gpu,throughput,n262144_b4,262144,4,1,0.057382,1644.613016,0.057344,1645.714242,16.0,compute,20260225_144327,/home/nikhil/workspace/xeon-fft-bench/src/gpu/latest_run/64k_batch/20260225_144327/manifest.tsv,1,94371184.084112,94371837.493248
/home/nikhil/workspace/xeon-fft-bench/src/gpu/latest_run/64k_batch/20260225_144327/runs/run01/fft_benchmark_gpu_20260225_144327.log,fft_benchmark_gpu_20260225_144327,cufft_gpu,throughput,n262144_b8,262144,8,1,0.113664,1660.54061,0.11305,1669.56518,32.0,compute,20260225_144327,/home/nikhil/workspace/xeon-fft-bench/src/gpu/latest_run/64k_batch/20260225_144327/manifest.tsv,1,188743687.89504,188744343.59899998
/home/nikhil/workspace/xeon-fft-bench/src/gpu/latest_run/64k_batch/20260225_144327/runs/run01/fft_benchmark_gpu_20260225_144327.log,fft_benchmark_gpu_20260225_144327,cufft_gpu,throughput,n262144_b16,262144,16,1,0.217792,1733.247053,0.217754,1733.552778,64.0,compute,20260225_144327,/home/nikhil/workspace/xeon-fft-bench/src/gpu/latest_run/64k_batch/20260225_144327/manifest.tsv,1,377487342.16697603,377488051.620612
/home/nikhil/workspace/xeon-fft-bench/src/gpu/latest_run/64k_batch/20260225_144327/runs/run01/fft_benchmark_gpu_20260225_144327.log,fft_benchmark_gpu_20260225_144327,cufft_gpu,throughput,n262144_b32,262144,32,1,0.427366,1766.574818,0.426899,1768.508185,128.0,compute,20260225_144327,/home/nikhil/workspace/xeon-fft-bench/src/gpu/latest_run/64k_batch/20260225_144327/manifest.tsv,1,754974013.669388,754974375.6683149
/home/nikhil/workspace/xeon-fft-bench/src/gpu/latest_run/64k_batch/20260225_144327/runs/run01/fft_benchmark_gpu_20260225_144327.log,fft_benchmark_gpu_20260225_144327,cufft_gpu,throughput,n262144_b64,262144,64,1,0.796211,1896.418249,0.795341,1898.493683,256.0,compute,20260225_144327,/home/nikhil/workspace/xeon-fft-bench/src/gpu/latest_run/64k_batch/20260225_144327/manifest.tsv,1,1509949070.454539,1509949864.3309028
/home/nikhil/workspace/xeon-fft-bench/src/gpu/latest_run/64k_batch/20260225_144327/runs/run01/fft_benchmark_gpu_20260225_144327.log,fft_benchmark_gpu_20260225_144327,cufft_gpu,throughput,n262144_b128,262144,128,1,1.584845,1905.485583,1.585238,1905.012491,512.0,compute,20260225_144327,/home/nikhil/workspace/xeon-fft-bench/src/gpu/latest_run/64k_batch/20260225_144327/manifest.tsv,1,3019899298.7896347,3019898191.207858
/home/nikhil/workspace/xeon-fft-bench/src/gpu/latest_run/64k_batch/20260225_144327/runs/run01/fft_benchmark_gpu_20260225_144327.log,fft_benchmark_gpu_20260225_144327,cufft_gpu,throughput,n262144_b256,262144,256,1,3.160269,1911.165845,3.162875,1909.590934,1024.0,compute,20260225_144327,/home/nikhil/workspace/xeon-fft-bench/src/gpu/latest_run/64k_batch/20260225_144327/manifest.tsv,1,6039798173.812305,6039797425.37525
/home/nikhil/workspace/xeon-fft-bench/src/gpu/latest_run/64k_batch/20260225_144327/runs/run01/fft_benchmark_gpu_20260225_144327.log,fft_benchmark_gpu_20260225_144327,cufft_gpu,throughput,n262144_b512,262144,512,1,6.31664,1912.345067,6.316406,1912.415865,2048.0,compute,20260225_144327,/home/nikhil/workspace/xeon-fft-bench/src/gpu/latest_run/64k_batch/20260225_144327/manifest.tsv,1,12079595344.01488,12079595044.181189
/home/nikhil/workspace/xeon-fft-bench/src/gpu/latest_run/64k_batch/20260225_144327/runs/run01/fft_benchmark_gpu_20260225_144327.log,fft_benchmark_gpu_20260225_144327,cufft_gpu,throughput,n262144_b1024,262144,1024,1,12.621722,1914.096326,12.606157,1916.459647,4096.0,compute,20260225_144327,/home/nikhil/workspace/xeon-fft-bench/src/gpu/latest_run/64k_batch/20260225_144327/manifest.tsv,1,24159191707.993374,24159191194.24658
/home/nikhil/workspace/xeon-fft-bench/src/gpu/latest_run/64k_batch/20260225_144327/runs/run01/fft_benchmark_gpu_20260225_144327.log,fft_benchmark_gpu_20260225_144327,cufft_gpu,throughput,n524288_b1,524288,1,1,0.027534,1808.913847,0.027443,1814.92535,8.0,compute,20260225_144327,/home/nikhil/workspace/xeon-fft-bench/src/gpu/latest_run/64k_batch/20260225_144327/manifest.tsv,1,49806633.863298,49806996.380049996
/home/nikhil/workspace/xeon-fft-bench/src/gpu/latest_run/64k_batch/20260225_144327/runs/run01/fft_benchmark_gpu_20260225_144327.log,fft_benchmark_gpu_20260225_144327,cufft_gpu,throughput,n524288_b2,524288,2,1,0.059792,1666.020871,0.060314,1651.612895,16.0,compute,20260225_144327,/home/nikhil/workspace/xeon-fft-bench/src/gpu/latest_run/64k_batch/20260225_144327/manifest.tsv,1,99614719.91883199,99615380.14903
/home/nikhil/workspace/xeon-fft-bench/src/gpu/latest_run/64k_batch/20260225_144327/runs/run01/fft_benchmark_gpu_20260225_144327.log,fft_benchmark_gpu_20260225_144327,cufft_gpu,throughput,n524288_b4,524288,4,1,0.118618,1679.594341,0.118067,1687.42404,32.0,compute,20260225_144327,/home/nikhil/workspace/xeon-fft-bench/src/gpu/latest_run/64k_batch/20260225_144327/manifest.tsv,1,199230121.540738,199229094.13068002
/home/nikhil/workspace/xeon-fft-bench/src/gpu/latest_run/64k_batch/20260225_144327/runs/run01/fft_benchmark_gpu_20260225_144327.log,fft_benchmark_gpu_20260225_144327,cufft_gpu,throughput,n524288_b8,524288,8,1,0.223016,1786.68293,0.222816,1788.286735,64.0,compute,20260225_144327,/home/nikhil/workspace/xeon-fft-bench/src/gpu/latest_run/64k_batch/20260225_144327/manifest.tsv,1,398458880.31688,398458897.14576
/home/nikhil/workspace/xeon-fft-bench/src/gpu/latest_run/64k_batch/20260225_144327/runs/run01/fft_benchmark_gpu_20260225_144327.log,fft_benchmark_gpu_20260225_144327,cufft_gpu,throughput,n524288_b16,524288,16,1,0.433098,1840.041963,0.433254,1839.376098,128.0,compute,20260225_144327,/home/nikhil/workspace/xeon-fft-bench/src/gpu/latest_run/64k_batch/20260225_144327/manifest.tsv,1,796918494.0913739,796917051.9628919
/home/nikhil/workspace/xeon-fft-bench/src/gpu/latest_run/64k_batch/20260225_144327/runs/run01/fft_benchmark_gpu_20260225_144327.log,fft_benchmark_gpu_20260225_144327,cufft_gpu,throughput,n524288_b32,524288,32,1,0.801536,1988.476555,0.80169,1988.095481,256.0,compute,20260225_144327,/home/nikhil/workspace/xeon-fft-bench/src/gpu/latest_run/64k_batch/20260225_144327/manifest.tsv,1,1593835543.9884799,1593836266.16289
/home/nikhil/workspace/xeon-fft-bench/src/gpu/latest_run/64k_batch/20260225_144327/runs/run01/fft_benchmark_gpu_20260225_144327.log,fft_benchmark_gpu_20260225_144327,cufft_gpu,throughput,n524288_b64,524288,64,1,1.590221,2004.546145,1.590067,2004.73983,512.0,compute,20260225_144327,/home/nikhil/workspace/xeon-fft-bench/src/gpu/latest_run/64k_batch/20260225_144327/manifest.tsv,1,3187671375.2480454,3187670647.2686095
/home/nikhil/workspace/xeon-fft-bench/src/gpu/latest_run/64k_batch/20260225_144327/runs/run01/fft_benchmark_gpu_20260225_144327.log,fft_benchmark_gpu_20260225_144327,cufft_gpu,throughput,n524288_b128,524288,128,1,3.167334,2012.841508,3.166707,2013.240132,1024.0,compute,20260225_144327,/home/nikhil/workspace/xeon-fft-bench/src/gpu/latest_run/64k_batch/20260225_144327/manifest.tsv,1,6375341344.899672,6375341618.685324
/home/nikhil/workspace/xeon-fft-bench/src/gpu/latest_run/64k_batch/20260225_144327/runs/run01/fft_benchmark_gpu_20260225_144327.log,fft_benchmark_gpu_20260225_144327,cufft_gpu,throughput,n524288_b256,524288,256,1,6.32048,2017.36011,6.31977,2017.586847,2048.0,compute,20260225_144327,/home/nikhil/workspace/xeon-fft-bench/src/gpu/latest_run/64k_batch/20260225_144327/manifest.tsv,1,12750684228.0528,12750684828.06519
/home/nikhil/workspace/xeon-fft-bench/src/gpu/latest_run/64k_batch/20260225_144327/runs/run01/fft_benchmark_gpu_20260225_144327.log,fft_benchmark_gpu_20260225_144327,cufft_gpu,throughput,n524288_b512,524288,512,1,12.626585,2019.656743,12.621465,2020.476047,4096.0,compute,20260225_144327,/home/nikhil/workspace/xeon-fft-bench/src/gpu/latest_run/64k_batch/20260225_144327/manifest.tsv,1,25501367536.312656,25501367710.54886
/home/nikhil/workspace/xeon-fft-bench/src/gpu/latest_run/64k_batch/20260225_144327/runs/run01/fft_benchmark_gpu_20260225_144327.log,fft_benchmark_gpu_20260225_144327,cufft_gpu,throughput,n1048576_b1,1048576,1,1,0.06399,1638.64574,0.063846,1642.341687,16.0,compute,20260225_144327,/home/nikhil/workspace/xeon-fft-bench/src/gpu/latest_run/64k_batch/20260225_144327/manifest.tsv,1,104856940.9026,104856947.34820202
/home/nikhil/workspace/xeon-fft-bench/src/gpu/latest_run/64k_batch/20260225_144327/runs/run01/fft_benchmark_gpu_20260225_144327.log,fft_benchmark_gpu_20260225_144327,cufft_gpu,throughput,n1048576_b2,1048576,2,1,0.124774,1680.755075,0.124058,1690.466325,32.0,compute,20260225_144327,/home/nikhil/workspace/xeon-fft-bench/src/gpu/latest_run/64k_batch/20260225_144327/manifest.tsv,1,209714533.72805,209715871.34685
/home/nikhil/workspace/xeon-fft-bench/src/gpu/latest_run/64k_batch/20260225_144327/runs/run01/fft_benchmark_gpu_20260225_144327.log,fft_benchmark_gpu_20260225_144327,cufft_gpu,throughput,n1048576_b4,1048576,4,1,0.231422,1812.401907,0.233626,1795.310082,64.0,compute,20260225_144327,/home/nikhil/workspace/xeon-fft-bench/src/gpu/latest_run/64k_batch/20260225_144327/manifest.tsv,1,419429674.121754,419431113.217332
/home/nikhil/workspace/xeon-fft-bench/src/gpu/latest_run/64k_batch/20260225_144327/runs/run01/fft_benchmark_gpu_20260225_144327.log,fft_benchmark_gpu_20260225_144327,cufft_gpu,throughput,n1048576_b8,1048576,8,1,0.442312,1896.536372,0.442008,1897.840684,128.0,compute,20260225_144327,/home/nikhil/workspace/xeon-fft-bench/src/gpu/latest_run/64k_batch/20260225_144327/manifest.tsv,1,838860795.772064,838860765.053472
/home/nikhil/workspace/xeon-fft-bench/src/gpu/latest_run/64k_batch/20260225_144327/runs/run01/fft_benchmark_gpu_20260225_144327.log,fft_benchmark_gpu_20260225_144327,cufft_gpu,throughput,n1048576_b16,1048576,16,1,0.81664,2054.420074,0.816589,2054.548917,256.0,compute,20260225_144327,/home/nikhil/workspace/xeon-fft-bench/src/gpu/latest_run/64k_batch/20260225_144327/manifest.tsv,1,1677721609.2313602,1677722045.5841131
/home/nikhil/workspace/xeon-fft-bench/src/gpu/latest_run/64k_batch/20260225_144327/runs/run01/fft_benchmark_gpu_20260225_144327.log,fft_benchmark_gpu_20260225_144327,cufft_gpu,throughput,n1048576_b32,1048576,32,1,1.611048,2082.770553,1.607322,2087.599213,512.0,compute,20260225_144327,/home/nikhil/workspace/xeon-fft-bench/src/gpu/latest_run/64k_batch/20260225_144327/manifest.tsv,1,3355443333.869544,3355444142.2375855
/home/nikhil/workspace/xeon-fft-bench/src/gpu/latest_run/64k_batch/20260225_144327/runs/run01/fft_benchmark_gpu_20260225_144327.log,fft_benchmark_gpu_20260225_144327,cufft_gpu,throughput,n1048576_b64,1048576,64,1,3.190672,2103.283122,3.190733,2103.243015,1024.0,compute,20260225_144327,/home/nikhil/workspace/xeon-fft-bench/src/gpu/latest_run/64k_batch/20260225_144327/manifest.tsv,1,6710886565.437984,6710886894.979995
/home/nikhil/workspace/xeon-fft-bench/src/gpu/latest_run/64k_batch/20260225_144327/runs/run01/fft_benchmark_gpu_20260225_144327.log,fft_benchmark_gpu_20260225_144327,cufft_gpu,throughput,n1048576_b128,1048576,128,1,6.352077,2112.973975,6.351974,2113.007983,2048.0,compute,20260225_144327,/home/nikhil/workspace/xeon-fft-bench/src/gpu/latest_run/64k_batch/20260225_144327/manifest.tsv,1,13421773388.196075,13421771769.808441
/home/nikhil/workspace/xeon-fft-bench/src/gpu/latest_run/64k_batch/20260225_144327/runs/run01/fft_benchmark_gpu_20260225_144327.log,fft_benchmark_gpu_20260225_144327,cufft_gpu,throughput,n1048576_b256,1048576,256,1,12.680653,2116.889912,12.628173,2125.687181,4096.0,compute,20260225_144327,/home/nikhil/workspace/xeon-fft-bench/src/gpu/latest_run/64k_batch/20260225_144327/manifest.tsv,1,26843546413.272537,26843545465.550312
/home/nikhil/workspace/xeon-fft-bench/src/gpu/latest_run/64k_batch/20260225_144327/runs/run01/fft_benchmark_gpu_20260225_144327.log,fft_benchmark_gpu_20260225_144327,cufft_gpu,throughput,n2097152_b1,2097152,1,1,0.127027,1733.494536,0.127386,1728.617304,32.0,compute,20260225_144327,/home/nikhil/workspace/xeon-fft-bench/src/gpu/latest_run/64k_batch/20260225_144327/manifest.tsv,1,220200610.424472,220201643.887344
/home/nikhil/workspace/xeon-fft-bench/src/gpu/latest_run/64k_batch/20260225_144327/runs/run01/fft_benchmark_gpu_20260225_144327.log,fft_benchmark_gpu_20260225_144327,cufft_gpu,throughput,n2097152_b2,2097152,2,1,0.236749,1860.207685,0.238126,1849.446031,64.0,compute,20260225_144327,/home/nikhil/workspace/xeon-fft-bench/src/gpu/latest_run/64k_batch/20260225_144327/manifest.tsv,1,440402309.21606505,440401185.577906
/home/nikhil/workspace/xeon-fft-bench/src/gpu/latest_run/64k_batch/20260225_144327/runs/run01/fft_benchmark_gpu_20260225_144327.log,fft_benchmark_gpu_20260225_144327,cufft_gpu,throughput,n2097152_b4,2097152,4,1,0.454195,1939.262709,0.454195,1939.262709,128.0,compute,20260225_144327,/home/nikhil/workspace/xeon-fft-bench/src/gpu/latest_run/64k_batch/20260225_144327/manifest.tsv,1,880803426.1142551,880803426.1142551
/home/nikhil/workspace/xeon-fft-bench/src/gpu/latest_run/64k_batch/20260225_144327/runs/run01/fft_benchmark_gpu_20260225_144327.log,fft_benchmark_gpu_20260225_144327,cufft_gpu,throughput,n2097152_b8,2097152,8,1,0.838242,2101.551305,0.840195,2096.664827,256.0,compute,20260225_144327,/home/nikhil/workspace/xeon-fft-bench/src/gpu/latest_run/64k_batch/20260225_144327/manifest.tsv,1,1761608569.00581,1761607304.321265
/home/nikhil/workspace/xeon-fft-bench/src/gpu/latest_run/64k_batch/20260225_144327/runs/run01/fft_benchmark_gpu_20260225_144327.log,fft_benchmark_gpu_20260225_144327,cufft_gpu,throughput,n2097152_b16,2097152,16,1,1.649608,2135.789397,1.649138,2136.398547,512.0,compute,20260225_144327,/home/nikhil/workspace/xeon-fft-bench/src/gpu/latest_run/64k_batch/20260225_144327/manifest.tsv,1,3523215275.606376,3523216027.0024858
/home/nikhil/workspace/xeon-fft-bench/src/gpu/latest_run/64k_batch/20260225_144327/runs/run01/fft_benchmark_gpu_20260225_144327.log,fft_benchmark_gpu_20260225_144327,cufft_gpu,throughput,n2097152_b32,2097152,32,1,3.280883,2147.723849,3.278643,2149.191188,1024.0,compute,20260225_144327,/home/nikhil/workspace/xeon-fft-bench/src/gpu/latest_run/64k_batch/20260225_144327/manifest.tsv,1,7046430664.878668,7046430644.197884
/home/nikhil/workspace/xeon-fft-bench/src/gpu/latest_run/64k_batch/20260225_144327/runs/run01/fft_benchmark_gpu_20260225_144327.log,fft_benchmark_gpu_20260225_144327,cufft_gpu,throughput,n2097152_b64,2097152,64,1,6.527539,2158.985386,6.527685,2158.937189,2048.0,compute,20260225_144327,/home/nikhil/workspace/xeon-fft-bench/src/gpu/latest_run/64k_batch/20260225_144327/manifest.tsv,1,14092861307.545052,14092861904.577467
/home/nikhil/workspace/xeon-fft-bench/src/gpu/latest_run/64k_batch/20260225_144327/runs/run01/fft_benchmark_gpu_20260225_144327.log,fft_benchmark_gpu_20260225_144327,cufft_gpu,throughput,n2097152_b128,2097152,128,1,13.027318,2163.586034,13.021951,2164.477676,4096.0,compute,20260225_144327,/home/nikhil/workspace/xeon-fft-bench/src/gpu/latest_run/64k_batch/20260225_144327/manifest.tsv,1,28185723285.27681,28185722237.465874
/home/nikhil/workspace/xeon-fft-bench/src/gpu/latest_run/64k_batch/20260225_144327/runs/run01/fft_benchmark_gpu_20260225_144327.log,fft_benchmark_gpu_20260225_144327,cufft_gpu,throughput,n4194304_b1,4194304,1,1,0.260699,1769.75395,0.259533,1777.707571,64.0,compute,20260225_144327,/home/nikhil/workspace/xeon-fft-bench/src/gpu/latest_run/64k_batch/20260225_144327/manifest.tsv,1,461373085.01105005,461373779.02434295
/home/nikhil/workspace/xeon-fft-bench/src/gpu/latest_run/64k_batch/20260225_144327/runs/run01/fft_benchmark_gpu_20260225_144327.log,fft_benchmark_gpu_20260225_144327,cufft_gpu,throughput,n4194304_b2,4194304,2,1,0.509952,1809.477838,0.510872,1806.219389,128.0,compute,20260225_144327,/home/nikhil/workspace/xeon-fft-bench/src/gpu/latest_run/64k_batch/20260225_144327/manifest.tsv,1,922746842.4437759,922746911.697208
/home/nikhil/workspace/xeon-fft-bench/src/gpu/latest_run/64k_batch/20260225_144327/runs/run01/fft_benchmark_gpu_20260225_144327.log,fft_benchmark_gpu_20260225_144327,cufft_gpu,throughput,n4194304_b4,4194304,4,1,0.949606,1943.430166,0.949494,1943.659525,256.0,compute,20260225_144327,/home/nikhil/workspace/xeon-fft-bench/src/gpu/latest_run/64k_batch/20260225_144327/manifest.tsv,1,1845492946.214596,1845493057.03035
/home/nikhil/workspace/xeon-fft-bench/src/gpu/latest_run/64k_batch/20260225_144327/runs/run01/fft_benchmark_gpu_20260225_144327.log,fft_benchmark_gpu_20260225_144327,cufft_gpu,throughput,n4194304_b8,4194304,8,1,1.879437,1963.879484,1.877965,1965.418923,512.0,compute,20260225_144327,/home/nikhil/workspace/xeon-fft-bench/src/gpu/latest_run/64k_batch/20260225_144327/manifest.tsv,1,3690987765.7705083,3690987947.7316947
/home/nikhil/workspace/xeon-fft-bench/src/gpu/latest_run/64k_batch/20260225_144327/runs/run01/fft_benchmark_gpu_20260225_144327.log,fft_benchmark_gpu_20260225_144327,cufft_gpu,throughput,n4194304_b16,4194304,16,1,3.721818,1983.432687,3.726643,1980.864361,1024.0,compute,20260225_144327,/home/nikhil/workspace/xeon-fft-bench/src/gpu/latest_run/64k_batch/20260225_144327/manifest.tsv,1,7381975476.264965,7381974304.870123
/home/nikhil/workspace/xeon-fft-bench/src/gpu/latest_run/64k_batch/20260225_144327/runs/run01/fft_benchmark_gpu_20260225_144327.log,fft_benchmark_gpu_20260225_144327,cufft_gpu,throughput,n4194304_b32,4194304,32,1,7.438182,1984.886891,7.379302,2000.724411,2048.0,compute,20260225_144327,/home/nikhil/workspace/xeon-fft-bench/src/gpu/latest_run/64k_batch/20260225_144327/manifest.tsv,1,14763949944.672163,14763949647.541122
/home/nikhil/workspace/xeon-fft-bench/src/gpu/latest_run/64k_batch/20260225_144327/runs/run01/fft_benchmark_gpu_20260225_144327.log,fft_benchmark_gpu_20260225_144327,cufft_gpu,throughput,n4194304_b64,4194304,64,1,14.781337,1997.647453,14.564041,2027.4524,4096.0,compute,20260225_144327,/home/nikhil/workspace/xeon-fft-bench/src/gpu/latest_run/64k_batch/20260225_144327/manifest.tsv,1,29527900209.98466,29527899879.148396
