[SETUP] Sourcing Intel oneAPI environment if available...

============================================================
  FFT BENCHMARK RUN (1D)
  Date       : Wed Feb 25 13:19:47 IST 2026
  Hostname   : amdtoolsserver.morphingmachines
  Log file   : /home/nikhil/workspace/xeon-fft-bench/src/1-d-fft/fft_logs/latest_run/64k_batch/20260225_131947/runs/run01/fft_benchmark_20260225_131947.log
  Report file: /home/nikhil/workspace/xeon-fft-bench/src/1-d-fft/fft_logs/latest_run/64k_batch/20260225_131947/runs/run01/fft_benchmark_20260225_131947.report.md
============================================================

[CHECK] MKL environment
        MKLROOT     = /home/nikhil/.local
        Include dir = /home/nikhil/.local/include
        Lib dir     = /home/nikhil/.local/lib
        Runtime lib = -l:libmkl_rt.so.2

[CHECK] Compiler: gcc (GCC) 8.5.0 20210514 (Red Hat 8.5.0-22)

[COMPILE] gcc -O3 -march=native -std=c99 fft_benchmark.c
          Binary: fft_benchmark

[CONFIG] timed runs=20, warmup=5, mem_cap_mb=3072
[CONFIG] run profiles=baseline_sse42_1t,avx512_phys,avx512_logical
[CONFIG] throughput lengths=32,64,128,256,512,1024,2048,4096,8192,16384,32768,65536,131072,262144,524288,1048576,2097152,4194304, batches=1,2,4,8,16,32,64,128,256,512,1024,2048,4096,8192,16384,32768,65536
[CONFIG] thread scaling set=1,2,4,8,10,20, scale length=16384, scale batch=64
[CONFIG] batch scaling set=1,4,16,64,256, scale length=16384
[WARN] throughput lengths include values < 1024.
       For 1D multithread runs, tiny lengths are overhead-dominated and can look falsely slow.

============================================================
RUN PROFILE: baseline_sse42_1t
Description : MKL SSE4.2 baseline, single thread (CPU path, no AVX2/AVX512 kernels)
ISA         : SSE4_2
Threads     : 1
Workload    : throughput
============================================================
PROFILE|baseline_sse42_1t|MKL SSE4.2 baseline, single thread (CPU path, no AVX2/AVX512 kernels)|SSE4_2|1|throughput|32,64,128,256,512,1024,2048,4096,8192,16384,32768,65536,131072,262144,524288,1048576,2097152,4194304|1,2,4,8,16,32,64,128,256,512,1024,2048,4096,8192,16384,32768,65536|1,2,4,8,10,20|16384|64|10

############################################################
# FFT BENCHMARK (Intel oneMKL DFTI, 1D, single precision)  #
############################################################
profile_id       : baseline_sse42_1t
profile_desc     : MKL SSE4.2 baseline, single thread (CPU path, no AVX2/AVX512 kernels)
workload         : throughput
threads(cli)     : 1
mkl max threads  : 1
timed runs       : 20
warmup runs      : 5
mem cap (MB)     : 3072.0
lengths: 32,64,128,256,512,1024,2048,4096,8192,16384,32768,65536,131072,262144,524288,1048576,2097152,4194304
batches: 1,2,4,8,16,32,64,128,256,512,1024,2048,4096,8192,16384,32768,65536
thread_set: 1,2,4,8,10,20
batch_scale_set: 1,2,4,8,16,32,64,128,256,512,1024,2048,4096,8192,16384,32768,65536
scale_length     : 16384
scale_batch      : 64
scale_threads    : 10


====================================================================
WORKLOAD: throughput (length x batch at fixed thread count)
====================================================================
threads=1
[run ] n32_b1           | Len:     32 | Batch:     1 | Thr: 1 | Fwd:    0.0000 ms    17.62 GF/s | Bwd:    0.0000 ms    17.33 GF/s | Mem:   0.00 MB
RESULT|baseline_sse42_1t|throughput|n32_b1|32|1|1|1|1|0.000045|17.623126|0.000046|17.331835|0.00
[run ] n32_b2           | Len:     32 | Batch:     2 | Thr: 1 | Fwd:    0.0001 ms    24.12 GF/s | Bwd:    0.0001 ms    23.08 GF/s | Mem:   0.00 MB
RESULT|baseline_sse42_1t|throughput|n32_b2|32|1|1|2|1|0.000066|24.122525|0.000069|23.077326|0.00
[run ] n32_b4           | Len:     32 | Batch:     4 | Thr: 1 | Fwd:    0.0001 ms    27.82 GF/s | Bwd:    0.0001 ms    27.39 GF/s | Mem:   0.00 MB
RESULT|baseline_sse42_1t|throughput|n32_b4|32|1|1|4|1|0.000115|27.822912|0.000117|27.391373|0.00
[run ] n32_b8           | Len:     32 | Batch:     8 | Thr: 1 | Fwd:    0.0002 ms    29.51 GF/s | Bwd:    0.0002 ms    28.73 GF/s | Mem:   0.00 MB
RESULT|baseline_sse42_1t|throughput|n32_b8|32|1|1|8|1|0.000217|29.511374|0.000223|28.734260|0.00
[run ] n32_b16          | Len:     32 | Batch:    16 | Thr: 1 | Fwd:    0.0004 ms    31.24 GF/s | Bwd:    0.0004 ms    30.58 GF/s | Mem:   0.01 MB
RESULT|baseline_sse42_1t|throughput|n32_b16|32|1|1|16|1|0.000410|31.235217|0.000419|30.583964|0.01
[run ] n32_b32          | Len:     32 | Batch:    32 | Thr: 1 | Fwd:    0.0008 ms    32.22 GF/s | Bwd:    0.0008 ms    31.65 GF/s | Mem:   0.02 MB
RESULT|baseline_sse42_1t|throughput|n32_b32|32|1|1|32|1|0.000795|32.215476|0.000809|31.651392|0.02
[run ] n32_b64          | Len:     32 | Batch:    64 | Thr: 1 | Fwd:    0.0016 ms    32.81 GF/s | Bwd:    0.0016 ms    32.13 GF/s | Mem:   0.03 MB
RESULT|baseline_sse42_1t|throughput|n32_b64|32|1|1|64|1|0.001561|32.809051|0.001593|32.132566|0.03
[run ] n32_b128         | Len:     32 | Batch:   128 | Thr: 1 | Fwd:    0.0031 ms    32.96 GF/s | Bwd:    0.0032 ms    32.37 GF/s | Mem:   0.06 MB
RESULT|baseline_sse42_1t|throughput|n32_b128|32|1|1|128|1|0.003107|32.959614|0.003163|32.374288|0.06
[run ] n32_b256         | Len:     32 | Batch:   256 | Thr: 1 | Fwd:    0.0062 ms    33.23 GF/s | Bwd:    0.0063 ms    32.54 GF/s | Mem:   0.12 MB
RESULT|baseline_sse42_1t|throughput|n32_b256|32|1|1|256|1|0.006162|33.234807|0.006294|32.539850|0.12
[run ] n32_b512         | Len:     32 | Batch:   512 | Thr: 1 | Fwd:    0.0122 ms    33.46 GF/s | Bwd:    0.0126 ms    32.43 GF/s | Mem:   0.25 MB
RESULT|baseline_sse42_1t|throughput|n32_b512|32|1|1|512|1|0.012243|33.456676|0.012629|32.432104|0.25
[run ] n32_b1024        | Len:     32 | Batch:  1024 | Thr: 1 | Fwd:    0.0245 ms    33.41 GF/s | Bwd:    0.0254 ms    32.24 GF/s | Mem:   0.50 MB
RESULT|baseline_sse42_1t|throughput|n32_b1024|32|1|1|1024|1|0.024520|33.409180|0.025409|32.240929|0.50
[run ] n32_b2048        | Len:     32 | Batch:  2048 | Thr: 1 | Fwd:    0.0499 ms    32.85 GF/s | Bwd:    0.0524 ms    31.26 GF/s | Mem:   1.00 MB
RESULT|baseline_sse42_1t|throughput|n32_b2048|32|1|1|2048|1|0.049880|32.847128|0.052409|31.261647|1.00
[run ] n32_b4096        | Len:     32 | Batch:  4096 | Thr: 1 | Fwd:    0.1053 ms    31.12 GF/s | Bwd:    0.1065 ms    30.76 GF/s | Mem:   2.00 MB
RESULT|baseline_sse42_1t|throughput|n32_b4096|32|1|1|4096|1|0.105299|31.118963|0.106532|30.758860|2.00
[run ] n32_b8192        | Len:     32 | Batch:  8192 | Thr: 1 | Fwd:    0.2042 ms    32.10 GF/s | Bwd:    0.2023 ms    32.39 GF/s | Mem:   4.00 MB
RESULT|baseline_sse42_1t|throughput|n32_b8192|32|1|1|8192|1|0.204172|32.098361|0.202326|32.391341|4.00
[run ] n32_b16384       | Len:     32 | Batch: 16384 | Thr: 1 | Fwd:    0.3970 ms    33.02 GF/s | Bwd:    0.4197 ms    31.23 GF/s | Mem:   8.00 MB
RESULT|baseline_sse42_1t|throughput|n32_b16384|32|1|1|16384|1|0.396986|33.016745|0.419708|31.229348|8.00
[run ] n32_b32768       | Len:     32 | Batch: 32768 | Thr: 1 | Fwd:    0.9506 ms    27.58 GF/s | Bwd:    0.9703 ms    27.02 GF/s | Mem:  16.00 MB
RESULT|baseline_sse42_1t|throughput|n32_b32768|32|1|1|32768|1|0.950606|27.576513|0.970321|27.016223|16.00
[run ] n32_b65536       | Len:     32 | Batch: 65536 | Thr: 1 | Fwd:    2.1686 ms    24.18 GF/s | Bwd:    2.2445 ms    23.36 GF/s | Mem:  32.00 MB
RESULT|baseline_sse42_1t|throughput|n32_b65536|32|1|1|65536|1|2.168604|24.176286|2.244496|23.358829|32.00
[run ] n64_b1           | Len:     64 | Batch:     1 | Thr: 1 | Fwd:    0.0001 ms    21.19 GF/s | Bwd:    0.0001 ms    21.34 GF/s | Mem:   0.00 MB
RESULT|baseline_sse42_1t|throughput|n64_b1|64|1|1|1|1|0.000091|21.192273|0.000090|21.338272|0.00
[run ] n64_b2           | Len:     64 | Batch:     2 | Thr: 1 | Fwd:    0.0002 ms    23.62 GF/s | Bwd:    0.0002 ms    23.53 GF/s | Mem:   0.00 MB
RESULT|baseline_sse42_1t|throughput|n64_b2|64|1|1|2|1|0.000163|23.616023|0.000163|23.533208|0.00
[run ] n64_b4           | Len:     64 | Batch:     4 | Thr: 1 | Fwd:    0.0003 ms    25.86 GF/s | Bwd:    0.0003 ms    24.99 GF/s | Mem:   0.00 MB
RESULT|baseline_sse42_1t|throughput|n64_b4|64|1|1|4|1|0.000297|25.856682|0.000307|24.993990|0.00
[run ] n64_b8           | Len:     64 | Batch:     8 | Thr: 1 | Fwd:    0.0006 ms    25.89 GF/s | Bwd:    0.0008 ms    19.74 GF/s | Mem:   0.01 MB
RESULT|baseline_sse42_1t|throughput|n64_b8|64|1|1|8|1|0.000593|25.887852|0.000778|19.742740|0.01
[run ] n64_b16          | Len:     64 | Batch:    16 | Thr: 1 | Fwd:    0.0012 ms    26.66 GF/s | Bwd:    0.0012 ms    26.12 GF/s | Mem:   0.02 MB
RESULT|baseline_sse42_1t|throughput|n64_b16|64|1|1|16|1|0.001152|26.659153|0.001176|26.121927|0.02
[run ] n64_b32          | Len:     64 | Batch:    32 | Thr: 1 | Fwd:    0.0023 ms    26.65 GF/s | Bwd:    0.0024 ms    26.06 GF/s | Mem:   0.03 MB
RESULT|baseline_sse42_1t|throughput|n64_b32|64|1|1|32|1|0.002305|26.653087|0.002358|26.060641|0.03
[run ] n64_b64          | Len:     64 | Batch:    64 | Thr: 1 | Fwd:    0.0051 ms    23.87 GF/s | Bwd:    0.0047 ms    26.32 GF/s | Mem:   0.06 MB
RESULT|baseline_sse42_1t|throughput|n64_b64|64|1|1|64|1|0.005148|23.870876|0.004668|26.324998|0.06
[run ] n64_b128         | Len:     64 | Batch:   128 | Thr: 1 | Fwd:    0.0090 ms    27.31 GF/s | Bwd:    0.0094 ms    26.10 GF/s | Mem:   0.12 MB
RESULT|baseline_sse42_1t|throughput|n64_b128|64|1|1|128|1|0.008999|27.308212|0.009417|26.098118|0.12
[run ] n64_b256         | Len:     64 | Batch:   256 | Thr: 1 | Fwd:    0.0180 ms    27.30 GF/s | Bwd:    0.0187 ms    26.31 GF/s | Mem:   0.25 MB
RESULT|baseline_sse42_1t|throughput|n64_b256|64|1|1|256|1|0.018002|27.303366|0.018680|26.313238|0.25
[run ] n64_b512         | Len:     64 | Batch:   512 | Thr: 1 | Fwd:    0.0374 ms    26.26 GF/s | Bwd:    0.0372 ms    26.46 GF/s | Mem:   0.50 MB
RESULT|baseline_sse42_1t|throughput|n64_b512|64|1|1|512|1|0.037431|26.262655|0.037157|26.456380|0.50
[run ] n64_b1024        | Len:     64 | Batch:  1024 | Thr: 1 | Fwd:    0.0784 ms    25.09 GF/s | Bwd:    0.0813 ms    24.18 GF/s | Mem:   1.00 MB
RESULT|baseline_sse42_1t|throughput|n64_b1024|64|1|1|1024|1|0.078376|25.085289|0.081307|24.180878|1.00
[run ] n64_b2048        | Len:     64 | Batch:  2048 | Thr: 1 | Fwd:    0.1544 ms    25.46 GF/s | Bwd:    0.1592 ms    24.69 GF/s | Mem:   2.00 MB
RESULT|baseline_sse42_1t|throughput|n64_b2048|64|1|1|2048|1|0.154430|25.462385|0.159240|24.693351|2.00
[run ] n64_b4096        | Len:     64 | Batch:  4096 | Thr: 1 | Fwd:    0.3004 ms    26.18 GF/s | Bwd:    0.3041 ms    25.86 GF/s | Mem:   4.00 MB
RESULT|baseline_sse42_1t|throughput|n64_b4096|64|1|1|4096|1|0.300439|26.176098|0.304096|25.861288|4.00
[run ] n64_b8192        | Len:     64 | Batch:  8192 | Thr: 1 | Fwd:    0.6065 ms    25.93 GF/s | Bwd:    0.6048 ms    26.00 GF/s | Mem:   8.00 MB
RESULT|baseline_sse42_1t|throughput|n64_b8192|64|1|1|8192|1|0.606550|25.931330|0.604831|26.004997|8.00
[run ] n64_b16384       | Len:     64 | Batch: 16384 | Thr: 1 | Fwd:    1.3713 ms    22.94 GF/s | Bwd:    1.4192 ms    22.17 GF/s | Mem:  16.00 MB
RESULT|baseline_sse42_1t|throughput|n64_b16384|64|1|1|16384|1|1.371263|22.940367|1.419217|22.165235|16.00
[run ] n64_b32768       | Len:     64 | Batch: 32768 | Thr: 1 | Fwd:    3.0594 ms    20.56 GF/s | Bwd:    3.2807 ms    19.18 GF/s | Mem:  32.00 MB
RESULT|baseline_sse42_1t|throughput|n64_b32768|64|1|1|32768|1|3.059379|20.564486|3.280677|19.177308|32.00
[run ] n64_b65536       | Len:     64 | Batch: 65536 | Thr: 1 | Fwd:    6.1431 ms    20.48 GF/s | Bwd:    6.2894 ms    20.01 GF/s | Mem:  64.00 MB
RESULT|baseline_sse42_1t|throughput|n64_b65536|64|1|1|65536|1|6.143071|20.483096|6.289417|20.006484|64.00
[run ] n128_b1          | Len:    128 | Batch:     1 | Thr: 1 | Fwd:    0.0002 ms    28.48 GF/s | Bwd:    0.0002 ms    28.06 GF/s | Mem:   0.00 MB
RESULT|baseline_sse42_1t|throughput|n128_b1|128|1|1|1|1|0.000157|28.479057|0.000160|28.062249|0.00
[run ] n128_b2          | Len:    128 | Batch:     2 | Thr: 1 | Fwd:    0.0003 ms    30.42 GF/s | Bwd:    0.0003 ms    29.79 GF/s | Mem:   0.00 MB
RESULT|baseline_sse42_1t|throughput|n128_b2|128|1|1|2|1|0.000295|30.420078|0.000301|29.793058|0.00
[run ] n128_b4          | Len:    128 | Batch:     4 | Thr: 1 | Fwd:    0.0006 ms    30.62 GF/s | Bwd:    0.0008 ms    22.63 GF/s | Mem:   0.01 MB
RESULT|baseline_sse42_1t|throughput|n128_b4|128|1|1|4|1|0.000585|30.623341|0.000792|22.630955|0.01
[run ] n128_b8          | Len:    128 | Batch:     8 | Thr: 1 | Fwd:    0.0011 ms    31.55 GF/s | Bwd:    0.0012 ms    31.16 GF/s | Mem:   0.02 MB
RESULT|baseline_sse42_1t|throughput|n128_b8|128|1|1|8|1|0.001136|31.548828|0.001150|31.160370|0.02
[run ] n128_b16         | Len:    128 | Batch:    16 | Thr: 1 | Fwd:    0.0023 ms    31.61 GF/s | Bwd:    0.0023 ms    31.12 GF/s | Mem:   0.03 MB
RESULT|baseline_sse42_1t|throughput|n128_b16|128|1|1|16|1|0.002267|31.614515|0.002303|31.119086|0.03
[run ] n128_b32         | Len:    128 | Batch:    32 | Thr: 1 | Fwd:    0.0046 ms    31.48 GF/s | Bwd:    0.0046 ms    30.92 GF/s | Mem:   0.06 MB
RESULT|baseline_sse42_1t|throughput|n128_b32|128|1|1|32|1|0.004553|31.484733|0.004636|30.924153|0.06
[run ] n128_b64         | Len:    128 | Batch:    64 | Thr: 1 | Fwd:    0.0090 ms    31.69 GF/s | Bwd:    0.0093 ms    30.73 GF/s | Mem:   0.12 MB
RESULT|baseline_sse42_1t|throughput|n128_b64|128|1|1|64|1|0.009046|31.694502|0.009331|30.726308|0.12
[run ] n128_b128        | Len:    128 | Batch:   128 | Thr: 1 | Fwd:    0.0181 ms    31.70 GF/s | Bwd:    0.0184 ms    31.15 GF/s | Mem:   0.25 MB
RESULT|baseline_sse42_1t|throughput|n128_b128|128|1|1|128|1|0.018089|31.701353|0.018412|31.145359|0.25
[run ] n128_b256        | Len:    128 | Batch:   256 | Thr: 1 | Fwd:    0.0346 ms    33.19 GF/s | Bwd:    0.0363 ms    31.57 GF/s | Mem:   0.50 MB
RESULT|baseline_sse42_1t|throughput|n128_b256|128|1|1|256|1|0.034551|33.194241|0.036329|31.569326|0.50
[run ] n128_b512        | Len:    128 | Batch:   512 | Thr: 1 | Fwd:    0.0723 ms    31.73 GF/s | Bwd:    0.0737 ms    31.12 GF/s | Mem:   1.00 MB
RESULT|baseline_sse42_1t|throughput|n128_b512|128|1|1|512|1|0.072292|31.728955|0.073703|31.121562|1.00
[run ] n128_b1024       | Len:    128 | Batch:  1024 | Thr: 1 | Fwd:    0.1495 ms    30.68 GF/s | Bwd:    0.1567 ms    29.27 GF/s | Mem:   2.00 MB
RESULT|baseline_sse42_1t|throughput|n128_b1024|128|1|1|1024|1|0.149510|30.683680|0.156710|29.273900|2.00
[run ] n128_b2048       | Len:    128 | Batch:  2048 | Thr: 1 | Fwd:    0.2951 ms    31.10 GF/s | Bwd:    0.3047 ms    30.11 GF/s | Mem:   4.00 MB
RESULT|baseline_sse42_1t|throughput|n128_b2048|128|1|1|2048|1|0.295053|31.096253|0.304735|30.108245|4.00
[run ] n128_b4096       | Len:    128 | Batch:  4096 | Thr: 1 | Fwd:    0.5996 ms    30.60 GF/s | Bwd:    0.6218 ms    29.51 GF/s | Mem:   8.00 MB
RESULT|baseline_sse42_1t|throughput|n128_b4096|128|1|1|4096|1|0.599594|30.604157|0.621761|29.513082|8.00
[run ] n128_b8192       | Len:    128 | Batch:  8192 | Thr: 1 | Fwd:    1.3892 ms    26.42 GF/s | Bwd:    1.3980 ms    26.25 GF/s | Mem:  16.00 MB
RESULT|baseline_sse42_1t|throughput|n128_b8192|128|1|1|8192|1|1.389245|26.417350|1.397979|26.252300|16.00
[run ] n128_b16384      | Len:    128 | Batch: 16384 | Thr: 1 | Fwd:    3.1953 ms    22.97 GF/s | Bwd:    3.3681 ms    21.79 GF/s | Mem:  32.00 MB
RESULT|baseline_sse42_1t|throughput|n128_b16384|128|1|1|16384|1|3.195337|22.971070|3.368123|21.792649|32.00
[run ] n128_b32768      | Len:    128 | Batch: 32768 | Thr: 1 | Fwd:    7.0751 ms    20.75 GF/s | Bwd:    6.9021 ms    21.27 GF/s | Mem:  64.00 MB
RESULT|baseline_sse42_1t|throughput|n128_b32768|128|1|1|32768|1|7.075105|20.748900|6.902132|21.268883|64.00
[run ] n128_b65536      | Len:    128 | Batch: 65536 | Thr: 1 | Fwd:   13.7612 ms    21.34 GF/s | Bwd:   13.9517 ms    21.04 GF/s | Mem: 128.00 MB
RESULT|baseline_sse42_1t|throughput|n128_b65536|128|1|1|65536|1|13.761245|21.335372|13.951743|21.044057|128.00
[run ] n256_b1          | Len:    256 | Batch:     1 | Thr: 1 | Fwd:    0.0003 ms    32.13 GF/s | Bwd:    0.0003 ms    31.58 GF/s | Mem:   0.00 MB
RESULT|baseline_sse42_1t|throughput|n256_b1|256|1|1|1|1|0.000319|32.128720|0.000324|31.580642|0.00
[run ] n256_b2          | Len:    256 | Batch:     2 | Thr: 1 | Fwd:    0.0006 ms    32.51 GF/s | Bwd:    0.0006 ms    32.62 GF/s | Mem:   0.01 MB
RESULT|baseline_sse42_1t|throughput|n256_b2|256|1|1|2|1|0.000630|32.508078|0.000628|32.621657|0.01
[run ] n256_b4          | Len:    256 | Batch:     4 | Thr: 1 | Fwd:    0.0012 ms    33.08 GF/s | Bwd:    0.0012 ms    32.93 GF/s | Mem:   0.02 MB
RESULT|baseline_sse42_1t|throughput|n256_b4|256|1|1|4|1|0.001238|33.080196|0.001244|32.926766|0.02
[run ] n256_b8          | Len:    256 | Batch:     8 | Thr: 1 | Fwd:    0.0025 ms    33.14 GF/s | Bwd:    0.0025 ms    32.91 GF/s | Mem:   0.03 MB
RESULT|baseline_sse42_1t|throughput|n256_b8|256|1|1|8|1|0.002472|33.136984|0.002489|32.911627|0.03
[run ] n256_b16         | Len:    256 | Batch:    16 | Thr: 1 | Fwd:    0.0049 ms    33.15 GF/s | Bwd:    0.0050 ms    32.80 GF/s | Mem:   0.06 MB
RESULT|baseline_sse42_1t|throughput|n256_b16|256|1|1|16|1|0.004942|33.153930|0.004995|32.799781|0.06
[run ] n256_b32         | Len:    256 | Batch:    32 | Thr: 1 | Fwd:    0.0100 ms    32.76 GF/s | Bwd:    0.0099 ms    32.94 GF/s | Mem:   0.12 MB
RESULT|baseline_sse42_1t|throughput|n256_b32|256|1|1|32|1|0.010002|32.761939|0.009948|32.938444|0.12
[run ] n256_b64         | Len:    256 | Batch:    64 | Thr: 1 | Fwd:    0.0197 ms    33.19 GF/s | Bwd:    0.0191 ms    34.37 GF/s | Mem:   0.25 MB
RESULT|baseline_sse42_1t|throughput|n256_b64|256|1|1|64|1|0.019745|33.190920|0.019066|34.373574|0.25
[run ] n256_b128        | Len:    256 | Batch:   128 | Thr: 1 | Fwd:    0.0380 ms    34.48 GF/s | Bwd:    0.0379 ms    34.60 GF/s | Mem:   0.50 MB
RESULT|baseline_sse42_1t|throughput|n256_b128|256|1|1|128|1|0.038014|34.480247|0.037886|34.596160|0.50
[run ] n256_b256        | Len:    256 | Batch:   256 | Thr: 1 | Fwd:    0.0790 ms    33.17 GF/s | Bwd:    0.0808 ms    32.46 GF/s | Mem:   1.00 MB
RESULT|baseline_sse42_1t|throughput|n256_b256|256|1|1|256|1|0.079041|33.165711|0.080764|32.458214|1.00
[run ] n256_b512        | Len:    256 | Batch:   512 | Thr: 1 | Fwd:    0.1831 ms    28.63 GF/s | Bwd:    0.1848 ms    28.37 GF/s | Mem:   2.00 MB
RESULT|baseline_sse42_1t|throughput|n256_b512|256|1|1|512|1|0.183118|28.631125|0.184798|28.370804|2.00
[run ] n256_b1024       | Len:    256 | Batch:  1024 | Thr: 1 | Fwd:    0.3680 ms    28.50 GF/s | Bwd:    0.3586 ms    29.24 GF/s | Mem:   4.00 MB
RESULT|baseline_sse42_1t|throughput|n256_b1024|256|1|1|1024|1|0.367952|28.497622|0.358619|29.239239|4.00
[run ] n256_b2048       | Len:    256 | Batch:  2048 | Thr: 1 | Fwd:    0.7179 ms    29.21 GF/s | Bwd:    0.7345 ms    28.55 GF/s | Mem:   8.00 MB
RESULT|baseline_sse42_1t|throughput|n256_b2048|256|1|1|2048|1|0.717876|29.213282|0.734461|28.553617|8.00
[run ] n256_b4096       | Len:    256 | Batch:  4096 | Thr: 1 | Fwd:    1.6398 ms    25.58 GF/s | Bwd:    1.6930 ms    24.77 GF/s | Mem:  16.00 MB
RESULT|baseline_sse42_1t|throughput|n256_b4096|256|1|1|4096|1|1.639811|25.577978|1.692983|24.774640|16.00
[run ] n256_b8192       | Len:    256 | Batch:  8192 | Thr: 1 | Fwd:    3.7946 ms    22.11 GF/s | Bwd:    3.8036 ms    22.05 GF/s | Mem:  32.00 MB
RESULT|baseline_sse42_1t|throughput|n256_b8192|256|1|1|8192|1|3.794561|22.106926|3.803573|22.054549|32.00
[run ] n256_b16384      | Len:    256 | Batch: 16384 | Thr: 1 | Fwd:    8.8259 ms    19.01 GF/s | Bwd:    8.7085 ms    19.27 GF/s | Mem:  64.00 MB
RESULT|baseline_sse42_1t|throughput|n256_b16384|256|1|1|16384|1|8.825859|19.009159|8.708548|19.265227|64.00
[run ] n256_b32768      | Len:    256 | Batch: 32768 | Thr: 1 | Fwd:   17.4213 ms    19.26 GF/s | Bwd:   17.7067 ms    18.95 GF/s | Mem: 128.00 MB
RESULT|baseline_sse42_1t|throughput|n256_b32768|256|1|1|32768|1|17.421318|19.260559|17.706656|18.950181|128.00
[run ] n256_b65536      | Len:    256 | Batch: 65536 | Thr: 1 | Fwd:   34.8495 ms    19.26 GF/s | Bwd:   34.9322 ms    19.21 GF/s | Mem: 256.00 MB
RESULT|baseline_sse42_1t|throughput|n256_b65536|256|1|1|65536|1|34.849547|19.256739|34.932243|19.211152|256.00
[run ] n512_b1          | Len:    512 | Batch:     1 | Thr: 1 | Fwd:    0.0007 ms    33.68 GF/s | Bwd:    0.0007 ms    33.73 GF/s | Mem:   0.01 MB
RESULT|baseline_sse42_1t|throughput|n512_b1|512|1|1|1|1|0.000684|33.683083|0.000683|33.730110|0.01
[run ] n512_b2          | Len:    512 | Batch:     2 | Thr: 1 | Fwd:    0.0014 ms    33.84 GF/s | Bwd:    0.0014 ms    33.97 GF/s | Mem:   0.02 MB
RESULT|baseline_sse42_1t|throughput|n512_b2|512|1|1|2|1|0.001362|33.835217|0.001357|33.968422|0.02
[run ] n512_b4          | Len:    512 | Batch:     4 | Thr: 1 | Fwd:    0.0027 ms    34.05 GF/s | Bwd:    0.0027 ms    34.15 GF/s | Mem:   0.03 MB
RESULT|baseline_sse42_1t|throughput|n512_b4|512|1|1|4|1|0.002706|34.054009|0.002699|34.147870|0.03
[run ] n512_b8          | Len:    512 | Batch:     8 | Thr: 1 | Fwd:    0.0054 ms    34.06 GF/s | Bwd:    0.0054 ms    34.01 GF/s | Mem:   0.06 MB
RESULT|baseline_sse42_1t|throughput|n512_b8|512|1|1|8|1|0.005411|34.064813|0.005420|34.006973|0.06
[run ] n512_b16         | Len:    512 | Batch:    16 | Thr: 1 | Fwd:    0.0108 ms    34.16 GF/s | Bwd:    0.0109 ms    33.67 GF/s | Mem:   0.12 MB
RESULT|baseline_sse42_1t|throughput|n512_b16|512|1|1|16|1|0.010792|34.158431|0.010948|33.673400|0.12
[run ] n512_b32         | Len:    512 | Batch:    32 | Thr: 1 | Fwd:    0.0216 ms    34.18 GF/s | Bwd:    0.0229 ms    32.17 GF/s | Mem:   0.25 MB
RESULT|baseline_sse42_1t|throughput|n512_b32|512|1|1|32|1|0.021571|34.179045|0.022920|32.167288|0.25
[run ] n512_b64         | Len:    512 | Batch:    64 | Thr: 1 | Fwd:    0.0440 ms    33.53 GF/s | Bwd:    0.0425 ms    34.74 GF/s | Mem:   0.50 MB
RESULT|baseline_sse42_1t|throughput|n512_b64|512|1|1|64|1|0.043974|33.532310|0.042450|34.736358|0.50
[run ] n512_b128        | Len:    512 | Batch:   128 | Thr: 1 | Fwd:    0.1005 ms    29.36 GF/s | Bwd:    0.0939 ms    31.41 GF/s | Mem:   1.00 MB
RESULT|baseline_sse42_1t|throughput|n512_b128|512|1|1|128|1|0.100463|29.355143|0.093901|31.406817|1.00
[run ] n512_b256        | Len:    512 | Batch:   256 | Thr: 1 | Fwd:    0.2022 ms    29.18 GF/s | Bwd:    0.2013 ms    29.30 GF/s | Mem:   2.00 MB
RESULT|baseline_sse42_1t|throughput|n512_b256|512|1|1|256|1|0.202151|29.177361|0.201320|29.297775|2.00
[run ] n512_b512        | Len:    512 | Batch:   512 | Thr: 1 | Fwd:    0.4057 ms    29.08 GF/s | Bwd:    0.4211 ms    28.01 GF/s | Mem:   4.00 MB
RESULT|baseline_sse42_1t|throughput|n512_b512|512|1|1|512|1|0.405713|29.075945|0.421128|28.011636|4.00
[run ] n512_b1024       | Len:    512 | Batch:  1024 | Thr: 1 | Fwd:    0.8404 ms    28.07 GF/s | Bwd:    0.8490 ms    27.79 GF/s | Mem:   8.00 MB
RESULT|baseline_sse42_1t|throughput|n512_b1024|512|1|1|1024|1|0.840443|28.072058|0.848966|27.790229|8.00
[run ] n512_b2048       | Len:    512 | Batch:  2048 | Thr: 1 | Fwd:    1.8526 ms    25.47 GF/s | Bwd:    1.9334 ms    24.41 GF/s | Mem:  16.00 MB
RESULT|baseline_sse42_1t|throughput|n512_b2048|512|1|1|2048|1|1.852635|25.469630|1.933433|24.405253|16.00
[run ] n512_b4096       | Len:    512 | Batch:  4096 | Thr: 1 | Fwd:    4.3342 ms    21.77 GF/s | Bwd:    4.2390 ms    22.26 GF/s | Mem:  32.00 MB
RESULT|baseline_sse42_1t|throughput|n512_b4096|512|1|1|4096|1|4.334217|21.773678|4.239039|22.262557|32.00
[run ] n512_b8192       | Len:    512 | Batch:  8192 | Thr: 1 | Fwd:    9.1086 ms    20.72 GF/s | Bwd:    9.0542 ms    20.85 GF/s | Mem:  64.00 MB
RESULT|baseline_sse42_1t|throughput|n512_b8192|512|1|1|8192|1|9.108573|20.721541|9.054239|20.845892|64.00
[run ] n512_b16384      | Len:    512 | Batch: 16384 | Thr: 1 | Fwd:   18.4702 ms    20.44 GF/s | Bwd:   18.5090 ms    20.39 GF/s | Mem: 128.00 MB
RESULT|baseline_sse42_1t|throughput|n512_b16384|512|1|1|16384|1|18.470232|20.437607|18.508981|20.394821|128.00
[run ] n512_b32768      | Len:    512 | Batch: 32768 | Thr: 1 | Fwd:   36.9431 ms    20.44 GF/s | Bwd:   37.1520 ms    20.32 GF/s | Mem: 256.00 MB
RESULT|baseline_sse42_1t|throughput|n512_b32768|512|1|1|32768|1|36.943087|20.436157|37.152015|20.321232|256.00
[run ] n512_b65536      | Len:    512 | Batch: 65536 | Thr: 1 | Fwd:   74.1030 ms    20.38 GF/s | Bwd:   74.6328 ms    20.23 GF/s | Mem: 512.00 MB
RESULT|baseline_sse42_1t|throughput|n512_b65536|512|1|1|65536|1|74.102985|20.376365|74.632782|20.231719|512.00
[run ] n1024_b1         | Len:   1024 | Batch:     1 | Thr: 1 | Fwd:    0.0014 ms    37.45 GF/s | Bwd:    0.0014 ms    37.43 GF/s | Mem:   0.02 MB
RESULT|baseline_sse42_1t|throughput|n1024_b1|1024|1|1|1|1|0.001367|37.445225|0.001368|37.425647|0.02
[run ] n1024_b2         | Len:   1024 | Batch:     2 | Thr: 1 | Fwd:    0.0029 ms    34.87 GF/s | Bwd:    0.0029 ms    34.87 GF/s | Mem:   0.03 MB
RESULT|baseline_sse42_1t|throughput|n1024_b2|1024|1|1|2|1|0.002936|34.872504|0.002937|34.868540|0.03
[run ] n1024_b4         | Len:   1024 | Batch:     4 | Thr: 1 | Fwd:    0.0059 ms    34.94 GF/s | Bwd:    0.0059 ms    34.95 GF/s | Mem:   0.06 MB
RESULT|baseline_sse42_1t|throughput|n1024_b4|1024|1|1|4|1|0.005861|34.944571|0.005859|34.954809|0.06
[run ] n1024_b8         | Len:   1024 | Batch:     8 | Thr: 1 | Fwd:    0.0118 ms    34.78 GF/s | Bwd:    0.0120 ms    34.11 GF/s | Mem:   0.12 MB
RESULT|baseline_sse42_1t|throughput|n1024_b8|1024|1|1|8|1|0.011778|34.776641|0.012009|34.108157|0.12
[run ] n1024_b16        | Len:   1024 | Batch:    16 | Thr: 1 | Fwd:    0.0234 ms    34.98 GF/s | Bwd:    0.0231 ms    35.39 GF/s | Mem:   0.25 MB
RESULT|baseline_sse42_1t|throughput|n1024_b16|1024|1|1|16|1|0.023417|34.982853|0.023148|35.389648|0.25
[run ] n1024_b32        | Len:   1024 | Batch:    32 | Thr: 1 | Fwd:    0.0457 ms    35.82 GF/s | Bwd:    0.0493 ms    33.22 GF/s | Mem:   0.50 MB
RESULT|baseline_sse42_1t|throughput|n1024_b32|1024|1|1|32|1|0.045737|35.822366|0.049325|33.216525|0.50
[run ] n1024_b64        | Len:   1024 | Batch:    64 | Thr: 1 | Fwd:    0.0988 ms    33.16 GF/s | Bwd:    0.0989 ms    33.14 GF/s | Mem:   1.00 MB
RESULT|baseline_sse42_1t|throughput|n1024_b64|1024|1|1|64|1|0.098826|33.157433|0.098885|33.137591|1.00
[run ] n1024_b128       | Len:   1024 | Batch:   128 | Thr: 1 | Fwd:    0.2231 ms    29.37 GF/s | Bwd:    0.2284 ms    28.70 GF/s | Mem:   2.00 MB
RESULT|baseline_sse42_1t|throughput|n1024_b128|1024|1|1|128|1|0.223111|29.373775|0.228387|28.695145|2.00
[run ] n1024_b256       | Len:   1024 | Batch:   256 | Thr: 1 | Fwd:    0.4515 ms    29.03 GF/s | Bwd:    0.4557 ms    28.76 GF/s | Mem:   4.00 MB
RESULT|baseline_sse42_1t|throughput|n1024_b256|1024|1|1|256|1|0.451496|29.030605|0.455667|28.764870|4.00
[run ] n1024_b512       | Len:   1024 | Batch:   512 | Thr: 1 | Fwd:    0.9153 ms    28.64 GF/s | Bwd:    0.9342 ms    28.06 GF/s | Mem:   8.00 MB
RESULT|baseline_sse42_1t|throughput|n1024_b512|1024|1|1|512|1|0.915321|28.639573|0.934153|28.062212|8.00
[run ] n1024_b1024      | Len:   1024 | Batch:  1024 | Thr: 1 | Fwd:    2.1061 ms    24.89 GF/s | Bwd:    2.1385 ms    24.52 GF/s | Mem:  16.00 MB
RESULT|baseline_sse42_1t|throughput|n1024_b1024|1024|1|1|1024|1|2.106056|24.894303|2.138510|24.516506|16.00
[run ] n1024_b2048      | Len:   1024 | Batch:  2048 | Thr: 1 | Fwd:    5.0530 ms    20.75 GF/s | Bwd:    4.9269 ms    21.28 GF/s | Mem:  32.00 MB
RESULT|baseline_sse42_1t|throughput|n1024_b2048|1024|1|1|2048|1|5.053000|20.751552|4.926887|21.282731|32.00
[run ] n1024_b4096      | Len:   1024 | Batch:  4096 | Thr: 1 | Fwd:   11.2518 ms    18.64 GF/s | Bwd:   10.9714 ms    19.11 GF/s | Mem:  64.00 MB
RESULT|baseline_sse42_1t|throughput|n1024_b4096|1024|1|1|4096|1|11.251759|18.638436|10.971424|19.114675|64.00
[run ] n1024_b8192      | Len:   1024 | Batch:  8192 | Thr: 1 | Fwd:   22.5654 ms    18.59 GF/s | Bwd:   22.1158 ms    18.97 GF/s | Mem: 128.00 MB
RESULT|baseline_sse42_1t|throughput|n1024_b8192|1024|1|1|8192|1|22.565357|18.587359|22.115843|18.965156|128.00
[run ] n1024_b16384     | Len:   1024 | Batch: 16384 | Thr: 1 | Fwd:   44.8115 ms    18.72 GF/s | Bwd:   44.0077 ms    19.06 GF/s | Mem: 256.00 MB
RESULT|baseline_sse42_1t|throughput|n1024_b16384|1024|1|1|16384|1|44.811545|18.719747|44.007724|19.061672|256.00
[run ] n1024_b32768     | Len:   1024 | Batch: 32768 | Thr: 1 | Fwd:   90.0724 ms    18.63 GF/s | Bwd:   88.8916 ms    18.87 GF/s | Mem: 512.00 MB
RESULT|baseline_sse42_1t|throughput|n1024_b32768|1024|1|1|32768|1|90.072381|18.626371|88.891558|18.873801|512.00
[run ] n1024_b65536     | Len:   1024 | Batch: 65536 | Thr: 1 | Fwd:  179.1115 ms    18.73 GF/s | Bwd:  183.1452 ms    18.32 GF/s | Mem:1024.00 MB
RESULT|baseline_sse42_1t|throughput|n1024_b65536|1024|1|1|65536|1|179.111460|18.733828|183.145194|18.321219|1024.00
[run ] n2048_b1         | Len:   2048 | Batch:     1 | Thr: 1 | Fwd:    0.0031 ms    36.10 GF/s | Bwd:    0.0031 ms    36.04 GF/s | Mem:   0.03 MB
RESULT|baseline_sse42_1t|throughput|n2048_b1|2048|1|1|1|1|0.003121|36.095471|0.003126|36.035452|0.03
[run ] n2048_b2         | Len:   2048 | Batch:     2 | Thr: 1 | Fwd:    0.0063 ms    35.97 GF/s | Bwd:    0.0063 ms    35.98 GF/s | Mem:   0.06 MB
RESULT|baseline_sse42_1t|throughput|n2048_b2|2048|1|1|2|1|0.006263|35.967964|0.006262|35.976455|0.06
[run ] n2048_b4         | Len:   2048 | Batch:     4 | Thr: 1 | Fwd:    0.0140 ms    32.20 GF/s | Bwd:    0.0130 ms    34.71 GF/s | Mem:   0.12 MB
RESULT|baseline_sse42_1t|throughput|n2048_b4|2048|1|1|4|1|0.013992|32.201753|0.012980|34.711396|0.12
[run ] n2048_b8         | Len:   2048 | Batch:     8 | Thr: 1 | Fwd:    0.0274 ms    32.91 GF/s | Bwd:    0.0249 ms    36.15 GF/s | Mem:   0.25 MB
RESULT|baseline_sse42_1t|throughput|n2048_b8|2048|1|1|8|1|0.027385|32.905208|0.024925|36.153269|0.25
[run ] n2048_b16        | Len:   2048 | Batch:    16 | Thr: 1 | Fwd:    0.0498 ms    36.22 GF/s | Bwd:    0.0521 ms    34.60 GF/s | Mem:   0.50 MB
RESULT|baseline_sse42_1t|throughput|n2048_b16|2048|1|1|16|1|0.049752|36.224476|0.052084|34.602744|0.50
[run ] n2048_b32        | Len:   2048 | Batch:    32 | Thr: 1 | Fwd:    0.1122 ms    32.12 GF/s | Bwd:    0.1125 ms    32.05 GF/s | Mem:   1.00 MB
RESULT|baseline_sse42_1t|throughput|n2048_b32|2048|1|1|32|1|0.112213|32.121743|0.112474|32.047089|1.00
[run ] n2048_b64        | Len:   2048 | Batch:    64 | Thr: 1 | Fwd:    0.2474 ms    29.14 GF/s | Bwd:    0.2567 ms    28.09 GF/s | Mem:   2.00 MB
RESULT|baseline_sse42_1t|throughput|n2048_b64|2048|1|1|64|1|0.247431|29.135195|0.256680|28.085402|2.00
[run ] n2048_b128       | Len:   2048 | Batch:   128 | Thr: 1 | Fwd:    0.5036 ms    28.63 GF/s | Bwd:    0.5033 ms    28.65 GF/s | Mem:   4.00 MB
RESULT|baseline_sse42_1t|throughput|n2048_b128|2048|1|1|128|1|0.503632|28.627880|0.503287|28.647510|4.00
[run ] n2048_b256       | Len:   2048 | Batch:   256 | Thr: 1 | Fwd:    0.9964 ms    28.94 GF/s | Bwd:    1.0162 ms    28.38 GF/s | Mem:   8.00 MB
RESULT|baseline_sse42_1t|throughput|n2048_b256|2048|1|1|256|1|0.996365|28.941039|1.016237|28.375102|8.00
[run ] n2048_b512       | Len:   2048 | Batch:   512 | Thr: 1 | Fwd:    2.3394 ms    24.65 GF/s | Bwd:    2.2841 ms    25.25 GF/s | Mem:  16.00 MB
RESULT|baseline_sse42_1t|throughput|n2048_b512|2048|1|1|512|1|2.339362|24.652740|2.284122|25.248944|16.00
[run ] n2048_b1024      | Len:   2048 | Batch:  1024 | Thr: 1 | Fwd:    5.4840 ms    21.03 GF/s | Bwd:    5.3349 ms    21.62 GF/s | Mem:  32.00 MB
RESULT|baseline_sse42_1t|throughput|n2048_b1024|2048|1|1|1024|1|5.483956|21.032874|5.334859|21.620695|32.00
[run ] n2048_b2048      | Len:   2048 | Batch:  2048 | Thr: 1 | Fwd:   11.5590 ms    19.96 GF/s | Bwd:   11.3788 ms    20.27 GF/s | Mem:  64.00 MB
RESULT|baseline_sse42_1t|throughput|n2048_b2048|2048|1|1|2048|1|11.559030|19.957272|11.378833|20.273319|64.00
[run ] n2048_b4096      | Len:   2048 | Batch:  4096 | Thr: 1 | Fwd:   23.2711 ms    19.83 GF/s | Bwd:   22.9192 ms    20.13 GF/s | Mem: 128.00 MB
RESULT|baseline_sse42_1t|throughput|n2048_b4096|2048|1|1|4096|1|23.271055|19.826065|22.919188|20.130444|128.00
[run ] n2048_b8192      | Len:   2048 | Batch:  8192 | Thr: 1 | Fwd:   46.1561 ms    19.99 GF/s | Bwd:   45.7763 ms    20.16 GF/s | Mem: 256.00 MB
RESULT|baseline_sse42_1t|throughput|n2048_b8192|2048|1|1|8192|1|46.156090|19.991877|45.776315|20.157736|256.00
[run ] n2048_b16384     | Len:   2048 | Batch: 16384 | Thr: 1 | Fwd:   92.3383 ms    19.99 GF/s | Bwd:   92.6168 ms    19.93 GF/s | Mem: 512.00 MB
RESULT|baseline_sse42_1t|throughput|n2048_b16384|2048|1|1|16384|1|92.338332|19.986215|92.616819|19.926119|512.00
[run ] n2048_b32768     | Len:   2048 | Batch: 32768 | Thr: 1 | Fwd:  185.6575 ms    19.88 GF/s | Bwd:  189.4282 ms    19.48 GF/s | Mem:1024.00 MB
RESULT|baseline_sse42_1t|throughput|n2048_b32768|2048|1|1|32768|1|185.657503|19.880627|189.428229|19.484886|1024.00
[run ] n2048_b65536     | Len:   2048 | Batch: 65536 | Thr: 1 | Fwd:  375.1453 ms    19.68 GF/s | Bwd:  370.0230 ms    19.95 GF/s | Mem:2048.00 MB
RESULT|baseline_sse42_1t|throughput|n2048_b65536|2048|1|1|65536|1|375.145326|19.677641|370.022996|19.950044|2048.00
[run ] n4096_b1         | Len:   4096 | Batch:     1 | Thr: 1 | Fwd:    0.0078 ms    31.61 GF/s | Bwd:    0.0080 ms    30.84 GF/s | Mem:   0.06 MB
RESULT|baseline_sse42_1t|throughput|n4096_b1|4096|1|1|1|1|0.007774|31.614348|0.007968|30.844310|0.06
[run ] n4096_b2         | Len:   4096 | Batch:     2 | Thr: 1 | Fwd:    0.0154 ms    31.82 GF/s | Bwd:    0.0155 ms    31.62 GF/s | Mem:   0.12 MB
RESULT|baseline_sse42_1t|throughput|n4096_b2|4096|1|1|2|1|0.015448|31.818304|0.015544|31.620652|0.12
[run ] n4096_b4         | Len:   4096 | Batch:     4 | Thr: 1 | Fwd:    0.0310 ms    31.72 GF/s | Bwd:    0.0308 ms    31.87 GF/s | Mem:   0.25 MB
RESULT|baseline_sse42_1t|throughput|n4096_b4|4096|1|1|4|1|0.030990|31.721220|0.030848|31.867735|0.25
[run ] n4096_b8         | Len:   4096 | Batch:     8 | Thr: 1 | Fwd:    0.0616 ms    31.91 GF/s | Bwd:    0.0615 ms    31.97 GF/s | Mem:   0.50 MB
RESULT|baseline_sse42_1t|throughput|n4096_b8|4096|1|1|8|1|0.061614|31.909390|0.061494|31.971990|0.50
[run ] n4096_b16        | Len:   4096 | Batch:    16 | Thr: 1 | Fwd:    0.1341 ms    29.33 GF/s | Bwd:    0.1366 ms    28.78 GF/s | Mem:   1.00 MB
RESULT|baseline_sse42_1t|throughput|n4096_b16|4096|1|1|16|1|0.134088|29.325315|0.136621|28.781430|1.00
[run ] n4096_b32        | Len:   4096 | Batch:    32 | Thr: 1 | Fwd:    0.2832 ms    27.77 GF/s | Bwd:    0.2804 ms    28.05 GF/s | Mem:   2.00 MB
RESULT|baseline_sse42_1t|throughput|n4096_b32|4096|1|1|32|1|0.283199|27.769550|0.280358|28.051037|2.00
[run ] n4096_b64        | Len:   4096 | Batch:    64 | Thr: 1 | Fwd:    0.5537 ms    28.41 GF/s | Bwd:    0.5603 ms    28.07 GF/s | Mem:   4.00 MB
RESULT|baseline_sse42_1t|throughput|n4096_b64|4096|1|1|64|1|0.553678|28.407547|0.560320|28.070814|4.00
[run ] n4096_b128       | Len:   4096 | Batch:   128 | Thr: 1 | Fwd:    1.1770 ms    26.73 GF/s | Bwd:    1.1665 ms    26.97 GF/s | Mem:   8.00 MB
RESULT|baseline_sse42_1t|throughput|n4096_b128|4096|1|1|128|1|1.176980|26.727124|1.166473|26.967851|8.00
[run ] n4096_b256       | Len:   4096 | Batch:   256 | Thr: 1 | Fwd:    2.5985 ms    24.21 GF/s | Bwd:    2.5414 ms    24.76 GF/s | Mem:  16.00 MB
RESULT|baseline_sse42_1t|throughput|n4096_b256|4096|1|1|256|1|2.598532|24.211574|2.541425|24.755627|16.00
[run ] n4096_b512       | Len:   4096 | Batch:   512 | Thr: 1 | Fwd:    5.8170 ms    21.63 GF/s | Bwd:    5.6808 ms    22.15 GF/s | Mem:  32.00 MB
RESULT|baseline_sse42_1t|throughput|n4096_b512|4096|1|1|512|1|5.817042|21.631119|5.680841|22.149733|32.00
[run ] n4096_b1024      | Len:   4096 | Batch:  1024 | Thr: 1 | Fwd:   12.4455 ms    20.22 GF/s | Bwd:   12.2295 ms    20.58 GF/s | Mem:  64.00 MB
RESULT|baseline_sse42_1t|throughput|n4096_b1024|4096|1|1|1024|1|12.445540|20.220757|12.229541|20.577898|64.00
[run ] n4096_b2048      | Len:   4096 | Batch:  2048 | Thr: 1 | Fwd:   24.8666 ms    20.24 GF/s | Bwd:   24.5235 ms    20.52 GF/s | Mem: 128.00 MB
RESULT|baseline_sse42_1t|throughput|n4096_b2048|4096|1|1|2048|1|24.866587|20.240674|24.523539|20.523811|128.00
[run ] n4096_b4096      | Len:   4096 | Batch:  4096 | Thr: 1 | Fwd:   49.9668 ms    20.15 GF/s | Bwd:   50.0200 ms    20.12 GF/s | Mem: 256.00 MB
RESULT|baseline_sse42_1t|throughput|n4096_b4096|4096|1|1|4096|1|49.966776|20.146046|50.019956|20.124627|256.00
[run ] n4096_b8192      | Len:   4096 | Batch:  8192 | Thr: 1 | Fwd:  100.3747 ms    20.06 GF/s | Bwd:   99.8370 ms    20.17 GF/s | Mem: 512.00 MB
RESULT|baseline_sse42_1t|throughput|n4096_b8192|4096|1|1|8192|1|100.374718|20.057500|99.836991|20.165531|512.00
[run ] n4096_b16384     | Len:   4096 | Batch: 16384 | Thr: 1 | Fwd:  204.3487 ms    19.70 GF/s | Bwd:  209.9889 ms    19.17 GF/s | Mem:1024.00 MB
RESULT|baseline_sse42_1t|throughput|n4096_b16384|4096|1|1|16384|1|204.348732|19.704217|209.988912|19.174974|1024.00
[run ] n4096_b32768     | Len:   4096 | Batch: 32768 | Thr: 1 | Fwd:  414.4570 ms    19.43 GF/s | Bwd:  409.8245 ms    19.65 GF/s | Mem:2048.00 MB
RESULT|baseline_sse42_1t|throughput|n4096_b32768|4096|1|1|32768|1|414.457004|19.430396|409.824462|19.650032|2048.00
[skip] n4096_b65536     | Len:   4096 | Batch: 65536 | Thr: 1 | Mem: 4096.0 MB > limit 3072.0 MB
SKIP|baseline_sse42_1t|throughput|n4096_b65536|4096|1|1|65536|1|4096.00|memory_limit
[run ] n8192_b1         | Len:   8192 | Batch:     1 | Thr: 1 | Fwd:    0.0169 ms    31.44 GF/s | Bwd:    0.0166 ms    31.99 GF/s | Mem:   0.12 MB
RESULT|baseline_sse42_1t|throughput|n8192_b1|8192|1|1|1|1|0.016938|31.437502|0.016646|31.989375|0.12
[run ] n8192_b2         | Len:   8192 | Batch:     2 | Thr: 1 | Fwd:    0.0376 ms    28.29 GF/s | Bwd:    0.0333 ms    31.95 GF/s | Mem:   0.25 MB
RESULT|baseline_sse42_1t|throughput|n8192_b2|8192|1|1|2|1|0.037648|28.287285|0.033330|31.951847|0.25
[run ] n8192_b4         | Len:   8192 | Batch:     4 | Thr: 1 | Fwd:    0.0712 ms    29.90 GF/s | Bwd:    0.0682 ms    31.22 GF/s | Mem:   0.50 MB
RESULT|baseline_sse42_1t|throughput|n8192_b4|8192|1|1|4|1|0.071226|29.903697|0.068220|31.221563|0.50
[run ] n8192_b8         | Len:   8192 | Batch:     8 | Thr: 1 | Fwd:    0.1462 ms    29.13 GF/s | Bwd:    0.1364 ms    31.23 GF/s | Mem:   1.00 MB
RESULT|baseline_sse42_1t|throughput|n8192_b8|8192|1|1|8|1|0.146216|29.133967|0.136403|31.229782|1.00
[run ] n8192_b16        | Len:   8192 | Batch:    16 | Thr: 1 | Fwd:    0.3017 ms    28.24 GF/s | Bwd:    0.3018 ms    28.23 GF/s | Mem:   2.00 MB
RESULT|baseline_sse42_1t|throughput|n8192_b16|8192|1|1|16|1|0.301678|28.240942|0.301795|28.229979|2.00
[run ] n8192_b32        | Len:   8192 | Batch:    32 | Thr: 1 | Fwd:    0.6124 ms    27.82 GF/s | Bwd:    0.6063 ms    28.10 GF/s | Mem:   4.00 MB
RESULT|baseline_sse42_1t|throughput|n8192_b32|8192|1|1|32|1|0.612398|27.823992|0.606306|28.103557|4.00
[run ] n8192_b64        | Len:   8192 | Batch:    64 | Thr: 1 | Fwd:    1.2473 ms    27.32 GF/s | Bwd:    1.2612 ms    27.02 GF/s | Mem:   8.00 MB
RESULT|baseline_sse42_1t|throughput|n8192_b64|8192|1|1|64|1|1.247301|27.321969|1.261153|27.021878|8.00
[run ] n8192_b128       | Len:   8192 | Batch:   128 | Thr: 1 | Fwd:    2.7235 ms    25.03 GF/s | Bwd:    2.7349 ms    24.92 GF/s | Mem:  16.00 MB
RESULT|baseline_sse42_1t|throughput|n8192_b128|8192|1|1|128|1|2.723496|25.025713|2.734861|24.921718|16.00
[run ] n8192_b256       | Len:   8192 | Batch:   256 | Thr: 1 | Fwd:    6.1982 ms    21.99 GF/s | Bwd:    6.0930 ms    22.37 GF/s | Mem:  32.00 MB
RESULT|baseline_sse42_1t|throughput|n8192_b256|8192|1|1|256|1|6.198247|21.992490|6.093023|22.372290|32.00
[run ] n8192_b512       | Len:   8192 | Batch:   512 | Thr: 1 | Fwd:   13.1428 ms    20.74 GF/s | Bwd:   12.8948 ms    21.14 GF/s | Mem:  64.00 MB
RESULT|baseline_sse42_1t|throughput|n8192_b512|8192|1|1|512|1|13.142791|20.743673|12.894772|21.142658|64.00
[run ] n8192_b1024      | Len:   8192 | Batch:  1024 | Thr: 1 | Fwd:   26.6612 ms    20.45 GF/s | Bwd:   26.5538 ms    20.53 GF/s | Mem: 128.00 MB
RESULT|baseline_sse42_1t|throughput|n8192_b1024|8192|1|1|1024|1|26.661160|20.451455|26.553813|20.534133|128.00
[run ] n8192_b2048      | Len:   8192 | Batch:  2048 | Thr: 1 | Fwd:   53.1554 ms    20.52 GF/s | Bwd:   53.0539 ms    20.55 GF/s | Mem: 256.00 MB
RESULT|baseline_sse42_1t|throughput|n8192_b2048|8192|1|1|2048|1|53.155424|20.515668|53.053895|20.554929|256.00
[run ] n8192_b4096      | Len:   8192 | Batch:  4096 | Thr: 1 | Fwd:  106.6226 ms    20.46 GF/s | Bwd:  107.0691 ms    20.37 GF/s | Mem: 512.00 MB
RESULT|baseline_sse42_1t|throughput|n8192_b4096|8192|1|1|4096|1|106.622552|20.455692|107.069140|20.370371|512.00
[run ] n8192_b8192      | Len:   8192 | Batch:  8192 | Thr: 1 | Fwd:  215.5118 ms    20.24 GF/s | Bwd:  218.9661 ms    19.92 GF/s | Mem:1024.00 MB
RESULT|baseline_sse42_1t|throughput|n8192_b8192|8192|1|1|8192|1|215.511755|20.240549|218.966068|19.921243|1024.00
[run ] n8192_b16384     | Len:   8192 | Batch: 16384 | Thr: 1 | Fwd:  437.0872 ms    19.96 GF/s | Bwd:  434.8378 ms    20.06 GF/s | Mem:2048.00 MB
RESULT|baseline_sse42_1t|throughput|n8192_b16384|8192|1|1|16384|1|437.087208|19.959752|434.837806|20.063003|2048.00
[skip] n8192_b32768     | Len:   8192 | Batch: 32768 | Thr: 1 | Mem: 4096.0 MB > limit 3072.0 MB
SKIP|baseline_sse42_1t|throughput|n8192_b32768|8192|1|1|32768|1|4096.00|memory_limit
[skip] n8192_b65536     | Len:   8192 | Batch: 65536 | Thr: 1 | Mem: 8192.0 MB > limit 3072.0 MB
SKIP|baseline_sse42_1t|throughput|n8192_b65536|8192|1|1|65536|1|8192.00|memory_limit
[run ] n16384_b1        | Len:  16384 | Batch:     1 | Thr: 1 | Fwd:    0.0357 ms    32.12 GF/s | Bwd:    0.0358 ms    32.06 GF/s | Mem:   0.25 MB
RESULT|baseline_sse42_1t|throughput|n16384_b1|16384|1|1|1|1|0.035708|32.118552|0.035774|32.059258|0.25
[run ] n16384_b2        | Len:  16384 | Batch:     2 | Thr: 1 | Fwd:    0.0718 ms    31.96 GF/s | Bwd:    0.0723 ms    31.74 GF/s | Mem:   0.50 MB
RESULT|baseline_sse42_1t|throughput|n16384_b2|16384|1|1|2|1|0.071775|31.957770|0.072262|31.742187|0.50
[run ] n16384_b4        | Len:  16384 | Batch:     4 | Thr: 1 | Fwd:    0.1566 ms    29.29 GF/s | Bwd:    0.1584 ms    28.96 GF/s | Mem:   1.00 MB
RESULT|baseline_sse42_1t|throughput|n16384_b4|16384|1|1|4|1|0.156649|29.285360|0.158421|28.957779|1.00
[run ] n16384_b8        | Len:  16384 | Batch:     8 | Thr: 1 | Fwd:    0.3293 ms    27.86 GF/s | Bwd:    0.3220 ms    28.49 GF/s | Mem:   2.00 MB
RESULT|baseline_sse42_1t|throughput|n16384_b8|16384|1|1|8|1|0.329327|27.859968|0.322029|28.491362|2.00
[run ] n16384_b16       | Len:  16384 | Batch:    16 | Thr: 1 | Fwd:    0.6651 ms    27.59 GF/s | Bwd:    0.6590 ms    27.85 GF/s | Mem:   4.00 MB
RESULT|baseline_sse42_1t|throughput|n16384_b16|16384|1|1|16|1|0.665106|27.589695|0.658970|27.846608|4.00
[run ] n16384_b32       | Len:  16384 | Batch:    32 | Thr: 1 | Fwd:    1.4050 ms    26.12 GF/s | Bwd:    1.3731 ms    26.73 GF/s | Mem:   8.00 MB
RESULT|baseline_sse42_1t|throughput|n16384_b32|16384|1|1|32|1|1.404973|26.121604|1.373096|26.728028|8.00
[run ] n16384_b64       | Len:  16384 | Batch:    64 | Thr: 1 | Fwd:    3.3230 ms    22.09 GF/s | Bwd:    3.3236 ms    22.08 GF/s | Mem:  16.00 MB
RESULT|baseline_sse42_1t|throughput|n16384_b64|16384|1|1|64|1|3.323027|22.088393|3.323585|22.084684|16.00
[run ] n16384_b128      | Len:  16384 | Batch:   128 | Thr: 1 | Fwd:    7.8816 ms    18.63 GF/s | Bwd:    7.9225 ms    18.53 GF/s | Mem:  32.00 MB
RESULT|baseline_sse42_1t|throughput|n16384_b128|16384|1|1|128|1|7.881629|18.625673|7.922471|18.529652|32.00
[run ] n16384_b256      | Len:  16384 | Batch:   256 | Thr: 1 | Fwd:   16.0937 ms    18.24 GF/s | Bwd:   15.7053 ms    18.69 GF/s | Mem:  64.00 MB
RESULT|baseline_sse42_1t|throughput|n16384_b256|16384|1|1|256|1|16.093664|18.243284|15.705263|18.694452|64.00
[run ] n16384_b512      | Len:  16384 | Batch:   512 | Thr: 1 | Fwd:   32.5857 ms    18.02 GF/s | Bwd:   31.9323 ms    18.39 GF/s | Mem: 128.00 MB
RESULT|baseline_sse42_1t|throughput|n16384_b512|16384|1|1|512|1|32.585652|18.020279|31.932306|18.388981|128.00
[run ] n16384_b1024     | Len:  16384 | Batch:  1024 | Thr: 1 | Fwd:   65.7358 ms    17.87 GF/s | Bwd:   64.2355 ms    18.28 GF/s | Mem: 256.00 MB
RESULT|baseline_sse42_1t|throughput|n16384_b1024|16384|1|1|1024|1|65.735759|17.865544|64.235514|18.282801|256.00
[run ] n16384_b2048     | Len:  16384 | Batch:  2048 | Thr: 1 | Fwd:  132.0358 ms    17.79 GF/s | Bwd:  129.6714 ms    18.11 GF/s | Mem: 512.00 MB
RESULT|baseline_sse42_1t|throughput|n16384_b2048|16384|1|1|2048|1|132.035788|17.789194|129.671408|18.113555|512.00
[run ] n16384_b4096     | Len:  16384 | Batch:  4096 | Thr: 1 | Fwd:  270.7249 ms    17.35 GF/s | Bwd:  269.0573 ms    17.46 GF/s | Mem:1024.00 MB
RESULT|baseline_sse42_1t|throughput|n16384_b4096|16384|1|1|4096|1|270.724934|17.352005|269.057290|17.459555|1024.00
[run ] n16384_b8192     | Len:  16384 | Batch:  8192 | Thr: 1 | Fwd:  545.3963 ms    17.23 GF/s | Bwd:  546.5628 ms    17.19 GF/s | Mem:2048.00 MB
RESULT|baseline_sse42_1t|throughput|n16384_b8192|16384|1|1|8192|1|545.396256|17.226449|546.562790|17.189683|2048.00
[skip] n16384_b16384    | Len:  16384 | Batch: 16384 | Thr: 1 | Mem: 4096.0 MB > limit 3072.0 MB
SKIP|baseline_sse42_1t|throughput|n16384_b16384|16384|1|1|16384|1|4096.00|memory_limit
[skip] n16384_b32768    | Len:  16384 | Batch: 32768 | Thr: 1 | Mem: 8192.0 MB > limit 3072.0 MB
SKIP|baseline_sse42_1t|throughput|n16384_b32768|16384|1|1|32768|1|8192.00|memory_limit
[skip] n16384_b65536    | Len:  16384 | Batch: 65536 | Thr: 1 | Mem:16384.0 MB > limit 3072.0 MB
SKIP|baseline_sse42_1t|throughput|n16384_b65536|16384|1|1|65536|1|16384.00|memory_limit
[run ] n32768_b1        | Len:  32768 | Batch:     1 | Thr: 1 | Fwd:    0.0762 ms    32.26 GF/s | Bwd:    0.0780 ms    31.50 GF/s | Mem:   0.50 MB
RESULT|baseline_sse42_1t|throughput|n32768_b1|32768|1|1|1|1|0.076183|32.259273|0.078030|31.495669|0.50
[run ] n32768_b2        | Len:  32768 | Batch:     2 | Thr: 1 | Fwd:    0.1758 ms    27.96 GF/s | Bwd:    0.1704 ms    28.85 GF/s | Mem:   1.00 MB
RESULT|baseline_sse42_1t|throughput|n32768_b2|32768|1|1|2|1|0.175809|27.957582|0.170392|28.846435|1.00
[run ] n32768_b4        | Len:  32768 | Batch:     4 | Thr: 1 | Fwd:    0.3555 ms    27.65 GF/s | Bwd:    0.3632 ms    27.07 GF/s | Mem:   2.00 MB
RESULT|baseline_sse42_1t|throughput|n32768_b4|32768|1|1|4|1|0.355514|27.651224|0.363209|27.065376|2.00
[run ] n32768_b8        | Len:  32768 | Batch:     8 | Thr: 1 | Fwd:    0.7317 ms    26.87 GF/s | Bwd:    0.7051 ms    27.88 GF/s | Mem:   4.00 MB
RESULT|baseline_sse42_1t|throughput|n32768_b8|32768|1|1|8|1|0.731679|26.870807|0.705106|27.883457|4.00
[run ] n32768_b16       | Len:  32768 | Batch:    16 | Thr: 1 | Fwd:    1.4850 ms    26.48 GF/s | Bwd:    1.4808 ms    26.56 GF/s | Mem:   8.00 MB
RESULT|baseline_sse42_1t|throughput|n32768_b16|32768|1|1|16|1|1.485046|26.478380|1.480754|26.555124|8.00
[run ] n32768_b32       | Len:  32768 | Batch:    32 | Thr: 1 | Fwd:    3.4893 ms    22.54 GF/s | Bwd:    3.7002 ms    21.25 GF/s | Mem:  16.00 MB
RESULT|baseline_sse42_1t|throughput|n32768_b32|32768|1|1|32|1|3.489283|22.538498|3.700249|21.253486|16.00
[run ] n32768_b64       | Len:  32768 | Batch:    64 | Thr: 1 | Fwd:    8.6455 ms    18.19 GF/s | Bwd:    8.9611 ms    17.55 GF/s | Mem:  32.00 MB
RESULT|baseline_sse42_1t|throughput|n32768_b64|32768|1|1|64|1|8.645543|18.192772|8.961059|17.552211|32.00
[run ] n32768_b128      | Len:  32768 | Batch:   128 | Thr: 1 | Fwd:   19.5074 ms    16.13 GF/s | Bwd:   19.3563 ms    16.25 GF/s | Mem:  64.00 MB
RESULT|baseline_sse42_1t|throughput|n32768_b128|32768|1|1|128|1|19.507399|16.125819|19.356263|16.251732|64.00
[run ] n32768_b256      | Len:  32768 | Batch:   256 | Thr: 1 | Fwd:   40.0063 ms    15.73 GF/s | Bwd:   40.6399 ms    15.48 GF/s | Mem: 128.00 MB
RESULT|baseline_sse42_1t|throughput|n32768_b256|32768|1|1|256|1|40.006315|15.726157|40.639885|15.480989|128.00
[run ] n32768_b512      | Len:  32768 | Batch:   512 | Thr: 1 | Fwd:   80.7675 ms    15.58 GF/s | Bwd:   80.7744 ms    15.58 GF/s | Mem: 256.00 MB
RESULT|baseline_sse42_1t|throughput|n32768_b512|32768|1|1|512|1|80.767539|15.579170|80.774355|15.577855|256.00
[run ] n32768_b1024     | Len:  32768 | Batch:  1024 | Thr: 1 | Fwd:  161.3358 ms    15.60 GF/s | Bwd:  160.6325 ms    15.67 GF/s | Mem: 512.00 MB
RESULT|baseline_sse42_1t|throughput|n32768_b1024|32768|1|1|1024|1|161.335753|15.598417|160.632530|15.666705|512.00
[run ] n32768_b2048     | Len:  32768 | Batch:  2048 | Thr: 1 | Fwd:  320.2632 ms    15.72 GF/s | Bwd:  304.7173 ms    16.52 GF/s | Mem:1024.00 MB
RESULT|baseline_sse42_1t|throughput|n32768_b2048|32768|1|1|2048|1|320.263227|15.715713|304.717281|16.517491|1024.00
[run ] n32768_b4096     | Len:  32768 | Batch:  4096 | Thr: 1 | Fwd:  629.3786 ms    15.99 GF/s | Bwd:  612.7000 ms    16.43 GF/s | Mem:2048.00 MB
RESULT|baseline_sse42_1t|throughput|n32768_b4096|32768|1|1|4096|1|629.378579|15.994077|612.700047|16.429458|2048.00
[skip] n32768_b8192     | Len:  32768 | Batch:  8192 | Thr: 1 | Mem: 4096.0 MB > limit 3072.0 MB
SKIP|baseline_sse42_1t|throughput|n32768_b8192|32768|1|1|8192|1|4096.00|memory_limit
[skip] n32768_b16384    | Len:  32768 | Batch: 16384 | Thr: 1 | Mem: 8192.0 MB > limit 3072.0 MB
SKIP|baseline_sse42_1t|throughput|n32768_b16384|32768|1|1|16384|1|8192.00|memory_limit
[skip] n32768_b32768    | Len:  32768 | Batch: 32768 | Thr: 1 | Mem:16384.0 MB > limit 3072.0 MB
SKIP|baseline_sse42_1t|throughput|n32768_b32768|32768|1|1|32768|1|16384.00|memory_limit
[skip] n32768_b65536    | Len:  32768 | Batch: 65536 | Thr: 1 | Mem:32768.0 MB > limit 3072.0 MB
SKIP|baseline_sse42_1t|throughput|n32768_b65536|32768|1|1|65536|1|32768.00|memory_limit
[run ] n65536_b1        | Len:  65536 | Batch:     1 | Thr: 1 | Fwd:    0.2071 ms    25.31 GF/s | Bwd:    0.2048 ms    25.60 GF/s | Mem:   1.00 MB
RESULT|baseline_sse42_1t|throughput|n65536_b1|65536|1|1|1|1|0.207147|25.309998|0.204800|25.600020|1.00
[run ] n65536_b2        | Len:  65536 | Batch:     2 | Thr: 1 | Fwd:    0.4172 ms    25.13 GF/s | Bwd:    0.4103 ms    25.56 GF/s | Mem:   2.00 MB
RESULT|baseline_sse42_1t|throughput|n65536_b2|65536|1|1|2|1|0.417242|25.131108|0.410272|25.558052|2.00
[run ] n65536_b4        | Len:  65536 | Batch:     4 | Thr: 1 | Fwd:    0.8288 ms    25.30 GF/s | Bwd:    0.8183 ms    25.63 GF/s | Mem:   4.00 MB
RESULT|baseline_sse42_1t|throughput|n65536_b4|65536|1|1|4|1|0.828774|25.304261|0.818298|25.628229|4.00
[run ] n65536_b8        | Len:  65536 | Batch:     8 | Thr: 1 | Fwd:    1.7450 ms    24.04 GF/s | Bwd:    1.7505 ms    23.96 GF/s | Mem:   8.00 MB
RESULT|baseline_sse42_1t|throughput|n65536_b8|65536|1|1|8|1|1.745042|24.035548|1.750498|23.960627|8.00
[run ] n65536_b16       | Len:  65536 | Batch:    16 | Thr: 1 | Fwd:    4.3004 ms    19.51 GF/s | Bwd:    4.4309 ms    18.93 GF/s | Mem:  16.00 MB
RESULT|baseline_sse42_1t|throughput|n65536_b16|65536|1|1|16|1|4.300436|19.506412|4.430938|18.931902|16.00
[run ] n65536_b32       | Len:  65536 | Batch:    32 | Thr: 1 | Fwd:   10.7808 ms    15.56 GF/s | Bwd:   11.2362 ms    14.93 GF/s | Mem:  32.00 MB
RESULT|baseline_sse42_1t|throughput|n65536_b32|65536|1|1|32|1|10.780794|15.562134|11.236197|14.931401|32.00
[run ] n65536_b64       | Len:  65536 | Batch:    64 | Thr: 1 | Fwd:   24.3593 ms    13.77 GF/s | Bwd:   24.1329 ms    13.90 GF/s | Mem:  64.00 MB
RESULT|baseline_sse42_1t|throughput|n65536_b64|65536|1|1|64|1|24.359342|13.774769|24.132852|13.904047|64.00
[run ] n65536_b128      | Len:  65536 | Batch:   128 | Thr: 1 | Fwd:   49.7335 ms    13.49 GF/s | Bwd:   49.3529 ms    13.60 GF/s | Mem: 128.00 MB
RESULT|baseline_sse42_1t|throughput|n65536_b128|65536|1|1|128|1|49.733521|13.493688|49.352855|13.597767|128.00
[run ] n65536_b256      | Len:  65536 | Batch:   256 | Thr: 1 | Fwd:   99.9046 ms    13.43 GF/s | Bwd:   99.1167 ms    13.54 GF/s | Mem: 256.00 MB
RESULT|baseline_sse42_1t|throughput|n65536_b256|65536|1|1|256|1|99.904633|13.434585|99.116748|13.541377|256.00
[run ] n65536_b512      | Len:  65536 | Batch:   512 | Thr: 1 | Fwd:  201.8632 ms    13.30 GF/s | Bwd:  195.1089 ms    13.76 GF/s | Mem: 512.00 MB
RESULT|baseline_sse42_1t|throughput|n65536_b512|65536|1|1|512|1|201.863157|13.297893|195.108858|13.758240|512.00
[run ] n65536_b1024     | Len:  65536 | Batch:  1024 | Thr: 1 | Fwd:  416.4730 ms    12.89 GF/s | Bwd:  339.6702 ms    15.81 GF/s | Mem:1024.00 MB
RESULT|baseline_sse42_1t|throughput|n65536_b1024|65536|1|1|1024|1|416.472995|12.890894|339.670210|15.805652|1024.00
[run ] n65536_b2048     | Len:  65536 | Batch:  2048 | Thr: 1 | Fwd:  769.9666 ms    13.95 GF/s | Bwd:  687.4351 ms    15.62 GF/s | Mem:2048.00 MB
RESULT|baseline_sse42_1t|throughput|n65536_b2048|65536|1|1|2048|1|769.966637|13.945303|687.435105|15.619537|2048.00
[skip] n65536_b4096     | Len:  65536 | Batch:  4096 | Thr: 1 | Mem: 4096.0 MB > limit 3072.0 MB
SKIP|baseline_sse42_1t|throughput|n65536_b4096|65536|1|1|4096|1|4096.00|memory_limit
[skip] n65536_b8192     | Len:  65536 | Batch:  8192 | Thr: 1 | Mem: 8192.0 MB > limit 3072.0 MB
SKIP|baseline_sse42_1t|throughput|n65536_b8192|65536|1|1|8192|1|8192.00|memory_limit
[skip] n65536_b16384    | Len:  65536 | Batch: 16384 | Thr: 1 | Mem:16384.0 MB > limit 3072.0 MB
SKIP|baseline_sse42_1t|throughput|n65536_b16384|65536|1|1|16384|1|16384.00|memory_limit
[skip] n65536_b32768    | Len:  65536 | Batch: 32768 | Thr: 1 | Mem:32768.0 MB > limit 3072.0 MB
SKIP|baseline_sse42_1t|throughput|n65536_b32768|65536|1|1|32768|1|32768.00|memory_limit
[skip] n65536_b65536    | Len:  65536 | Batch: 65536 | Thr: 1 | Mem:65536.0 MB > limit 3072.0 MB
SKIP|baseline_sse42_1t|throughput|n65536_b65536|65536|1|1|65536|1|65536.00|memory_limit
[run ] n131072_b1       | Len: 131072 | Batch:     1 | Thr: 1 | Fwd:    0.4716 ms    23.62 GF/s | Bwd:    0.4815 ms    23.14 GF/s | Mem:   2.00 MB
RESULT|baseline_sse42_1t|throughput|n131072_b1|131072|1|1|1|1|0.471620|23.623066|0.481503|23.138192|2.00
[run ] n131072_b2       | Len: 131072 | Batch:     2 | Thr: 1 | Fwd:    0.9455 ms    23.57 GF/s | Bwd:    0.9752 ms    22.85 GF/s | Mem:   4.00 MB
RESULT|baseline_sse42_1t|throughput|n131072_b2|131072|1|1|2|1|0.945504|23.566513|0.975228|22.848243|4.00
[run ] n131072_b4       | Len: 131072 | Batch:     4 | Thr: 1 | Fwd:    2.1496 ms    20.73 GF/s | Bwd:    2.1111 ms    21.11 GF/s | Mem:   8.00 MB
RESULT|baseline_sse42_1t|throughput|n131072_b4|131072|1|1|4|1|2.149592|20.731599|2.111085|21.109751|8.00
[run ] n131072_b8       | Len: 131072 | Batch:     8 | Thr: 1 | Fwd:    6.2515 ms    14.26 GF/s | Bwd:    6.7285 ms    13.25 GF/s | Mem:  16.00 MB
RESULT|baseline_sse42_1t|throughput|n131072_b8|131072|1|1|8|1|6.251490|14.257234|6.728496|13.246492|16.00
[run ] n131072_b16      | Len: 131072 | Batch:    16 | Thr: 1 | Fwd:   15.7988 ms    11.28 GF/s | Bwd:   17.4962 ms    10.19 GF/s | Mem:  32.00 MB
RESULT|baseline_sse42_1t|throughput|n131072_b16|131072|1|1|16|1|15.798832|11.282981|17.496219|10.188368|32.00
[run ] n131072_b32      | Len: 131072 | Batch:    32 | Thr: 1 | Fwd:   31.4182 ms    11.35 GF/s | Bwd:   31.5992 ms    11.28 GF/s | Mem:  64.00 MB
RESULT|baseline_sse42_1t|throughput|n131072_b32|131072|1|1|32|1|31.418177|11.347439|31.599211|11.282429|64.00
[run ] n131072_b64      | Len: 131072 | Batch:    64 | Thr: 1 | Fwd:   62.2931 ms    11.45 GF/s | Bwd:   62.7399 ms    11.36 GF/s | Mem: 128.00 MB
RESULT|baseline_sse42_1t|throughput|n131072_b64|131072|1|1|64|1|62.293122|11.446395|62.739887|11.364886|128.00
[run ] n131072_b128     | Len: 131072 | Batch:   128 | Thr: 1 | Fwd:  125.9106 ms    11.33 GF/s | Bwd:  126.3968 ms    11.28 GF/s | Mem: 256.00 MB
RESULT|baseline_sse42_1t|throughput|n131072_b128|131072|1|1|128|1|125.910563|11.326003|126.396823|11.282430|256.00
[run ] n131072_b256     | Len: 131072 | Batch:   256 | Thr: 1 | Fwd:  252.4343 ms    11.30 GF/s | Bwd:  247.3923 ms    11.53 GF/s | Mem: 512.00 MB
RESULT|baseline_sse42_1t|throughput|n131072_b256|131072|1|1|256|1|252.434339|11.298489|247.392271|11.528762|512.00
[run ] n131072_b512     | Len: 131072 | Batch:   512 | Thr: 1 | Fwd:  500.3381 ms    11.40 GF/s | Bwd:  416.0143 ms    13.71 GF/s | Mem:1024.00 MB
RESULT|baseline_sse42_1t|throughput|n131072_b512|131072|1|1|512|1|500.338142|11.400797|416.014252|13.711678|1024.00
[run ] n131072_b1024    | Len: 131072 | Batch:  1024 | Thr: 1 | Fwd:  938.0824 ms    12.16 GF/s | Bwd:  838.8829 ms    13.60 GF/s | Mem:2048.00 MB
RESULT|baseline_sse42_1t|throughput|n131072_b1024|131072|1|1|1024|1|938.082362|12.161519|838.882868|13.599642|2048.00
[skip] n131072_b2048    | Len: 131072 | Batch:  2048 | Thr: 1 | Mem: 4096.0 MB > limit 3072.0 MB
SKIP|baseline_sse42_1t|throughput|n131072_b2048|131072|1|1|2048|1|4096.00|memory_limit
[skip] n131072_b4096    | Len: 131072 | Batch:  4096 | Thr: 1 | Mem: 8192.0 MB > limit 3072.0 MB
SKIP|baseline_sse42_1t|throughput|n131072_b4096|131072|1|1|4096|1|8192.00|memory_limit
[skip] n131072_b8192    | Len: 131072 | Batch:  8192 | Thr: 1 | Mem:16384.0 MB > limit 3072.0 MB
SKIP|baseline_sse42_1t|throughput|n131072_b8192|131072|1|1|8192|1|16384.00|memory_limit
[skip] n131072_b16384   | Len: 131072 | Batch: 16384 | Thr: 1 | Mem:32768.0 MB > limit 3072.0 MB
SKIP|baseline_sse42_1t|throughput|n131072_b16384|131072|1|1|16384|1|32768.00|memory_limit
[skip] n131072_b32768   | Len: 131072 | Batch: 32768 | Thr: 1 | Mem:65536.0 MB > limit 3072.0 MB
SKIP|baseline_sse42_1t|throughput|n131072_b32768|131072|1|1|32768|1|65536.00|memory_limit
[skip] n131072_b65536   | Len: 131072 | Batch: 65536 | Thr: 1 | Mem:131072.0 MB > limit 3072.0 MB
SKIP|baseline_sse42_1t|throughput|n131072_b65536|131072|1|1|65536|1|131072.00|memory_limit
[run ] n262144_b1       | Len: 262144 | Batch:     1 | Thr: 1 | Fwd:    1.1038 ms    21.37 GF/s | Bwd:    1.0941 ms    21.56 GF/s | Mem:   4.00 MB
RESULT|baseline_sse42_1t|throughput|n262144_b1|262144|1|1|1|1|1.103838|21.373579|1.094067|21.564457|4.00
[run ] n262144_b2       | Len: 262144 | Batch:     2 | Thr: 1 | Fwd:    2.2884 ms    20.62 GF/s | Bwd:    2.2629 ms    20.85 GF/s | Mem:   8.00 MB
RESULT|baseline_sse42_1t|throughput|n262144_b2|262144|1|1|2|1|2.288432|20.619328|2.262879|20.852160|8.00
[run ] n262144_b4       | Len: 262144 | Batch:     4 | Thr: 1 | Fwd:    5.8686 ms    16.08 GF/s | Bwd:    5.9662 ms    15.82 GF/s | Mem:  16.00 MB
RESULT|baseline_sse42_1t|throughput|n262144_b4|262144|1|1|4|1|5.868593|16.080829|5.966165|15.817841|16.00
[run ] n262144_b8       | Len: 262144 | Batch:     8 | Thr: 1 | Fwd:   15.8227 ms    11.93 GF/s | Bwd:   16.0180 ms    11.78 GF/s | Mem:  32.00 MB
RESULT|baseline_sse42_1t|throughput|n262144_b8|262144|1|1|8|1|15.822737|11.928636|16.017985|11.783235|32.00
[run ] n262144_b16      | Len: 262144 | Batch:    16 | Thr: 1 | Fwd:   32.8744 ms    11.48 GF/s | Bwd:   33.0407 ms    11.42 GF/s | Mem:  64.00 MB
RESULT|baseline_sse42_1t|throughput|n262144_b16|262144|1|1|16|1|32.874408|11.482712|33.040671|11.424930|64.00
[run ] n262144_b32      | Len: 262144 | Batch:    32 | Thr: 1 | Fwd:   65.9084 ms    11.45 GF/s | Bwd:   66.1505 ms    11.41 GF/s | Mem: 128.00 MB
RESULT|baseline_sse42_1t|throughput|n262144_b32|262144|1|1|32|1|65.908353|11.454917|66.150497|11.412986|128.00
[run ] n262144_b64      | Len: 262144 | Batch:    64 | Thr: 1 | Fwd:  131.5767 ms    11.48 GF/s | Bwd:  132.4641 ms    11.40 GF/s | Mem: 256.00 MB
RESULT|baseline_sse42_1t|throughput|n262144_b64|262144|1|1|64|1|131.576663|11.475815|132.464053|11.398937|256.00
[run ] n262144_b128     | Len: 262144 | Batch:   128 | Thr: 1 | Fwd:  262.7174 ms    11.49 GF/s | Bwd:  264.0342 ms    11.44 GF/s | Mem: 512.00 MB
RESULT|baseline_sse42_1t|throughput|n262144_b128|262144|1|1|128|1|262.717358|11.494859|264.034248|11.437527|512.00
[run ] n262144_b256     | Len: 262144 | Batch:   256 | Thr: 1 | Fwd:  508.4386 ms    11.88 GF/s | Bwd:  471.5377 ms    12.81 GF/s | Mem:1024.00 MB
RESULT|baseline_sse42_1t|throughput|n262144_b256|262144|1|1|256|1|508.438607|11.879109|471.537676|12.808728|1024.00
[run ] n262144_b512     | Len: 262144 | Batch:   512 | Thr: 1 | Fwd:  960.7065 ms    12.57 GF/s | Bwd:  920.7044 ms    13.12 GF/s | Mem:2048.00 MB
RESULT|baseline_sse42_1t|throughput|n262144_b512|262144|1|1|512|1|960.706490|12.573659|920.704375|13.119950|2048.00
[skip] n262144_b1024    | Len: 262144 | Batch:  1024 | Thr: 1 | Mem: 4096.0 MB > limit 3072.0 MB
SKIP|baseline_sse42_1t|throughput|n262144_b1024|262144|1|1|1024|1|4096.00|memory_limit
[skip] n262144_b2048    | Len: 262144 | Batch:  2048 | Thr: 1 | Mem: 8192.0 MB > limit 3072.0 MB
SKIP|baseline_sse42_1t|throughput|n262144_b2048|262144|1|1|2048|1|8192.00|memory_limit
[skip] n262144_b4096    | Len: 262144 | Batch:  4096 | Thr: 1 | Mem:16384.0 MB > limit 3072.0 MB
SKIP|baseline_sse42_1t|throughput|n262144_b4096|262144|1|1|4096|1|16384.00|memory_limit
[skip] n262144_b8192    | Len: 262144 | Batch:  8192 | Thr: 1 | Mem:32768.0 MB > limit 3072.0 MB
SKIP|baseline_sse42_1t|throughput|n262144_b8192|262144|1|1|8192|1|32768.00|memory_limit
[skip] n262144_b16384   | Len: 262144 | Batch: 16384 | Thr: 1 | Mem:65536.0 MB > limit 3072.0 MB
SKIP|baseline_sse42_1t|throughput|n262144_b16384|262144|1|1|16384|1|65536.00|memory_limit
[skip] n262144_b32768   | Len: 262144 | Batch: 32768 | Thr: 1 | Mem:131072.0 MB > limit 3072.0 MB
SKIP|baseline_sse42_1t|throughput|n262144_b32768|262144|1|1|32768|1|131072.00|memory_limit
[skip] n262144_b65536   | Len: 262144 | Batch: 65536 | Thr: 1 | Mem:262144.0 MB > limit 3072.0 MB
SKIP|baseline_sse42_1t|throughput|n262144_b65536|262144|1|1|65536|1|262144.00|memory_limit
[run ] n524288_b1       | Len: 524288 | Batch:     1 | Thr: 1 | Fwd:    2.3112 ms    21.55 GF/s | Bwd:    2.3198 ms    21.47 GF/s | Mem:   8.00 MB
RESULT|baseline_sse42_1t|throughput|n524288_b1|524288|1|1|1|1|2.311169|21.550724|2.319783|21.470696|8.00
[run ] n524288_b2       | Len: 524288 | Batch:     2 | Thr: 1 | Fwd:    5.4671 ms    18.22 GF/s | Bwd:    5.3235 ms    18.71 GF/s | Mem:  16.00 MB
RESULT|baseline_sse42_1t|throughput|n524288_b2|524288|1|1|2|1|5.467150|18.220595|5.323525|18.712174|16.00
[run ] n524288_b4       | Len: 524288 | Batch:     4 | Thr: 1 | Fwd:   12.8544 ms    15.50 GF/s | Bwd:   12.2142 ms    16.31 GF/s | Mem:  32.00 MB
RESULT|baseline_sse42_1t|throughput|n524288_b4|524288|1|1|4|1|12.854445|15.498876|12.214197|16.311301|32.00
[run ] n524288_b8       | Len: 524288 | Batch:     8 | Thr: 1 | Fwd:   26.8800 ms    14.82 GF/s | Bwd:   27.0838 ms    14.71 GF/s | Mem:  64.00 MB
RESULT|baseline_sse42_1t|throughput|n524288_b8|524288|1|1|8|1|26.879976|14.823632|27.083760|14.712096|64.00
[run ] n524288_b16      | Len: 524288 | Batch:    16 | Thr: 1 | Fwd:   54.0979 ms    14.73 GF/s | Bwd:   53.8846 ms    14.79 GF/s | Mem: 128.00 MB
RESULT|baseline_sse42_1t|throughput|n524288_b16|524288|1|1|16|1|54.097893|14.731031|53.884580|14.789347|128.00
[run ] n524288_b32      | Len: 524288 | Batch:    32 | Thr: 1 | Fwd:  107.8741 ms    14.77 GF/s | Bwd:  107.9976 ms    14.76 GF/s | Mem: 256.00 MB
RESULT|baseline_sse42_1t|throughput|n524288_b32|524288|1|1|32|1|107.874055|14.774966|107.997587|14.758066|256.00
[run ] n524288_b64      | Len: 524288 | Batch:    64 | Thr: 1 | Fwd:  214.8929 ms    14.83 GF/s | Bwd:  216.5734 ms    14.72 GF/s | Mem: 512.00 MB
RESULT|baseline_sse42_1t|throughput|n524288_b64|524288|1|1|64|1|214.892929|14.833764|216.573421|14.718662|512.00
[run ] n524288_b128     | Len: 524288 | Batch:   128 | Thr: 1 | Fwd:  413.6445 ms    15.41 GF/s | Bwd:  438.0556 ms    14.55 GF/s | Mem:1024.00 MB
RESULT|baseline_sse42_1t|throughput|n524288_b128|524288|1|1|128|1|413.644514|15.412611|438.055578|14.553729|1024.00
[run ] n524288_b256     | Len: 524288 | Batch:   256 | Thr: 1 | Fwd:  836.3415 ms    15.25 GF/s | Bwd:  855.7874 ms    14.90 GF/s | Mem:2048.00 MB
RESULT|baseline_sse42_1t|throughput|n524288_b256|524288|1|1|256|1|836.341468|15.245787|855.787450|14.899359|2048.00
[skip] n524288_b512     | Len: 524288 | Batch:   512 | Thr: 1 | Mem: 4096.0 MB > limit 3072.0 MB
SKIP|baseline_sse42_1t|throughput|n524288_b512|524288|1|1|512|1|4096.00|memory_limit
[skip] n524288_b1024    | Len: 524288 | Batch:  1024 | Thr: 1 | Mem: 8192.0 MB > limit 3072.0 MB
SKIP|baseline_sse42_1t|throughput|n524288_b1024|524288|1|1|1024|1|8192.00|memory_limit
[skip] n524288_b2048    | Len: 524288 | Batch:  2048 | Thr: 1 | Mem:16384.0 MB > limit 3072.0 MB
SKIP|baseline_sse42_1t|throughput|n524288_b2048|524288|1|1|2048|1|16384.00|memory_limit
[skip] n524288_b4096    | Len: 524288 | Batch:  4096 | Thr: 1 | Mem:32768.0 MB > limit 3072.0 MB
SKIP|baseline_sse42_1t|throughput|n524288_b4096|524288|1|1|4096|1|32768.00|memory_limit
[skip] n524288_b8192    | Len: 524288 | Batch:  8192 | Thr: 1 | Mem:65536.0 MB > limit 3072.0 MB
SKIP|baseline_sse42_1t|throughput|n524288_b8192|524288|1|1|8192|1|65536.00|memory_limit
[skip] n524288_b16384   | Len: 524288 | Batch: 16384 | Thr: 1 | Mem:131072.0 MB > limit 3072.0 MB
SKIP|baseline_sse42_1t|throughput|n524288_b16384|524288|1|1|16384|1|131072.00|memory_limit
[skip] n524288_b32768   | Len: 524288 | Batch: 32768 | Thr: 1 | Mem:262144.0 MB > limit 3072.0 MB
SKIP|baseline_sse42_1t|throughput|n524288_b32768|524288|1|1|32768|1|262144.00|memory_limit
[skip] n524288_b65536   | Len: 524288 | Batch: 65536 | Thr: 1 | Mem:524288.0 MB > limit 3072.0 MB
SKIP|baseline_sse42_1t|throughput|n524288_b65536|524288|1|1|65536|1|524288.00|memory_limit
[run ] n1048576_b1      | Len:1048576 | Batch:     1 | Thr: 1 | Fwd:    6.1618 ms    17.02 GF/s | Bwd:    6.0277 ms    17.40 GF/s | Mem:  16.00 MB
RESULT|baseline_sse42_1t|throughput|n1048576_b1|1048576|1|1|1|1|6.161807|17.017345|6.027692|17.395979|16.00
[run ] n1048576_b2      | Len:1048576 | Batch:     2 | Thr: 1 | Fwd:   14.7550 ms    14.21 GF/s | Bwd:   14.6258 ms    14.34 GF/s | Mem:  32.00 MB
RESULT|baseline_sse42_1t|throughput|n1048576_b2|1048576|1|1|2|1|14.755035|14.213128|14.625850|14.338668|32.00
[run ] n1048576_b4      | Len:1048576 | Batch:     4 | Thr: 1 | Fwd:   32.5445 ms    12.89 GF/s | Bwd:   32.5365 ms    12.89 GF/s | Mem:  64.00 MB
RESULT|baseline_sse42_1t|throughput|n1048576_b4|1048576|1|1|4|1|32.544459|12.887921|32.536503|12.891072|64.00
[run ] n1048576_b8      | Len:1048576 | Batch:     8 | Thr: 1 | Fwd:   65.2158 ms    12.86 GF/s | Bwd:   65.4681 ms    12.81 GF/s | Mem: 128.00 MB
RESULT|baseline_sse42_1t|throughput|n1048576_b8|1048576|1|1|8|1|65.215806|12.862845|65.468104|12.813275|128.00
[run ] n1048576_b16     | Len:1048576 | Batch:    16 | Thr: 1 | Fwd:  130.9877 ms    12.81 GF/s | Bwd:  130.7308 ms    12.83 GF/s | Mem: 256.00 MB
RESULT|baseline_sse42_1t|throughput|n1048576_b16|1048576|1|1|16|1|130.987747|12.808233|130.730775|12.833410|256.00
[run ] n1048576_b32     | Len:1048576 | Batch:    32 | Thr: 1 | Fwd:  260.6613 ms    12.87 GF/s | Bwd:  263.0210 ms    12.76 GF/s | Mem: 512.00 MB
RESULT|baseline_sse42_1t|throughput|n1048576_b32|1048576|1|1|32|1|260.661282|12.872810|263.021002|12.757320|512.00
[run ] n1048576_b64     | Len:1048576 | Batch:    64 | Thr: 1 | Fwd:  505.5574 ms    13.27 GF/s | Bwd:  539.7319 ms    12.43 GF/s | Mem:1024.00 MB
RESULT|baseline_sse42_1t|throughput|n1048576_b64|1048576|1|1|64|1|505.557385|13.274233|539.731886|12.433741|1024.00
[run ] n1048576_b128    | Len:1048576 | Batch:   128 | Thr: 1 | Fwd: 1039.4213 ms    12.91 GF/s | Bwd: 1060.9519 ms    12.65 GF/s | Mem:2048.00 MB
RESULT|baseline_sse42_1t|throughput|n1048576_b128|1048576|1|1|128|1|1039.421312|12.912736|1060.951948|12.650689|2048.00
[skip] n1048576_b256    | Len:1048576 | Batch:   256 | Thr: 1 | Mem: 4096.0 MB > limit 3072.0 MB
SKIP|baseline_sse42_1t|throughput|n1048576_b256|1048576|1|1|256|1|4096.00|memory_limit
[skip] n1048576_b512    | Len:1048576 | Batch:   512 | Thr: 1 | Mem: 8192.0 MB > limit 3072.0 MB
SKIP|baseline_sse42_1t|throughput|n1048576_b512|1048576|1|1|512|1|8192.00|memory_limit
[skip] n1048576_b1024   | Len:1048576 | Batch:  1024 | Thr: 1 | Mem:16384.0 MB > limit 3072.0 MB
SKIP|baseline_sse42_1t|throughput|n1048576_b1024|1048576|1|1|1024|1|16384.00|memory_limit
[skip] n1048576_b2048   | Len:1048576 | Batch:  2048 | Thr: 1 | Mem:32768.0 MB > limit 3072.0 MB
SKIP|baseline_sse42_1t|throughput|n1048576_b2048|1048576|1|1|2048|1|32768.00|memory_limit
[skip] n1048576_b4096   | Len:1048576 | Batch:  4096 | Thr: 1 | Mem:65536.0 MB > limit 3072.0 MB
SKIP|baseline_sse42_1t|throughput|n1048576_b4096|1048576|1|1|4096|1|65536.00|memory_limit
[skip] n1048576_b8192   | Len:1048576 | Batch:  8192 | Thr: 1 | Mem:131072.0 MB > limit 3072.0 MB
SKIP|baseline_sse42_1t|throughput|n1048576_b8192|1048576|1|1|8192|1|131072.00|memory_limit
[skip] n1048576_b16384  | Len:1048576 | Batch: 16384 | Thr: 1 | Mem:262144.0 MB > limit 3072.0 MB
SKIP|baseline_sse42_1t|throughput|n1048576_b16384|1048576|1|1|16384|1|262144.00|memory_limit
[skip] n1048576_b32768  | Len:1048576 | Batch: 32768 | Thr: 1 | Mem:524288.0 MB > limit 3072.0 MB
SKIP|baseline_sse42_1t|throughput|n1048576_b32768|1048576|1|1|32768|1|524288.00|memory_limit
[skip] n1048576_b65536  | Len:1048576 | Batch: 65536 | Thr: 1 | Mem:1048576.0 MB > limit 3072.0 MB
SKIP|baseline_sse42_1t|throughput|n1048576_b65536|1048576|1|1|65536|1|1048576.00|memory_limit
[run ] n2097152_b1      | Len:2097152 | Batch:     1 | Thr: 1 | Fwd:   14.6750 ms    15.01 GF/s | Bwd:   14.4392 ms    15.25 GF/s | Mem:  32.00 MB
RESULT|baseline_sse42_1t|throughput|n2097152_b1|2097152|1|1|1|1|14.674973|15.005204|14.439227|15.250190|32.00
[run ] n2097152_b2      | Len:2097152 | Batch:     2 | Thr: 1 | Fwd:   33.0613 ms    13.32 GF/s | Bwd:   32.6660 ms    13.48 GF/s | Mem:  64.00 MB
RESULT|baseline_sse42_1t|throughput|n2097152_b2|2097152|1|1|2|1|33.061301|13.320768|32.666043|13.481949|64.00
[run ] n2097152_b4      | Len:2097152 | Batch:     4 | Thr: 1 | Fwd:   67.6142 ms    13.03 GF/s | Bwd:   67.5679 ms    13.04 GF/s | Mem: 128.00 MB
RESULT|baseline_sse42_1t|throughput|n2097152_b4|2097152|1|1|4|1|67.614220|13.026902|67.567868|13.035839|128.00
[run ] n2097152_b8      | Len:2097152 | Batch:     8 | Thr: 1 | Fwd:  135.4958 ms    13.00 GF/s | Bwd:  136.4207 ms    12.91 GF/s | Mem: 256.00 MB
RESULT|baseline_sse42_1t|throughput|n2097152_b8|2097152|1|1|8|1|135.495775|13.001200|136.420713|12.913051|256.00
[run ] n2097152_b16     | Len:2097152 | Batch:    16 | Thr: 1 | Fwd:  270.2256 ms    13.04 GF/s | Bwd:  278.4975 ms    12.65 GF/s | Mem: 512.00 MB
RESULT|baseline_sse42_1t|throughput|n2097152_b16|2097152|1|1|16|1|270.225631|13.038050|278.497537|12.650795|512.00
[run ] n2097152_b32     | Len:2097152 | Batch:    32 | Thr: 1 | Fwd:  530.3415 ms    13.29 GF/s | Bwd:  624.7936 ms    11.28 GF/s | Mem:1024.00 MB
RESULT|baseline_sse42_1t|throughput|n2097152_b32|2097152|1|1|32|1|530.341539|13.286590|624.793581|11.278014|1024.00
[run ] n2097152_b64     | Len:2097152 | Batch:    64 | Thr: 1 | Fwd: 1146.7532 ms    12.29 GF/s | Bwd: 1230.3527 ms    11.45 GF/s | Mem:2048.00 MB
RESULT|baseline_sse42_1t|throughput|n2097152_b64|2097152|1|1|64|1|1146.753155|12.289359|1230.352698|11.454326|2048.00
[skip] n2097152_b128    | Len:2097152 | Batch:   128 | Thr: 1 | Mem: 4096.0 MB > limit 3072.0 MB
SKIP|baseline_sse42_1t|throughput|n2097152_b128|2097152|1|1|128|1|4096.00|memory_limit
[skip] n2097152_b256    | Len:2097152 | Batch:   256 | Thr: 1 | Mem: 8192.0 MB > limit 3072.0 MB
SKIP|baseline_sse42_1t|throughput|n2097152_b256|2097152|1|1|256|1|8192.00|memory_limit
[skip] n2097152_b512    | Len:2097152 | Batch:   512 | Thr: 1 | Mem:16384.0 MB > limit 3072.0 MB
SKIP|baseline_sse42_1t|throughput|n2097152_b512|2097152|1|1|512|1|16384.00|memory_limit
[skip] n2097152_b1024   | Len:2097152 | Batch:  1024 | Thr: 1 | Mem:32768.0 MB > limit 3072.0 MB
SKIP|baseline_sse42_1t|throughput|n2097152_b1024|2097152|1|1|1024|1|32768.00|memory_limit
[skip] n2097152_b2048   | Len:2097152 | Batch:  2048 | Thr: 1 | Mem:65536.0 MB > limit 3072.0 MB
SKIP|baseline_sse42_1t|throughput|n2097152_b2048|2097152|1|1|2048|1|65536.00|memory_limit
[skip] n2097152_b4096   | Len:2097152 | Batch:  4096 | Thr: 1 | Mem:131072.0 MB > limit 3072.0 MB
SKIP|baseline_sse42_1t|throughput|n2097152_b4096|2097152|1|1|4096|1|131072.00|memory_limit
[skip] n2097152_b8192   | Len:2097152 | Batch:  8192 | Thr: 1 | Mem:262144.0 MB > limit 3072.0 MB
SKIP|baseline_sse42_1t|throughput|n2097152_b8192|2097152|1|1|8192|1|262144.00|memory_limit
[skip] n2097152_b16384  | Len:2097152 | Batch: 16384 | Thr: 1 | Mem:524288.0 MB > limit 3072.0 MB
SKIP|baseline_sse42_1t|throughput|n2097152_b16384|2097152|1|1|16384|1|524288.00|memory_limit
[skip] n2097152_b32768  | Len:2097152 | Batch: 32768 | Thr: 1 | Mem:1048576.0 MB > limit 3072.0 MB
SKIP|baseline_sse42_1t|throughput|n2097152_b32768|2097152|1|1|32768|1|1048576.00|memory_limit
[skip] n2097152_b65536  | Len:2097152 | Batch: 65536 | Thr: 1 | Mem:2097152.0 MB > limit 3072.0 MB
SKIP|baseline_sse42_1t|throughput|n2097152_b65536|2097152|1|1|65536|1|2097152.00|memory_limit
[run ] n4194304_b1      | Len:4194304 | Batch:     1 | Thr: 1 | Fwd:   33.3597 ms    13.83 GF/s | Bwd:   33.3784 ms    13.82 GF/s | Mem:  64.00 MB
RESULT|baseline_sse42_1t|throughput|n4194304_b1|4194304|1|1|1|1|33.359688|13.830269|33.378442|13.822498|64.00
[run ] n4194304_b2      | Len:4194304 | Batch:     2 | Thr: 1 | Fwd:   69.8908 ms    13.20 GF/s | Bwd:   69.5070 ms    13.28 GF/s | Mem: 128.00 MB
RESULT|baseline_sse42_1t|throughput|n4194304_b2|4194304|1|1|2|1|69.890787|13.202697|69.506955|13.275605|128.00
[run ] n4194304_b4      | Len:4194304 | Batch:     4 | Thr: 1 | Fwd:  141.5832 ms    13.03 GF/s | Bwd:  141.9602 ms    13.00 GF/s | Mem: 256.00 MB
RESULT|baseline_sse42_1t|throughput|n4194304_b4|4194304|1|1|4|1|141.583208|13.034694|141.960205|13.000078|256.00
[run ] n4194304_b8      | Len:4194304 | Batch:     8 | Thr: 1 | Fwd:  281.2349 ms    13.12 GF/s | Bwd:  286.4991 ms    12.88 GF/s | Mem: 512.00 MB
RESULT|baseline_sse42_1t|throughput|n4194304_b8|4194304|1|1|8|1|281.234931|13.124214|286.499070|12.883070|512.00
[run ] n4194304_b16     | Len:4194304 | Batch:    16 | Thr: 1 | Fwd:  537.5391 ms    13.73 GF/s | Bwd:  582.1335 ms    12.68 GF/s | Mem:1024.00 MB
RESULT|baseline_sse42_1t|throughput|n4194304_b16|4194304|1|1|16|1|537.539070|13.732909|582.133533|12.680896|1024.00
[run ] n4194304_b32     | Len:4194304 | Batch:    32 | Thr: 1 | Fwd: 1103.1054 ms    13.38 GF/s | Bwd: 1132.9279 ms    13.03 GF/s | Mem:2048.00 MB
RESULT|baseline_sse42_1t|throughput|n4194304_b32|4194304|1|1|32|1|1103.105427|13.383988|1132.927949|13.031676|2048.00
[skip] n4194304_b64     | Len:4194304 | Batch:    64 | Thr: 1 | Mem: 4096.0 MB > limit 3072.0 MB
SKIP|baseline_sse42_1t|throughput|n4194304_b64|4194304|1|1|64|1|4096.00|memory_limit
[skip] n4194304_b128    | Len:4194304 | Batch:   128 | Thr: 1 | Mem: 8192.0 MB > limit 3072.0 MB
SKIP|baseline_sse42_1t|throughput|n4194304_b128|4194304|1|1|128|1|8192.00|memory_limit
[skip] n4194304_b256    | Len:4194304 | Batch:   256 | Thr: 1 | Mem:16384.0 MB > limit 3072.0 MB
SKIP|baseline_sse42_1t|throughput|n4194304_b256|4194304|1|1|256|1|16384.00|memory_limit
[skip] n4194304_b512    | Len:4194304 | Batch:   512 | Thr: 1 | Mem:32768.0 MB > limit 3072.0 MB
SKIP|baseline_sse42_1t|throughput|n4194304_b512|4194304|1|1|512|1|32768.00|memory_limit
[skip] n4194304_b1024   | Len:4194304 | Batch:  1024 | Thr: 1 | Mem:65536.0 MB > limit 3072.0 MB
SKIP|baseline_sse42_1t|throughput|n4194304_b1024|4194304|1|1|1024|1|65536.00|memory_limit
[skip] n4194304_b2048   | Len:4194304 | Batch:  2048 | Thr: 1 | Mem:131072.0 MB > limit 3072.0 MB
SKIP|baseline_sse42_1t|throughput|n4194304_b2048|4194304|1|1|2048|1|131072.00|memory_limit
[skip] n4194304_b4096   | Len:4194304 | Batch:  4096 | Thr: 1 | Mem:262144.0 MB > limit 3072.0 MB
SKIP|baseline_sse42_1t|throughput|n4194304_b4096|4194304|1|1|4096|1|262144.00|memory_limit
[skip] n4194304_b8192   | Len:4194304 | Batch:  8192 | Thr: 1 | Mem:524288.0 MB > limit 3072.0 MB
SKIP|baseline_sse42_1t|throughput|n4194304_b8192|4194304|1|1|8192|1|524288.00|memory_limit
[skip] n4194304_b16384  | Len:4194304 | Batch: 16384 | Thr: 1 | Mem:1048576.0 MB > limit 3072.0 MB
SKIP|baseline_sse42_1t|throughput|n4194304_b16384|4194304|1|1|16384|1|1048576.00|memory_limit
[skip] n4194304_b32768  | Len:4194304 | Batch: 32768 | Thr: 1 | Mem:2097152.0 MB > limit 3072.0 MB
SKIP|baseline_sse42_1t|throughput|n4194304_b32768|4194304|1|1|32768|1|2097152.00|memory_limit
[skip] n4194304_b65536  | Len:4194304 | Batch: 65536 | Thr: 1 | Mem:4194304.0 MB > limit 3072.0 MB
SKIP|baseline_sse42_1t|throughput|n4194304_b65536|4194304|1|1|65536|1|4194304.00|memory_limit

Benchmark workload complete.


real	16m47.570s
user	16m35.612s
sys	0m10.388s
[DONE] baseline_sse42_1t

============================================================
RUN PROFILE: avx512_phys
Description : MKL AVX-512, physical-core thread count
ISA         : AVX512
Threads     : 10
Workload    : throughput
============================================================
PROFILE|avx512_phys|MKL AVX-512, physical-core thread count|AVX512|10|throughput|32,64,128,256,512,1024,2048,4096,8192,16384,32768,65536,131072,262144,524288,1048576,2097152,4194304|1,2,4,8,16,32,64,128,256,512,1024,2048,4096,8192,16384,32768,65536|1,2,4,8,10,20|16384|64|10

############################################################
# FFT BENCHMARK (Intel oneMKL DFTI, 1D, single precision)  #
############################################################
profile_id       : avx512_phys
profile_desc     : MKL AVX-512, physical-core thread count
workload         : throughput
threads(cli)     : 10
mkl max threads  : 10
timed runs       : 20
warmup runs      : 5
mem cap (MB)     : 3072.0
lengths: 32,64,128,256,512,1024,2048,4096,8192,16384,32768,65536,131072,262144,524288,1048576,2097152,4194304
batches: 1,2,4,8,16,32,64,128,256,512,1024,2048,4096,8192,16384,32768,65536
thread_set: 1,2,4,8,10,20
batch_scale_set: 1,2,4,8,16,32,64,128,256,512,1024,2048,4096,8192,16384,32768,65536
scale_length     : 16384
scale_batch      : 64
scale_threads    : 10


====================================================================
WORKLOAD: throughput (length x batch at fixed thread count)
====================================================================
threads=10
[run ] n32_b1           | Len:     32 | Batch:     1 | Thr:10 | Fwd:    0.0001 ms    11.77 GF/s | Bwd:    0.0001 ms    10.54 GF/s | Mem:   0.00 MB
RESULT|avx512_phys|throughput|n32_b1|32|1|1|1|10|0.000068|11.773485|0.000076|10.538452|0.00
[run ] n32_b2           | Len:     32 | Batch:     2 | Thr:10 | Fwd:    0.0001 ms    29.96 GF/s | Bwd:    0.0001 ms    31.24 GF/s | Mem:   0.00 MB
RESULT|avx512_phys|throughput|n32_b2|32|1|1|2|10|0.000053|29.959314|0.000051|31.242488|0.00
[run ] n32_b4           | Len:     32 | Batch:     4 | Thr:10 | Fwd:    0.0006 ms     5.63 GF/s | Bwd:    0.0001 ms    46.06 GF/s | Mem:   0.00 MB
RESULT|avx512_phys|throughput|n32_b4|32|1|1|4|10|0.000568|5.630883|0.000069|46.059618|0.00
[run ] n32_b8           | Len:     32 | Batch:     8 | Thr:10 | Fwd:    0.0001 ms    54.23 GF/s | Bwd:    0.0001 ms    52.31 GF/s | Mem:   0.00 MB
RESULT|avx512_phys|throughput|n32_b8|32|1|1|8|10|0.000118|54.229385|0.000122|52.306207|0.00
[run ] n32_b16          | Len:     32 | Batch:    16 | Thr:10 | Fwd:    0.0014 ms     9.06 GF/s | Bwd:    0.0012 ms    10.35 GF/s | Mem:   0.01 MB
RESULT|avx512_phys|throughput|n32_b16|32|1|1|16|10|0.001413|9.055610|0.001237|10.348321|0.01
[run ] n32_b32          | Len:     32 | Batch:    32 | Thr:10 | Fwd:    0.0024 ms    10.52 GF/s | Bwd:    0.0014 ms    18.70 GF/s | Mem:   0.02 MB
RESULT|avx512_phys|throughput|n32_b32|32|1|1|32|10|0.002433|10.521517|0.001369|18.699137|0.02
[run ] n32_b64          | Len:     32 | Batch:    64 | Thr:10 | Fwd:    0.0026 ms    19.39 GF/s | Bwd:    0.0013 ms    40.92 GF/s | Mem:   0.03 MB
RESULT|avx512_phys|throughput|n32_b64|32|1|1|64|10|0.002641|19.390021|0.001251|40.915361|0.03
[run ] n32_b128         | Len:     32 | Batch:   128 | Thr:10 | Fwd:    0.0028 ms    36.33 GF/s | Bwd:    0.0014 ms    74.04 GF/s | Mem:   0.06 MB
RESULT|avx512_phys|throughput|n32_b128|32|1|1|128|10|0.002818|36.333982|0.001383|74.038395|0.06
[run ] n32_b256         | Len:     32 | Batch:   256 | Thr:10 | Fwd:    0.0015 ms   132.29 GF/s | Bwd:    0.0015 ms   134.18 GF/s | Mem:   0.12 MB
RESULT|avx512_phys|throughput|n32_b256|32|1|1|256|10|0.001548|132.291237|0.001526|134.179990|0.12
[run ] n32_b512         | Len:     32 | Batch:   512 | Thr:10 | Fwd:    0.0034 ms   119.99 GF/s | Bwd:    0.0020 ms   203.64 GF/s | Mem:   0.25 MB
RESULT|avx512_phys|throughput|n32_b512|32|1|1|512|10|0.003413|119.994616|0.002011|203.644641|0.25
[run ] n32_b1024        | Len:     32 | Batch:  1024 | Thr:10 | Fwd:    0.0037 ms   220.91 GF/s | Bwd:    0.0028 ms   296.80 GF/s | Mem:   0.50 MB
RESULT|avx512_phys|throughput|n32_b1024|32|1|1|1024|10|0.003708|220.908964|0.002760|296.803365|0.50
[run ] n32_b2048        | Len:     32 | Batch:  2048 | Thr:10 | Fwd:    0.0046 ms   359.13 GF/s | Bwd:    0.0041 ms   395.93 GF/s | Mem:   1.00 MB
RESULT|avx512_phys|throughput|n32_b2048|32|1|1|2048|10|0.004562|359.129745|0.004138|395.927064|1.00
[run ] n32_b4096        | Len:     32 | Batch:  4096 | Thr:10 | Fwd:    0.0069 ms   473.93 GF/s | Bwd:    0.0068 ms   480.20 GF/s | Mem:   2.00 MB
RESULT|avx512_phys|throughput|n32_b4096|32|1|1|4096|10|0.006914|473.927426|0.006824|480.203185|2.00
[run ] n32_b8192        | Len:     32 | Batch:  8192 | Thr:10 | Fwd:    0.0124 ms   530.33 GF/s | Bwd:    0.0126 ms   520.31 GF/s | Mem:   4.00 MB
RESULT|avx512_phys|throughput|n32_b8192|32|1|1|8192|10|0.012357|530.334948|0.012596|520.306468|4.00
[run ] n32_b16384       | Len:     32 | Batch: 16384 | Thr:10 | Fwd:    0.0271 ms   484.40 GF/s | Bwd:    0.0267 ms   490.84 GF/s | Mem:   8.00 MB
RESULT|avx512_phys|throughput|n32_b16384|32|1|1|16384|10|0.027059|484.395377|0.026703|490.842887|8.00
[run ] n32_b32768       | Len:     32 | Batch: 32768 | Thr:10 | Fwd:    0.1150 ms   227.95 GF/s | Bwd:    0.1152 ms   227.58 GF/s | Mem:  16.00 MB
RESULT|avx512_phys|throughput|n32_b32768|32|1|1|32768|10|0.115001|227.948544|0.115188|227.579304|16.00
[run ] n32_b65536       | Len:     32 | Batch: 65536 | Thr:10 | Fwd:    0.4827 ms   108.61 GF/s | Bwd:    0.4974 ms   105.40 GF/s | Mem:  32.00 MB
RESULT|avx512_phys|throughput|n32_b65536|32|1|1|65536|10|0.482707|108.614048|0.497438|105.397627|32.00
[run ] n64_b1           | Len:     64 | Batch:     1 | Thr:10 | Fwd:    0.0000 ms    41.86 GF/s | Bwd:    0.0000 ms    39.67 GF/s | Mem:   0.00 MB
RESULT|avx512_phys|throughput|n64_b1|64|1|1|1|10|0.000046|41.855840|0.000048|39.670264|0.00
[run ] n64_b2           | Len:     64 | Batch:     2 | Thr:10 | Fwd:    0.0001 ms    53.19 GF/s | Bwd:    0.0001 ms    56.71 GF/s | Mem:   0.00 MB
RESULT|avx512_phys|throughput|n64_b2|64|1|1|2|10|0.000072|53.190645|0.000068|56.711716|0.00
[run ] n64_b4           | Len:     64 | Batch:     4 | Thr:10 | Fwd:    0.0001 ms    65.00 GF/s | Bwd:    0.0001 ms    68.57 GF/s | Mem:   0.00 MB
RESULT|avx512_phys|throughput|n64_b4|64|1|1|4|10|0.000118|64.996478|0.000112|68.565889|0.00
[run ] n64_b8           | Len:     64 | Batch:     8 | Thr:10 | Fwd:    0.0008 ms    19.60 GF/s | Bwd:    0.0008 ms    19.51 GF/s | Mem:   0.01 MB
RESULT|avx512_phys|throughput|n64_b8|64|1|1|8|10|0.000784|19.597405|0.000787|19.509572|0.01
[run ] n64_b16          | Len:     64 | Batch:    16 | Thr:10 | Fwd:    0.0016 ms    19.05 GF/s | Bwd:    0.0019 ms    16.47 GF/s | Mem:   0.02 MB
RESULT|avx512_phys|throughput|n64_b16|64|1|1|16|10|0.001612|19.053741|0.001865|16.474329|0.02
[run ] n64_b32          | Len:     64 | Batch:    32 | Thr:10 | Fwd:    0.0028 ms    21.95 GF/s | Bwd:    0.0012 ms    49.93 GF/s | Mem:   0.03 MB
RESULT|avx512_phys|throughput|n64_b32|64|1|1|32|10|0.002799|21.947438|0.001230|49.933739|0.03
[run ] n64_b64          | Len:     64 | Batch:    64 | Thr:10 | Fwd:    0.0023 ms    53.64 GF/s | Bwd:    0.0013 ms    91.81 GF/s | Mem:   0.06 MB
RESULT|avx512_phys|throughput|n64_b64|64|1|1|64|10|0.002291|53.640156|0.001338|91.808770|0.06
[run ] n64_b128         | Len:     64 | Batch:   128 | Thr:10 | Fwd:    0.0015 ms   161.49 GF/s | Bwd:    0.0015 ms   165.15 GF/s | Mem:   0.12 MB
RESULT|avx512_phys|throughput|n64_b128|64|1|1|128|10|0.001522|161.490232|0.001488|165.148704|0.12
[run ] n64_b256         | Len:     64 | Batch:   256 | Thr:10 | Fwd:    0.0037 ms   131.79 GF/s | Bwd:    0.0020 ms   250.84 GF/s | Mem:   0.25 MB
RESULT|avx512_phys|throughput|n64_b256|64|1|1|256|10|0.003729|131.794629|0.001959|250.843733|0.25
[run ] n64_b512         | Len:     64 | Batch:   512 | Thr:10 | Fwd:    0.0036 ms   269.40 GF/s | Bwd:    0.0029 ms   344.71 GF/s | Mem:   0.50 MB
RESULT|avx512_phys|throughput|n64_b512|64|1|1|512|10|0.003649|269.396584|0.002852|344.711952|0.50
[run ] n64_b1024        | Len:     64 | Batch:  1024 | Thr:10 | Fwd:    0.0039 ms   498.79 GF/s | Bwd:    0.0040 ms   495.30 GF/s | Mem:   1.00 MB
RESULT|avx512_phys|throughput|n64_b1024|64|1|1|1024|10|0.003942|498.792520|0.003969|495.299306|1.00
[run ] n64_b2048        | Len:     64 | Batch:  2048 | Thr:10 | Fwd:    0.0065 ms   602.71 GF/s | Bwd:    0.0065 ms   607.51 GF/s | Mem:   2.00 MB
RESULT|avx512_phys|throughput|n64_b2048|64|1|1|2048|10|0.006524|602.714311|0.006473|607.509740|2.00
[run ] n64_b4096        | Len:     64 | Batch:  4096 | Thr:10 | Fwd:    0.0118 ms   664.19 GF/s | Bwd:    0.0113 ms   694.92 GF/s | Mem:   4.00 MB
RESULT|avx512_phys|throughput|n64_b4096|64|1|1|4096|10|0.011841|664.186249|0.011317|694.919961|4.00
[run ] n64_b8192        | Len:     64 | Batch:  8192 | Thr:10 | Fwd:    0.0304 ms   518.11 GF/s | Bwd:    0.0220 ms   715.48 GF/s | Mem:   8.00 MB
RESULT|avx512_phys|throughput|n64_b8192|64|1|1|8192|10|0.030358|518.113744|0.021983|715.476976|8.00
[run ] n64_b16384       | Len:     64 | Batch: 16384 | Thr:10 | Fwd:    0.1163 ms   270.44 GF/s | Bwd:    0.1156 ms   272.02 GF/s | Mem:  16.00 MB
RESULT|avx512_phys|throughput|n64_b16384|64|1|1|16384|10|0.116319|270.439211|0.115642|272.021904|16.00
[run ] n64_b32768       | Len:     64 | Batch: 32768 | Thr:10 | Fwd:    0.4582 ms   137.30 GF/s | Bwd:    0.4650 ms   135.30 GF/s | Mem:  32.00 MB
RESULT|avx512_phys|throughput|n64_b32768|64|1|1|32768|10|0.458241|137.295837|0.465009|135.297615|32.00
[run ] n64_b65536       | Len:     64 | Batch: 65536 | Thr:10 | Fwd:    1.2771 ms    98.53 GF/s | Bwd:    1.2836 ms    98.03 GF/s | Mem:  64.00 MB
RESULT|avx512_phys|throughput|n64_b65536|64|1|1|65536|10|1.277052|98.530938|1.283563|98.031093|64.00
[run ] n128_b1          | Len:    128 | Batch:     1 | Thr:10 | Fwd:    0.0001 ms    60.07 GF/s | Bwd:    0.0001 ms    64.97 GF/s | Mem:   0.00 MB
RESULT|avx512_phys|throughput|n128_b1|128|1|1|1|10|0.000075|60.071873|0.000069|64.974004|0.00
[run ] n128_b2          | Len:    128 | Batch:     2 | Thr:10 | Fwd:    0.0001 ms    79.42 GF/s | Bwd:    0.0001 ms    82.41 GF/s | Mem:   0.00 MB
RESULT|avx512_phys|throughput|n128_b2|128|1|1|2|10|0.000113|79.418774|0.000109|82.414394|0.00
[run ] n128_b4          | Len:    128 | Batch:     4 | Thr:10 | Fwd:    0.0008 ms    23.61 GF/s | Bwd:    0.0008 ms    22.98 GF/s | Mem:   0.01 MB
RESULT|avx512_phys|throughput|n128_b4|128|1|1|4|10|0.000759|23.606133|0.000780|22.975462|0.01
[run ] n128_b8          | Len:    128 | Batch:     8 | Thr:10 | Fwd:    0.0009 ms    39.96 GF/s | Bwd:    0.0009 ms    38.99 GF/s | Mem:   0.02 MB
RESULT|avx512_phys|throughput|n128_b8|128|1|1|8|10|0.000897|39.962743|0.000919|38.994515|0.02
[run ] n128_b16         | Len:    128 | Batch:    16 | Thr:10 | Fwd:    0.0018 ms    40.11 GF/s | Bwd:    0.0012 ms    57.64 GF/s | Mem:   0.03 MB
RESULT|avx512_phys|throughput|n128_b16|128|1|1|16|10|0.001787|40.107752|0.001244|57.637305|0.03
[run ] n128_b32         | Len:    128 | Batch:    32 | Thr:10 | Fwd:    0.0033 ms    43.95 GF/s | Bwd:    0.0013 ms   108.84 GF/s | Mem:   0.06 MB
RESULT|avx512_phys|throughput|n128_b32|128|1|1|32|10|0.003262|43.949846|0.001317|108.835690|0.06
[run ] n128_b64         | Len:    128 | Batch:    64 | Thr:10 | Fwd:    0.0015 ms   196.87 GF/s | Bwd:    0.0015 ms   188.98 GF/s | Mem:   0.12 MB
RESULT|avx512_phys|throughput|n128_b64|128|1|1|64|10|0.001456|196.874933|0.001517|188.979641|0.12
[run ] n128_b128        | Len:    128 | Batch:   128 | Thr:10 | Fwd:    0.0036 ms   159.77 GF/s | Bwd:    0.0020 ms   287.67 GF/s | Mem:   0.25 MB
RESULT|avx512_phys|throughput|n128_b128|128|1|1|128|10|0.003589|159.770273|0.001993|287.673630|0.25
[run ] n128_b256        | Len:    128 | Batch:   256 | Thr:10 | Fwd:    0.0038 ms   300.51 GF/s | Bwd:    0.0028 ms   403.12 GF/s | Mem:   0.50 MB
RESULT|avx512_phys|throughput|n128_b256|128|1|1|256|10|0.003816|300.508725|0.002845|403.121092|0.50
[run ] n128_b512        | Len:    128 | Batch:   512 | Thr:10 | Fwd:    0.0046 ms   497.50 GF/s | Bwd:    0.0041 ms   554.35 GF/s | Mem:   1.00 MB
RESULT|avx512_phys|throughput|n128_b512|128|1|1|512|10|0.004611|497.498565|0.004138|554.348991|1.00
[run ] n128_b1024       | Len:    128 | Batch:  1024 | Thr:10 | Fwd:    0.0067 ms   679.81 GF/s | Bwd:    0.0067 ms   685.15 GF/s | Mem:   2.00 MB
RESULT|avx512_phys|throughput|n128_b1024|128|1|1|1024|10|0.006748|679.809127|0.006696|685.149108|2.00
[run ] n128_b2048       | Len:    128 | Batch:  2048 | Thr:10 | Fwd:    0.0122 ms   749.84 GF/s | Bwd:    0.0118 ms   778.46 GF/s | Mem:   4.00 MB
RESULT|avx512_phys|throughput|n128_b2048|128|1|1|2048|10|0.012236|749.835488|0.011786|778.464126|4.00
[run ] n128_b4096       | Len:    128 | Batch:  4096 | Thr:10 | Fwd:    0.0268 ms   683.60 GF/s | Bwd:    0.0231 ms   795.50 GF/s | Mem:   8.00 MB
RESULT|avx512_phys|throughput|n128_b4096|128|1|1|4096|10|0.026843|683.602194|0.023067|795.499133|8.00
[run ] n128_b8192       | Len:    128 | Batch:  8192 | Thr:10 | Fwd:    0.1185 ms   309.71 GF/s | Bwd:    0.1161 ms   316.18 GF/s | Mem:  16.00 MB
RESULT|avx512_phys|throughput|n128_b8192|128|1|1|8192|10|0.118498|309.712238|0.116073|316.181095|16.00
[run ] n128_b16384      | Len:    128 | Batch: 16384 | Thr:10 | Fwd:    0.4664 ms   157.39 GF/s | Bwd:    0.4713 ms   155.75 GF/s | Mem:  32.00 MB
RESULT|avx512_phys|throughput|n128_b16384|128|1|1|16384|10|0.466363|157.388686|0.471262|155.752578|32.00
[run ] n128_b32768      | Len:    128 | Batch: 32768 | Thr:10 | Fwd:    1.2673 ms   115.84 GF/s | Bwd:    1.2333 ms   119.04 GF/s | Mem:  64.00 MB
RESULT|avx512_phys|throughput|n128_b32768|128|1|1|32768|10|1.267297|115.837617|1.233255|119.035143|64.00
[run ] n128_b65536      | Len:    128 | Batch: 65536 | Thr:10 | Fwd:    2.9502 ms    99.52 GF/s | Bwd:    2.9291 ms   100.24 GF/s | Mem: 128.00 MB
RESULT|avx512_phys|throughput|n128_b65536|128|1|1|65536|10|2.950198|99.519195|2.929085|100.236527|128.00
[run ] n256_b1          | Len:    256 | Batch:     1 | Thr:10 | Fwd:    0.0002 ms    60.46 GF/s | Bwd:    0.0002 ms    62.66 GF/s | Mem:   0.00 MB
RESULT|avx512_phys|throughput|n256_b1|256|1|1|1|10|0.000169|60.458436|0.000163|62.663661|0.00
[run ] n256_b2          | Len:    256 | Batch:     2 | Thr:10 | Fwd:    0.0016 ms    12.93 GF/s | Bwd:    0.0013 ms    15.46 GF/s | Mem:   0.01 MB
RESULT|avx512_phys|throughput|n256_b2|256|1|1|2|10|0.001584|12.927693|0.001324|15.464542|0.01
[run ] n256_b4          | Len:    256 | Batch:     4 | Thr:10 | Fwd:    0.0027 ms    15.45 GF/s | Bwd:    0.0013 ms    32.65 GF/s | Mem:   0.02 MB
RESULT|avx512_phys|throughput|n256_b4|256|1|1|4|10|0.002651|15.448967|0.001255|32.647693|0.02
[run ] n256_b8          | Len:    256 | Batch:     8 | Thr:10 | Fwd:    0.0033 ms    24.83 GF/s | Bwd:    0.0015 ms    55.83 GF/s | Mem:   0.03 MB
RESULT|avx512_phys|throughput|n256_b8|256|1|1|8|10|0.003300|24.827477|0.001467|55.825922|0.03
[run ] n256_b16         | Len:    256 | Batch:    16 | Thr:10 | Fwd:    0.0033 ms    49.43 GF/s | Bwd:    0.0018 ms    92.35 GF/s | Mem:   0.06 MB
RESULT|avx512_phys|throughput|n256_b16|256|1|1|16|10|0.003314|49.432071|0.001774|92.345029|0.06
[run ] n256_b32         | Len:    256 | Batch:    32 | Thr:10 | Fwd:    0.0016 ms   200.39 GF/s | Bwd:    0.0018 ms   183.85 GF/s | Mem:   0.12 MB
RESULT|avx512_phys|throughput|n256_b32|256|1|1|32|10|0.001635|200.389224|0.001782|183.854982|0.12
[run ] n256_b64         | Len:    256 | Batch:    64 | Thr:10 | Fwd:    0.0036 ms   182.01 GF/s | Bwd:    0.0024 ms   271.06 GF/s | Mem:   0.25 MB
RESULT|avx512_phys|throughput|n256_b64|256|1|1|64|10|0.003601|182.011831|0.002418|271.061363|0.25
[run ] n256_b128        | Len:    256 | Batch:   128 | Thr:10 | Fwd:    0.0055 ms   237.37 GF/s | Bwd:    0.0040 ms   325.38 GF/s | Mem:   0.50 MB
RESULT|avx512_phys|throughput|n256_b128|256|1|1|128|10|0.005522|237.372977|0.004028|325.380162|0.50
[run ] n256_b256        | Len:    256 | Batch:   256 | Thr:10 | Fwd:    0.0053 ms   495.69 GF/s | Bwd:    0.0056 ms   469.38 GF/s | Mem:   1.00 MB
RESULT|avx512_phys|throughput|n256_b256|256|1|1|256|10|0.005288|495.690817|0.005585|469.383310|1.00
[run ] n256_b512        | Len:    256 | Batch:   512 | Thr:10 | Fwd:    0.0090 ms   581.03 GF/s | Bwd:    0.0092 ms   568.49 GF/s | Mem:   2.00 MB
RESULT|avx512_phys|throughput|n256_b512|256|1|1|512|10|0.009023|581.026669|0.009222|568.490416|2.00
[run ] n256_b1024       | Len:    256 | Batch:  1024 | Thr:10 | Fwd:    0.0169 ms   622.03 GF/s | Bwd:    0.0168 ms   622.87 GF/s | Mem:   4.00 MB
RESULT|avx512_phys|throughput|n256_b1024|256|1|1|1024|10|0.016857|622.032930|0.016835|622.866303|4.00
[run ] n256_b2048       | Len:    256 | Batch:  2048 | Thr:10 | Fwd:    0.0325 ms   645.27 GF/s | Bwd:    0.0471 ms   445.06 GF/s | Mem:   8.00 MB
RESULT|avx512_phys|throughput|n256_b2048|256|1|1|2048|10|0.032501|645.266556|0.047121|445.055415|8.00
[run ] n256_b4096       | Len:    256 | Batch:  4096 | Thr:10 | Fwd:    0.1218 ms   344.35 GF/s | Bwd:    0.1199 ms   349.74 GF/s | Mem:  16.00 MB
RESULT|avx512_phys|throughput|n256_b4096|256|1|1|4096|10|0.121803|344.351864|0.119927|349.736767|16.00
[run ] n256_b8192       | Len:    256 | Batch:  8192 | Thr:10 | Fwd:    0.4921 ms   170.48 GF/s | Bwd:    0.4957 ms   169.21 GF/s | Mem:  32.00 MB
RESULT|avx512_phys|throughput|n256_b8192|256|1|1|8192|10|0.492055|170.480977|0.495748|169.211068|32.00
[run ] n256_b16384      | Len:    256 | Batch: 16384 | Thr:10 | Fwd:    1.3195 ms   127.15 GF/s | Bwd:    1.3374 ms   125.45 GF/s | Mem:  64.00 MB
RESULT|avx512_phys|throughput|n256_b16384|256|1|1|16384|10|1.319483|127.149890|1.337387|125.447706|64.00
[run ] n256_b32768      | Len:    256 | Batch: 32768 | Thr:10 | Fwd:    2.9509 ms   113.71 GF/s | Bwd:    2.8981 ms   115.78 GF/s | Mem: 128.00 MB
RESULT|avx512_phys|throughput|n256_b32768|256|1|1|32768|10|2.950886|113.709691|2.898137|115.779299|128.00
[run ] n256_b65536      | Len:    256 | Batch: 65536 | Thr:10 | Fwd:    6.1834 ms   108.53 GF/s | Bwd:    6.1567 ms   109.00 GF/s | Mem: 256.00 MB
RESULT|avx512_phys|throughput|n256_b65536|256|1|1|65536|10|6.183404|108.530608|6.156656|109.002135|256.00
[run ] n512_b1          | Len:    512 | Batch:     1 | Thr:10 | Fwd:    0.0004 ms    59.62 GF/s | Bwd:    0.0008 ms    27.88 GF/s | Mem:   0.01 MB
RESULT|avx512_phys|throughput|n512_b1|512|1|1|1|10|0.000386|59.622880|0.000826|27.879743|0.01
[run ] n512_b2          | Len:    512 | Batch:     2 | Thr:10 | Fwd:    0.0017 ms    27.59 GF/s | Bwd:    0.0009 ms    48.53 GF/s | Mem:   0.02 MB
RESULT|avx512_phys|throughput|n512_b2|512|1|1|2|10|0.001670|27.591584|0.000949|48.531923|0.02
[run ] n512_b4          | Len:    512 | Batch:     4 | Thr:10 | Fwd:    0.0022 ms    41.27 GF/s | Bwd:    0.0012 ms    80.12 GF/s | Mem:   0.03 MB
RESULT|avx512_phys|throughput|n512_b4|512|1|1|4|10|0.002233|41.270425|0.001150|80.123343|0.03
[run ] n512_b8          | Len:    512 | Batch:     8 | Thr:10 | Fwd:    0.0026 ms    71.88 GF/s | Bwd:    0.0017 ms   111.46 GF/s | Mem:   0.06 MB
RESULT|avx512_phys|throughput|n512_b8|512|1|1|8|10|0.002564|71.879624|0.001654|111.464303|0.06
[run ] n512_b16         | Len:    512 | Batch:    16 | Thr:10 | Fwd:    0.0038 ms    98.09 GF/s | Bwd:    0.0021 ms   172.63 GF/s | Mem:   0.12 MB
RESULT|avx512_phys|throughput|n512_b16|512|1|1|16|10|0.003758|98.085985|0.002135|172.627303|0.12
[run ] n512_b32         | Len:    512 | Batch:    32 | Thr:10 | Fwd:    0.0035 ms   210.33 GF/s | Bwd:    0.0027 ms   275.78 GF/s | Mem:   0.25 MB
RESULT|avx512_phys|throughput|n512_b32|512|1|1|32|10|0.003505|210.334267|0.002673|275.784933|0.25
[run ] n512_b64         | Len:    512 | Batch:    64 | Thr:10 | Fwd:    0.0039 ms   379.90 GF/s | Bwd:    0.0035 ms   422.46 GF/s | Mem:   0.50 MB
RESULT|avx512_phys|throughput|n512_b64|512|1|1|64|10|0.003881|379.903494|0.003490|422.461571|0.50
[run ] n512_b128        | Len:    512 | Batch:   128 | Thr:10 | Fwd:    0.0052 ms   563.40 GF/s | Bwd:    0.0054 ms   548.24 GF/s | Mem:   1.00 MB
RESULT|avx512_phys|throughput|n512_b128|512|1|1|128|10|0.005235|563.397546|0.005379|548.235374|1.00
[run ] n512_b256        | Len:    512 | Batch:   256 | Thr:10 | Fwd:    0.0088 ms   670.39 GF/s | Bwd:    0.0089 ms   661.92 GF/s | Mem:   2.00 MB
RESULT|avx512_phys|throughput|n512_b256|512|1|1|256|10|0.008798|670.393950|0.008911|661.923981|2.00
[run ] n512_b512        | Len:    512 | Batch:   512 | Thr:10 | Fwd:    0.0160 ms   739.24 GF/s | Bwd:    0.0163 ms   722.78 GF/s | Mem:   4.00 MB
RESULT|avx512_phys|throughput|n512_b512|512|1|1|512|10|0.015958|739.239265|0.016321|722.781729|4.00
[run ] n512_b1024       | Len:    512 | Batch:  1024 | Thr:10 | Fwd:    0.0432 ms   546.16 GF/s | Bwd:    0.0323 ms   730.54 GF/s | Mem:   8.00 MB
RESULT|avx512_phys|throughput|n512_b1024|512|1|1|1024|10|0.043198|546.161465|0.032295|730.542307|8.00
[run ] n512_b2048       | Len:    512 | Batch:  2048 | Thr:10 | Fwd:    0.1326 ms   355.92 GF/s | Bwd:    0.1232 ms   383.03 GF/s | Mem:  16.00 MB
RESULT|avx512_phys|throughput|n512_b2048|512|1|1|2048|10|0.132574|355.920386|0.123192|383.026653|16.00
[run ] n512_b4096       | Len:    512 | Batch:  4096 | Thr:10 | Fwd:    0.5070 ms   186.15 GF/s | Bwd:    0.5140 ms   183.60 GF/s | Mem:  32.00 MB
RESULT|avx512_phys|throughput|n512_b4096|512|1|1|4096|10|0.506978|186.145798|0.514020|183.595772|32.00
[run ] n512_b8192       | Len:    512 | Batch:  8192 | Thr:10 | Fwd:    1.3462 ms   140.20 GF/s | Bwd:    1.3171 ms   143.30 GF/s | Mem:  64.00 MB
RESULT|avx512_phys|throughput|n512_b8192|512|1|1|8192|10|1.346201|140.204636|1.317108|143.301622|64.00
[run ] n512_b16384      | Len:    512 | Batch: 16384 | Thr:10 | Fwd:    2.9131 ms   129.58 GF/s | Bwd:    2.9140 ms   129.54 GF/s | Mem: 128.00 MB
RESULT|avx512_phys|throughput|n512_b16384|512|1|1|16384|10|2.913083|129.583471|2.914016|129.541952|128.00
[run ] n512_b32768      | Len:    512 | Batch: 32768 | Thr:10 | Fwd:    6.0680 ms   124.42 GF/s | Bwd:    6.1200 ms   123.36 GF/s | Mem: 256.00 MB
RESULT|avx512_phys|throughput|n512_b32768|512|1|1|32768|10|6.068049|124.418026|6.119952|123.362842|256.00
[run ] n512_b65536      | Len:    512 | Batch: 65536 | Thr:10 | Fwd:   12.2871 ms   122.89 GF/s | Bwd:   12.3101 ms   122.66 GF/s | Mem: 512.00 MB
RESULT|avx512_phys|throughput|n512_b65536|512|1|1|65536|10|12.287148|122.888516|12.310065|122.659748|512.00
[run ] n1024_b1         | Len:   1024 | Batch:     1 | Thr:10 | Fwd:    0.0012 ms    42.10 GF/s | Bwd:    0.0008 ms    65.87 GF/s | Mem:   0.02 MB
RESULT|avx512_phys|throughput|n1024_b1|1024|1|1|1|10|0.001216|42.102569|0.000777|65.869690|0.02
[run ] n1024_b2         | Len:   1024 | Batch:     2 | Thr:10 | Fwd:    0.0029 ms    35.72 GF/s | Bwd:    0.0020 ms    51.98 GF/s | Mem:   0.03 MB
RESULT|avx512_phys|throughput|n1024_b2|1024|1|1|2|10|0.002867|35.718172|0.001970|51.982079|0.03
[run ] n1024_b4         | Len:   1024 | Batch:     4 | Thr:10 | Fwd:    0.0028 ms    72.46 GF/s | Bwd:    0.0020 ms   100.08 GF/s | Mem:   0.06 MB
RESULT|avx512_phys|throughput|n1024_b4|1024|1|1|4|10|0.002826|72.461994|0.002046|100.080795|0.06
[run ] n1024_b8         | Len:   1024 | Batch:     8 | Thr:10 | Fwd:    0.0039 ms   104.44 GF/s | Bwd:    0.0029 ms   143.15 GF/s | Mem:   0.12 MB
RESULT|avx512_phys|throughput|n1024_b8|1024|1|1|8|10|0.003922|104.436895|0.002861|143.146490|0.12
[run ] n1024_b16        | Len:   1024 | Batch:    16 | Thr:10 | Fwd:    0.0038 ms   215.15 GF/s | Bwd:    0.0029 ms   279.49 GF/s | Mem:   0.25 MB
RESULT|avx512_phys|throughput|n1024_b16|1024|1|1|16|10|0.003808|215.151774|0.002931|279.488347|0.25
[run ] n1024_b32        | Len:   1024 | Batch:    32 | Thr:10 | Fwd:    0.0056 ms   291.35 GF/s | Bwd:    0.0044 ms   374.12 GF/s | Mem:   0.50 MB
RESULT|avx512_phys|throughput|n1024_b32|1024|1|1|32|10|0.005623|291.352121|0.004379|374.121997|0.50
[run ] n1024_b64        | Len:   1024 | Batch:    64 | Thr:10 | Fwd:    0.0056 ms   587.24 GF/s | Bwd:    0.0058 ms   567.88 GF/s | Mem:   1.00 MB
RESULT|avx512_phys|throughput|n1024_b64|1024|1|1|64|10|0.005580|587.235535|0.005770|567.877935|1.00
[run ] n1024_b128       | Len:   1024 | Batch:   128 | Thr:10 | Fwd:    0.0096 ms   684.12 GF/s | Bwd:    0.0095 ms   691.20 GF/s | Mem:   2.00 MB
RESULT|avx512_phys|throughput|n1024_b128|1024|1|1|128|10|0.009580|684.123055|0.009481|691.203749|2.00
[run ] n1024_b256       | Len:   1024 | Batch:   256 | Thr:10 | Fwd:    0.0181 ms   725.35 GF/s | Bwd:    0.0180 ms   728.84 GF/s | Mem:   4.00 MB
RESULT|avx512_phys|throughput|n1024_b256|1024|1|1|256|10|0.018070|725.351904|0.017984|728.836861|4.00
[run ] n1024_b512       | Len:   1024 | Batch:   512 | Thr:10 | Fwd:    0.0357 ms   734.55 GF/s | Bwd:    0.0354 ms   741.37 GF/s | Mem:   8.00 MB
RESULT|avx512_phys|throughput|n1024_b512|1024|1|1|512|10|0.035688|734.545400|0.035359|741.372410|8.00
[run ] n1024_b1024      | Len:   1024 | Batch:  1024 | Thr:10 | Fwd:    0.1306 ms   401.52 GF/s | Bwd:    0.1281 ms   409.44 GF/s | Mem:  16.00 MB
RESULT|avx512_phys|throughput|n1024_b1024|1024|1|1|1024|10|0.130576|401.517984|0.128051|409.435357|16.00
[run ] n1024_b2048      | Len:   1024 | Batch:  2048 | Thr:10 | Fwd:    0.5085 ms   206.22 GF/s | Bwd:    0.5126 ms   204.56 GF/s | Mem:  32.00 MB
RESULT|avx512_phys|throughput|n1024_b2048|1024|1|1|2048|10|0.508481|206.217428|0.512591|204.563842|32.00
[run ] n1024_b4096      | Len:   1024 | Batch:  4096 | Thr:10 | Fwd:    1.3312 ms   157.54 GF/s | Bwd:    1.2990 ms   161.45 GF/s | Mem:  64.00 MB
RESULT|avx512_phys|throughput|n1024_b4096|1024|1|1|4096|10|1.331155|157.543842|1.298951|161.449649|64.00
[run ] n1024_b8192      | Len:   1024 | Batch:  8192 | Thr:10 | Fwd:    2.8828 ms   145.49 GF/s | Bwd:    2.9138 ms   143.94 GF/s | Mem: 128.00 MB
RESULT|avx512_phys|throughput|n1024_b8192|1024|1|1|8192|10|2.882800|145.494103|2.913825|143.944972|128.00
[run ] n1024_b16384     | Len:   1024 | Batch: 16384 | Thr:10 | Fwd:    6.0310 ms   139.09 GF/s | Bwd:    6.0094 ms   139.59 GF/s | Mem: 256.00 MB
RESULT|avx512_phys|throughput|n1024_b16384|1024|1|1|16384|10|6.031011|139.091239|6.009354|139.592504|256.00
[run ] n1024_b32768     | Len:   1024 | Batch: 32768 | Thr:10 | Fwd:   12.2573 ms   136.88 GF/s | Bwd:   12.2882 ms   136.53 GF/s | Mem: 512.00 MB
RESULT|avx512_phys|throughput|n1024_b32768|1024|1|1|32768|10|12.257294|136.875366|12.288228|136.530798|512.00
[run ] n1024_b65536     | Len:   1024 | Batch: 65536 | Thr:10 | Fwd:   24.2721 ms   138.24 GF/s | Bwd:   24.8497 ms   135.03 GF/s | Mem:1024.00 MB
RESULT|avx512_phys|throughput|n1024_b65536|1024|1|1|65536|10|24.272130|138.242637|24.849688|135.029592|1024.00
[run ] n2048_b1         | Len:   2048 | Batch:     1 | Thr:10 | Fwd:    0.0015 ms    72.67 GF/s | Bwd:    0.0015 ms    74.32 GF/s | Mem:   0.03 MB
RESULT|avx512_phys|throughput|n2048_b1|2048|1|1|1|10|0.001550|72.672881|0.001516|74.321420|0.03
[run ] n2048_b2         | Len:   2048 | Batch:     2 | Thr:10 | Fwd:    0.0025 ms    91.67 GF/s | Bwd:    0.0027 ms    84.70 GF/s | Mem:   0.06 MB
RESULT|avx512_phys|throughput|n2048_b2|2048|1|1|2|10|0.002457|91.671305|0.002660|84.704246|0.06
[run ] n2048_b4         | Len:   2048 | Batch:     4 | Thr:10 | Fwd:    0.0032 ms   140.74 GF/s | Bwd:    0.0031 ms   146.66 GF/s | Mem:   0.12 MB
RESULT|avx512_phys|throughput|n2048_b4|2048|1|1|4|10|0.003201|140.736801|0.003072|146.660997|0.12
[run ] n2048_b8         | Len:   2048 | Batch:     8 | Thr:10 | Fwd:    0.0036 ms   247.93 GF/s | Bwd:    0.0032 ms   280.90 GF/s | Mem:   0.25 MB
RESULT|avx512_phys|throughput|n2048_b8|2048|1|1|8|10|0.003635|247.931780|0.003208|280.900412|0.25
[run ] n2048_b16        | Len:   2048 | Batch:    16 | Thr:10 | Fwd:    0.0048 ms   375.70 GF/s | Bwd:    0.0046 ms   391.09 GF/s | Mem:   0.50 MB
RESULT|avx512_phys|throughput|n2048_b16|2048|1|1|16|10|0.004797|375.702905|0.004608|391.093968|0.50
[run ] n2048_b32        | Len:   2048 | Batch:    32 | Thr:10 | Fwd:    0.0074 ms   489.25 GF/s | Bwd:    0.0073 ms   493.14 GF/s | Mem:   1.00 MB
RESULT|avx512_phys|throughput|n2048_b32|2048|1|1|32|10|0.007367|489.252216|0.007309|493.139781|1.00
[run ] n2048_b64        | Len:   2048 | Batch:    64 | Thr:10 | Fwd:    0.0118 ms   610.11 GF/s | Bwd:    0.0118 ms   608.56 GF/s | Mem:   2.00 MB
RESULT|avx512_phys|throughput|n2048_b64|2048|1|1|64|10|0.011816|610.110126|0.011846|608.558008|2.00
[run ] n2048_b128       | Len:   2048 | Batch:   128 | Thr:10 | Fwd:    0.0207 ms   695.74 GF/s | Bwd:    0.0212 ms   680.15 GF/s | Mem:   4.00 MB
RESULT|avx512_phys|throughput|n2048_b128|2048|1|1|128|10|0.020723|695.742918|0.021198|680.153631|4.00
[run ] n2048_b256       | Len:   2048 | Batch:   256 | Thr:10 | Fwd:    0.0429 ms   672.41 GF/s | Bwd:    0.0427 ms   675.84 GF/s | Mem:   8.00 MB
RESULT|avx512_phys|throughput|n2048_b256|2048|1|1|256|10|0.042884|672.409402|0.042667|675.837623|8.00
[run ] n2048_b512       | Len:   2048 | Batch:   512 | Thr:10 | Fwd:    0.1399 ms   412.25 GF/s | Bwd:    0.1364 ms   422.74 GF/s | Mem:  16.00 MB
RESULT|avx512_phys|throughput|n2048_b512|2048|1|1|512|10|0.139896|412.245514|0.136423|422.740094|16.00
[run ] n2048_b1024      | Len:   2048 | Batch:  1024 | Thr:10 | Fwd:    0.5415 ms   213.02 GF/s | Bwd:    0.5148 ms   224.08 GF/s | Mem:  32.00 MB
RESULT|avx512_phys|throughput|n2048_b1024|2048|1|1|1024|10|0.541462|213.022024|0.514751|224.075902|32.00
[run ] n2048_b2048      | Len:   2048 | Batch:  2048 | Thr:10 | Fwd:    1.3264 ms   173.92 GF/s | Bwd:    1.3572 ms   169.97 GF/s | Mem:  64.00 MB
RESULT|avx512_phys|throughput|n2048_b2048|2048|1|1|2048|10|1.326364|173.924099|1.357191|169.973672|64.00
[run ] n2048_b4096      | Len:   2048 | Batch:  4096 | Thr:10 | Fwd:    3.0449 ms   151.52 GF/s | Bwd:    3.0255 ms   152.50 GF/s | Mem: 128.00 MB
RESULT|avx512_phys|throughput|n2048_b4096|2048|1|1|4096|10|3.044946|151.521070|3.025471|152.496400|128.00
[run ] n2048_b8192      | Len:   2048 | Batch:  8192 | Thr:10 | Fwd:    6.1254 ms   150.64 GF/s | Bwd:    6.3179 ms   146.05 GF/s | Mem: 256.00 MB
RESULT|avx512_phys|throughput|n2048_b8192|2048|1|1|8192|10|6.125390|150.642959|6.317858|146.053761|256.00
[run ] n2048_b16384     | Len:   2048 | Batch: 16384 | Thr:10 | Fwd:   12.6232 ms   146.20 GF/s | Bwd:   12.9075 ms   142.98 GF/s | Mem: 512.00 MB
RESULT|avx512_phys|throughput|n2048_b16384|2048|1|1|16384|10|12.623172|146.198887|12.907547|142.977883|512.00
[run ] n2048_b32768     | Len:   2048 | Batch: 32768 | Thr:10 | Fwd:   25.0499 ms   147.35 GF/s | Bwd:   25.5994 ms   144.18 GF/s | Mem:1024.00 MB
RESULT|avx512_phys|throughput|n2048_b32768|2048|1|1|32768|10|25.049911|147.345332|25.599388|144.182649|1024.00
[run ] n2048_b65536     | Len:   2048 | Batch: 65536 | Thr:10 | Fwd:   50.2269 ms   146.97 GF/s | Bwd:   50.9486 ms   144.89 GF/s | Mem:2048.00 MB
RESULT|avx512_phys|throughput|n2048_b65536|2048|1|1|65536|10|50.226863|146.972647|50.948597|144.890645|2048.00
[run ] n4096_b1         | Len:   4096 | Batch:     1 | Thr:10 | Fwd:    0.0037 ms    66.81 GF/s | Bwd:    0.0037 ms    65.73 GF/s | Mem:   0.06 MB
RESULT|avx512_phys|throughput|n4096_b1|4096|1|1|1|10|0.003678|66.813077|0.003739|65.730911|0.06
[run ] n4096_b2         | Len:   4096 | Batch:     2 | Thr:10 | Fwd:    0.0047 ms   105.12 GF/s | Bwd:    0.0047 ms   105.51 GF/s | Mem:   0.12 MB
RESULT|avx512_phys|throughput|n4096_b2|4096|1|1|2|10|0.004676|105.115298|0.004658|105.513409|0.12
[run ] n4096_b4         | Len:   4096 | Batch:     4 | Thr:10 | Fwd:    0.0049 ms   201.19 GF/s | Bwd:    0.0050 ms   198.19 GF/s | Mem:   0.25 MB
RESULT|avx512_phys|throughput|n4096_b4|4096|1|1|4|10|0.004886|201.189060|0.004960|198.193051|0.25
[run ] n4096_b8         | Len:   4096 | Batch:     8 | Thr:10 | Fwd:    0.0050 ms   391.30 GF/s | Bwd:    0.0055 ms   355.90 GF/s | Mem:   0.50 MB
RESULT|avx512_phys|throughput|n4096_b8|4096|1|1|8|10|0.005025|391.296417|0.005524|355.896576|0.50
[run ] n4096_b16        | Len:   4096 | Batch:    16 | Thr:10 | Fwd:    0.0085 ms   460.69 GF/s | Bwd:    0.0090 ms   436.79 GF/s | Mem:   1.00 MB
RESULT|avx512_phys|throughput|n4096_b16|4096|1|1|16|10|0.008535|460.686656|0.009002|436.792530|1.00
[run ] n4096_b32        | Len:   4096 | Batch:    32 | Thr:10 | Fwd:    0.0150 ms   523.33 GF/s | Bwd:    0.0159 ms   493.95 GF/s | Mem:   2.00 MB
RESULT|avx512_phys|throughput|n4096_b32|4096|1|1|32|10|0.015027|523.329422|0.015921|493.950889|2.00
[run ] n4096_b64        | Len:   4096 | Batch:    64 | Thr:10 | Fwd:    0.0291 ms   540.24 GF/s | Bwd:    0.0307 ms   511.56 GF/s | Mem:   4.00 MB
RESULT|avx512_phys|throughput|n4096_b64|4096|1|1|64|10|0.029114|540.240380|0.030746|511.562554|4.00
[run ] n4096_b128       | Len:   4096 | Batch:   128 | Thr:10 | Fwd:    0.0547 ms   575.13 GF/s | Bwd:    0.0588 ms   534.59 GF/s | Mem:   8.00 MB
RESULT|avx512_phys|throughput|n4096_b128|4096|1|1|128|10|0.054696|575.128068|0.058844|534.591242|8.00
[run ] n4096_b256       | Len:   4096 | Batch:   256 | Thr:10 | Fwd:    0.1547 ms   406.68 GF/s | Bwd:    0.1649 ms   381.46 GF/s | Mem:  16.00 MB
RESULT|avx512_phys|throughput|n4096_b256|4096|1|1|256|10|0.154704|406.677138|0.164930|381.463276|16.00
[run ] n4096_b512       | Len:   4096 | Batch:   512 | Thr:10 | Fwd:    0.5753 ms   218.72 GF/s | Bwd:    0.5673 ms   221.80 GF/s | Mem:  32.00 MB
RESULT|avx512_phys|throughput|n4096_b512|4096|1|1|512|10|0.575309|218.715539|0.567309|221.799954|32.00
[run ] n4096_b1024      | Len:   4096 | Batch:  1024 | Thr:10 | Fwd:    1.3813 ms   182.19 GF/s | Bwd:    1.3904 ms   181.00 GF/s | Mem:  64.00 MB
RESULT|avx512_phys|throughput|n4096_b1024|4096|1|1|1024|10|1.381286|182.191243|1.390379|180.999742|64.00
[run ] n4096_b2048      | Len:   4096 | Batch:  2048 | Thr:10 | Fwd:    3.0655 ms   164.19 GF/s | Bwd:    3.0593 ms   164.52 GF/s | Mem: 128.00 MB
RESULT|avx512_phys|throughput|n4096_b2048|4096|1|1|2048|10|3.065541|164.185230|3.059316|164.519263|128.00
[run ] n4096_b4096      | Len:   4096 | Batch:  4096 | Thr:10 | Fwd:    6.3721 ms   157.98 GF/s | Bwd:    6.4487 ms   156.10 GF/s | Mem: 256.00 MB
RESULT|avx512_phys|throughput|n4096_b4096|4096|1|1|4096|10|6.372100|157.975065|6.448664|156.099453|256.00
[run ] n4096_b8192      | Len:   4096 | Batch:  8192 | Thr:10 | Fwd:   12.9910 ms   154.97 GF/s | Bwd:   13.1130 ms   153.53 GF/s | Mem: 512.00 MB
RESULT|avx512_phys|throughput|n4096_b8192|4096|1|1|8192|10|12.990976|154.974191|13.112951|153.532637|512.00
[run ] n4096_b16384     | Len:   4096 | Batch: 16384 | Thr:10 | Fwd:   25.6562 ms   156.94 GF/s | Bwd:   26.4550 ms   152.20 GF/s | Mem:1024.00 MB
RESULT|avx512_phys|throughput|n4096_b16384|4096|1|1|16384|10|25.656170|156.942045|26.454965|152.203256|1024.00
[run ] n4096_b32768     | Len:   4096 | Batch: 32768 | Thr:10 | Fwd:   51.3740 ms   156.75 GF/s | Bwd:   52.1828 ms   154.32 GF/s | Mem:2048.00 MB
RESULT|avx512_phys|throughput|n4096_b32768|4096|1|1|32768|10|51.374038|156.753565|52.182777|154.324168|2048.00
[skip] n4096_b65536     | Len:   4096 | Batch: 65536 | Thr:10 | Mem: 4096.0 MB > limit 3072.0 MB
SKIP|avx512_phys|throughput|n4096_b65536|4096|1|1|65536|10|4096.00|memory_limit
[run ] n8192_b1         | Len:   8192 | Batch:     1 | Thr:10 | Fwd:    0.0089 ms    60.08 GF/s | Bwd:    0.0088 ms    60.57 GF/s | Mem:   0.12 MB
RESULT|avx512_phys|throughput|n8192_b1|8192|1|1|1|10|0.008862|60.082724|0.008791|60.569604|0.12
[run ] n8192_b2         | Len:   8192 | Batch:     2 | Thr:10 | Fwd:    0.0185 ms    57.43 GF/s | Bwd:    0.0176 ms    60.45 GF/s | Mem:   0.25 MB
RESULT|avx512_phys|throughput|n8192_b2|8192|1|1|2|10|0.018544|57.428946|0.017618|60.448454|0.25
[run ] n8192_b4         | Len:   8192 | Batch:     4 | Thr:10 | Fwd:    0.0339 ms    62.81 GF/s | Bwd:    0.0353 ms    60.38 GF/s | Mem:   0.50 MB
RESULT|avx512_phys|throughput|n8192_b4|8192|1|1|4|10|0.033911|62.808519|0.035276|60.378592|0.50
[run ] n8192_b8         | Len:   8192 | Batch:     8 | Thr:10 | Fwd:    0.0105 ms   407.00 GF/s | Bwd:    0.0107 ms   398.38 GF/s | Mem:   1.00 MB
RESULT|avx512_phys|throughput|n8192_b8|8192|1|1|8|10|0.010467|406.996477|0.010693|398.377331|1.00
[run ] n8192_b16        | Len:   8192 | Batch:    16 | Thr:10 | Fwd:    0.0198 ms   429.90 GF/s | Bwd:    0.0194 ms   439.31 GF/s | Mem:   2.00 MB
RESULT|avx512_phys|throughput|n8192_b16|8192|1|1|16|10|0.019818|429.904933|0.019393|439.312621|2.00
[run ] n8192_b32        | Len:   8192 | Batch:    32 | Thr:10 | Fwd:    0.0484 ms   351.97 GF/s | Bwd:    0.0382 ms   445.69 GF/s | Mem:   4.00 MB
RESULT|avx512_phys|throughput|n8192_b32|8192|1|1|32|10|0.048412|351.968827|0.038231|445.693844|4.00
[run ] n8192_b64        | Len:   8192 | Batch:    64 | Thr:10 | Fwd:    0.0745 ms   457.72 GF/s | Bwd:    0.0770 ms   442.69 GF/s | Mem:   8.00 MB
RESULT|avx512_phys|throughput|n8192_b64|8192|1|1|64|10|0.074454|457.717899|0.076980|442.693464|8.00
[run ] n8192_b128       | Len:   8192 | Batch:   128 | Thr:10 | Fwd:    0.1731 ms   393.75 GF/s | Bwd:    0.1760 ms   387.30 GF/s | Mem:  16.00 MB
RESULT|avx512_phys|throughput|n8192_b128|8192|1|1|128|10|0.173099|393.747465|0.175982|387.297585|16.00
[run ] n8192_b256       | Len:   8192 | Batch:   256 | Thr:10 | Fwd:    0.5504 ms   247.65 GF/s | Bwd:    0.5461 ms   249.61 GF/s | Mem:  32.00 MB
RESULT|avx512_phys|throughput|n8192_b256|8192|1|1|256|10|0.550424|247.654530|0.546121|249.605734|32.00
[run ] n8192_b512       | Len:   8192 | Batch:   512 | Thr:10 | Fwd:    1.3490 ms   202.10 GF/s | Bwd:    1.3668 ms   199.47 GF/s | Mem:  64.00 MB
RESULT|avx512_phys|throughput|n8192_b512|8192|1|1|512|10|1.348984|202.100040|1.366803|199.465254|64.00
[run ] n8192_b1024      | Len:   8192 | Batch:  1024 | Thr:10 | Fwd:    2.9846 ms   182.69 GF/s | Bwd:    3.0862 ms   176.68 GF/s | Mem: 128.00 MB
RESULT|avx512_phys|throughput|n8192_b1024|8192|1|1|1024|10|2.984618|182.689880|3.086194|176.676994|128.00
[run ] n8192_b2048      | Len:   8192 | Batch:  2048 | Thr:10 | Fwd:    6.2823 ms   173.59 GF/s | Bwd:    6.2457 ms   174.60 GF/s | Mem: 256.00 MB
RESULT|avx512_phys|throughput|n8192_b2048|8192|1|1|2048|10|6.282256|173.587157|6.245661|174.604259|256.00
[run ] n8192_b4096      | Len:   8192 | Batch:  4096 | Thr:10 | Fwd:   12.6755 ms   172.07 GF/s | Bwd:   13.3795 ms   163.01 GF/s | Mem: 512.00 MB
RESULT|avx512_phys|throughput|n8192_b4096|8192|1|1|4096|10|12.675514|172.067035|13.379549|163.012828|512.00
[run ] n8192_b8192      | Len:   8192 | Batch:  8192 | Thr:10 | Fwd:   25.5525 ms   170.71 GF/s | Bwd:   25.8359 ms   168.84 GF/s | Mem:1024.00 MB
RESULT|avx512_phys|throughput|n8192_b8192|8192|1|1|8192|10|25.552542|170.710064|25.835918|168.837666|1024.00
[run ] n8192_b16384     | Len:   8192 | Batch: 16384 | Thr:10 | Fwd:   51.1714 ms   170.49 GF/s | Bwd:   51.5496 ms   169.24 GF/s | Mem:2048.00 MB
RESULT|avx512_phys|throughput|n8192_b16384|8192|1|1|16384|10|51.171401|170.488831|51.549556|169.238166|2048.00
[skip] n8192_b32768     | Len:   8192 | Batch: 32768 | Thr:10 | Mem: 4096.0 MB > limit 3072.0 MB
SKIP|avx512_phys|throughput|n8192_b32768|8192|1|1|32768|10|4096.00|memory_limit
[skip] n8192_b65536     | Len:   8192 | Batch: 65536 | Thr:10 | Mem: 8192.0 MB > limit 3072.0 MB
SKIP|avx512_phys|throughput|n8192_b65536|8192|1|1|65536|10|8192.00|memory_limit
[run ] n16384_b1        | Len:  16384 | Batch:     1 | Thr:10 | Fwd:    0.0125 ms    91.55 GF/s | Bwd:    0.0126 ms    90.95 GF/s | Mem:   0.25 MB
RESULT|avx512_phys|throughput|n16384_b1|16384|1|1|1|10|0.012527|91.553075|0.012611|90.946211|0.25
[run ] n16384_b2        | Len:  16384 | Batch:     2 | Thr:10 | Fwd:    0.0418 ms    54.85 GF/s | Bwd:    0.0417 ms    54.99 GF/s | Mem:   0.50 MB
RESULT|avx512_phys|throughput|n16384_b2|16384|1|1|2|10|0.041818|54.851460|0.041713|54.989722|0.50
[run ] n16384_b4        | Len:  16384 | Batch:     4 | Thr:10 | Fwd:    0.0930 ms    49.30 GF/s | Bwd:    0.0922 ms    49.74 GF/s | Mem:   1.00 MB
RESULT|avx512_phys|throughput|n16384_b4|16384|1|1|4|10|0.093044|49.304949|0.092238|49.735788|1.00
[run ] n16384_b8        | Len:  16384 | Batch:     8 | Thr:10 | Fwd:    0.0227 ms   404.08 GF/s | Bwd:    0.0233 ms   394.07 GF/s | Mem:   2.00 MB
RESULT|avx512_phys|throughput|n16384_b8|16384|1|1|8|10|0.022706|404.075170|0.023283|394.073240|2.00
[run ] n16384_b16       | Len:  16384 | Batch:    16 | Thr:10 | Fwd:    0.0440 ms   416.95 GF/s | Bwd:    0.0449 ms   408.45 GF/s | Mem:   4.00 MB
RESULT|avx512_phys|throughput|n16384_b16|16384|1|1|16|10|0.044010|416.950069|0.044926|408.449283|4.00
[run ] n16384_b32       | Len:  16384 | Batch:    32 | Thr:10 | Fwd:    0.0948 ms   387.03 GF/s | Bwd:    0.0954 ms   384.60 GF/s | Mem:   8.00 MB
RESULT|avx512_phys|throughput|n16384_b32|16384|1|1|32|10|0.094826|387.027191|0.095423|384.603115|8.00
[run ] n16384_b64       | Len:  16384 | Batch:    64 | Thr:10 | Fwd:    0.1986 ms   369.66 GF/s | Bwd:    0.2010 ms   365.18 GF/s | Mem:  16.00 MB
RESULT|avx512_phys|throughput|n16384_b64|16384|1|1|64|10|0.198561|369.661933|0.201000|365.176286|16.00
[run ] n16384_b128      | Len:  16384 | Batch:   128 | Thr:10 | Fwd:    0.5793 ms   253.40 GF/s | Bwd:    0.5942 ms   247.04 GF/s | Mem:  32.00 MB
RESULT|avx512_phys|throughput|n16384_b128|16384|1|1|128|10|0.579332|253.396220|0.594235|247.041195|32.00
[run ] n16384_b256      | Len:  16384 | Batch:   256 | Thr:10 | Fwd:    1.3789 ms   212.92 GF/s | Bwd:    1.4285 ms   205.53 GF/s | Mem:  64.00 MB
RESULT|avx512_phys|throughput|n16384_b256|16384|1|1|256|10|1.378920|212.921232|1.428529|205.527038|64.00
[run ] n16384_b512      | Len:  16384 | Batch:   512 | Thr:10 | Fwd:    3.0310 ms   193.73 GF/s | Bwd:    3.0770 ms   190.84 GF/s | Mem: 128.00 MB
RESULT|avx512_phys|throughput|n16384_b512|16384|1|1|512|10|3.030969|193.734259|3.076979|190.837383|128.00
[run ] n16384_b1024     | Len:  16384 | Batch:  1024 | Thr:10 | Fwd:    6.3358 ms   185.36 GF/s | Bwd:    6.3573 ms   184.73 GF/s | Mem: 256.00 MB
RESULT|avx512_phys|throughput|n16384_b1024|16384|1|1|1024|10|6.335804|185.360086|6.357345|184.732011|256.00
[run ] n16384_b2048     | Len:  16384 | Batch:  2048 | Thr:10 | Fwd:   12.8587 ms   182.66 GF/s | Bwd:   13.0945 ms   179.37 GF/s | Mem: 512.00 MB
RESULT|avx512_phys|throughput|n16384_b2048|16384|1|1|2048|10|12.858669|182.663552|13.094529|179.373401|512.00
[run ] n16384_b4096     | Len:  16384 | Batch:  4096 | Thr:10 | Fwd:   25.9853 ms   180.78 GF/s | Bwd:   27.4094 ms   171.39 GF/s | Mem:1024.00 MB
RESULT|avx512_phys|throughput|n16384_b4096|16384|1|1|4096|10|25.985285|180.780027|27.409393|171.387249|1024.00
[run ] n16384_b8192     | Len:  16384 | Batch:  8192 | Thr:10 | Fwd:   52.6878 ms   178.32 GF/s | Bwd:   53.8862 ms   174.35 GF/s | Mem:2048.00 MB
RESULT|avx512_phys|throughput|n16384_b8192|16384|1|1|8192|10|52.687795|178.319114|53.886184|174.353431|2048.00
[skip] n16384_b16384    | Len:  16384 | Batch: 16384 | Thr:10 | Mem: 4096.0 MB > limit 3072.0 MB
SKIP|avx512_phys|throughput|n16384_b16384|16384|1|1|16384|10|4096.00|memory_limit
[skip] n16384_b32768    | Len:  16384 | Batch: 32768 | Thr:10 | Mem: 8192.0 MB > limit 3072.0 MB
SKIP|avx512_phys|throughput|n16384_b32768|16384|1|1|32768|10|8192.00|memory_limit
[skip] n16384_b65536    | Len:  16384 | Batch: 65536 | Thr:10 | Mem:16384.0 MB > limit 3072.0 MB
SKIP|avx512_phys|throughput|n16384_b65536|16384|1|1|65536|10|16384.00|memory_limit
[run ] n32768_b1        | Len:  32768 | Batch:     1 | Thr:10 | Fwd:    0.0198 ms   124.10 GF/s | Bwd:    0.0194 ms   126.53 GF/s | Mem:   0.50 MB
RESULT|avx512_phys|throughput|n32768_b1|32768|1|1|1|10|0.019803|124.103607|0.019423|126.527555|0.50
[run ] n32768_b2        | Len:  32768 | Batch:     2 | Thr:10 | Fwd:    0.1106 ms    44.45 GF/s | Bwd:    0.1120 ms    43.87 GF/s | Mem:   1.00 MB
RESULT|avx512_phys|throughput|n32768_b2|32768|1|1|2|10|0.110579|44.449606|0.112035|43.872046|1.00
[run ] n32768_b4        | Len:  32768 | Batch:     4 | Thr:10 | Fwd:    0.2449 ms    40.14 GF/s | Bwd:    0.2464 ms    39.90 GF/s | Mem:   2.00 MB
RESULT|avx512_phys|throughput|n32768_b4|32768|1|1|4|10|0.244918|40.137521|0.246373|39.900502|2.00
[run ] n32768_b8        | Len:  32768 | Batch:     8 | Thr:10 | Fwd:    0.0539 ms   364.99 GF/s | Bwd:    0.0590 ms   333.16 GF/s | Mem:   4.00 MB
RESULT|avx512_phys|throughput|n32768_b8|32768|1|1|8|10|0.053866|364.991675|0.059014|333.155728|4.00
[run ] n32768_b16       | Len:  32768 | Batch:    16 | Thr:10 | Fwd:    0.1159 ms   339.37 GF/s | Bwd:    0.1231 ms   319.34 GF/s | Mem:   8.00 MB
RESULT|avx512_phys|throughput|n32768_b16|32768|1|1|16|10|0.115866|339.372479|0.123135|319.337327|8.00
[run ] n32768_b32       | Len:  32768 | Batch:    32 | Thr:10 | Fwd:    0.2594 ms   303.12 GF/s | Bwd:    0.2681 ms   293.39 GF/s | Mem:  16.00 MB
RESULT|avx512_phys|throughput|n32768_b32|32768|1|1|32|10|0.259443|303.123511|0.268054|293.385808|16.00
[run ] n32768_b64       | Len:  32768 | Batch:    64 | Thr:10 | Fwd:    0.6585 ms   238.85 GF/s | Bwd:    0.6746 ms   233.16 GF/s | Mem:  32.00 MB
RESULT|avx512_phys|throughput|n32768_b64|32768|1|1|64|10|0.658509|238.852155|0.674598|233.155885|32.00
[run ] n32768_b128      | Len:  32768 | Batch:   128 | Thr:10 | Fwd:    1.4986 ms   209.91 GF/s | Bwd:    1.5188 ms   207.12 GF/s | Mem:  64.00 MB
RESULT|avx512_phys|throughput|n32768_b128|32768|1|1|128|10|1.498610|209.909714|1.518767|207.123860|64.00
[run ] n32768_b256      | Len:  32768 | Batch:   256 | Thr:10 | Fwd:    3.3553 ms   187.51 GF/s | Bwd:    3.2808 ms   191.77 GF/s | Mem: 128.00 MB
RESULT|avx512_phys|throughput|n32768_b256|32768|1|1|256|10|3.355317|187.507030|3.280772|191.767569|128.00
[run ] n32768_b512      | Len:  32768 | Batch:   512 | Thr:10 | Fwd:    6.7141 ms   187.41 GF/s | Bwd:    6.6289 ms   189.82 GF/s | Mem: 256.00 MB
RESULT|avx512_phys|throughput|n32768_b512|32768|1|1|512|10|6.714069|187.411116|6.628925|189.818282|256.00
[run ] n32768_b1024     | Len:  32768 | Batch:  1024 | Thr:10 | Fwd:   13.5761 ms   185.37 GF/s | Bwd:   13.4107 ms   187.66 GF/s | Mem: 512.00 MB
RESULT|avx512_phys|throughput|n32768_b1024|32768|1|1|1024|10|13.576078|185.368883|13.410679|187.655106|512.00
[run ] n32768_b2048     | Len:  32768 | Batch:  2048 | Thr:10 | Fwd:   27.0841 ms   185.83 GF/s | Bwd:   27.4974 ms   183.04 GF/s | Mem:1024.00 MB
RESULT|avx512_phys|throughput|n32768_b2048|32768|1|1|2048|10|27.084079|185.834813|27.497355|183.041781|1024.00
[run ] n32768_b4096     | Len:  32768 | Batch:  4096 | Thr:10 | Fwd:   54.1827 ms   185.79 GF/s | Bwd:   55.2536 ms   182.18 GF/s | Mem:2048.00 MB
RESULT|avx512_phys|throughput|n32768_b4096|32768|1|1|4096|10|54.182668|185.785049|55.253584|182.184193|2048.00
[skip] n32768_b8192     | Len:  32768 | Batch:  8192 | Thr:10 | Mem: 4096.0 MB > limit 3072.0 MB
SKIP|avx512_phys|throughput|n32768_b8192|32768|1|1|8192|10|4096.00|memory_limit
[skip] n32768_b16384    | Len:  32768 | Batch: 16384 | Thr:10 | Mem: 8192.0 MB > limit 3072.0 MB
SKIP|avx512_phys|throughput|n32768_b16384|32768|1|1|16384|10|8192.00|memory_limit
[skip] n32768_b32768    | Len:  32768 | Batch: 32768 | Thr:10 | Mem:16384.0 MB > limit 3072.0 MB
SKIP|avx512_phys|throughput|n32768_b32768|32768|1|1|32768|10|16384.00|memory_limit
[skip] n32768_b65536    | Len:  32768 | Batch: 65536 | Thr:10 | Mem:32768.0 MB > limit 3072.0 MB
SKIP|avx512_phys|throughput|n32768_b65536|32768|1|1|65536|10|32768.00|memory_limit
[run ] n65536_b1        | Len:  65536 | Batch:     1 | Thr:10 | Fwd:    0.0493 ms   106.37 GF/s | Bwd:    0.0383 ms   137.03 GF/s | Mem:   1.00 MB
RESULT|avx512_phys|throughput|n65536_b1|65536|1|1|1|10|0.049291|106.366402|0.038262|137.027016|1.00
[run ] n65536_b2        | Len:  65536 | Batch:     2 | Thr:10 | Fwd:    0.2817 ms    37.22 GF/s | Bwd:    0.2867 ms    36.58 GF/s | Mem:   2.00 MB
RESULT|avx512_phys|throughput|n65536_b2|65536|1|1|2|10|0.281747|37.216910|0.286662|36.578839|2.00
[run ] n65536_b4        | Len:  65536 | Batch:     4 | Thr:10 | Fwd:    0.5680 ms    36.92 GF/s | Bwd:    0.5767 ms    36.37 GF/s | Mem:   4.00 MB
RESULT|avx512_phys|throughput|n65536_b4|65536|1|1|4|10|0.567983|36.922823|0.576655|36.367563|4.00
[run ] n65536_b8        | Len:  65536 | Batch:     8 | Thr:10 | Fwd:    0.1718 ms   244.12 GF/s | Bwd:    0.1667 ms   251.63 GF/s | Mem:   8.00 MB
RESULT|avx512_phys|throughput|n65536_b8|65536|1|1|8|10|0.171811|244.123598|0.166686|251.628532|8.00
[run ] n65536_b16       | Len:  65536 | Batch:    16 | Thr:10 | Fwd:    0.4080 ms   205.58 GF/s | Bwd:    0.4044 ms   207.44 GF/s | Mem:  16.00 MB
RESULT|avx512_phys|throughput|n65536_b16|65536|1|1|16|10|0.408044|205.581157|0.404387|207.440176|16.00
[run ] n65536_b32       | Len:  65536 | Batch:    32 | Thr:10 | Fwd:    1.0370 ms   161.78 GF/s | Bwd:    1.0669 ms   157.25 GF/s | Mem:  32.00 MB
RESULT|avx512_phys|throughput|n65536_b32|65536|1|1|32|10|1.037012|161.784202|1.066888|157.253819|32.00
[run ] n65536_b64       | Len:  65536 | Batch:    64 | Thr:10 | Fwd:    2.1763 ms   154.18 GF/s | Bwd:    2.2510 ms   149.07 GF/s | Mem:  64.00 MB
RESULT|avx512_phys|throughput|n65536_b64|65536|1|1|64|10|2.176278|154.182637|2.250959|149.067256|64.00
[run ] n65536_b128      | Len:  65536 | Batch:   128 | Thr:10 | Fwd:    4.3079 ms   155.78 GF/s | Bwd:    4.2927 ms   156.33 GF/s | Mem: 128.00 MB
RESULT|avx512_phys|throughput|n65536_b128|65536|1|1|128|10|4.307867|155.782108|4.292733|156.331308|128.00
[run ] n65536_b256      | Len:  65536 | Batch:   256 | Thr:10 | Fwd:    8.5054 ms   157.80 GF/s | Bwd:    8.5131 ms   157.66 GF/s | Mem: 256.00 MB
RESULT|avx512_phys|throughput|n65536_b256|65536|1|1|256|10|8.505377|157.803379|8.513053|157.661091|256.00
[run ] n65536_b512      | Len:  65536 | Batch:   512 | Thr:10 | Fwd:   16.9374 ms   158.49 GF/s | Bwd:   17.1032 ms   156.95 GF/s | Mem: 512.00 MB
RESULT|avx512_phys|throughput|n65536_b512|65536|1|1|512|10|16.937449|158.486358|17.103201|156.950422|512.00
[run ] n65536_b1024     | Len:  65536 | Batch:  1024 | Thr:10 | Fwd:   32.6733 ms   164.31 GF/s | Bwd:   32.6619 ms   164.37 GF/s | Mem:1024.00 MB
RESULT|avx512_phys|throughput|n65536_b1024|65536|1|1|1024|10|32.673276|164.314993|32.661877|164.372340|1024.00
[run ] n65536_b2048     | Len:  65536 | Batch:  2048 | Thr:10 | Fwd:   66.9636 ms   160.35 GF/s | Bwd:   64.1279 ms   167.44 GF/s | Mem:2048.00 MB
RESULT|avx512_phys|throughput|n65536_b2048|65536|1|1|2048|10|66.963608|160.347069|64.127926|167.437479|2048.00
[skip] n65536_b4096     | Len:  65536 | Batch:  4096 | Thr:10 | Mem: 4096.0 MB > limit 3072.0 MB
SKIP|avx512_phys|throughput|n65536_b4096|65536|1|1|4096|10|4096.00|memory_limit
[skip] n65536_b8192     | Len:  65536 | Batch:  8192 | Thr:10 | Mem: 8192.0 MB > limit 3072.0 MB
SKIP|avx512_phys|throughput|n65536_b8192|65536|1|1|8192|10|8192.00|memory_limit
[skip] n65536_b16384    | Len:  65536 | Batch: 16384 | Thr:10 | Mem:16384.0 MB > limit 3072.0 MB
SKIP|avx512_phys|throughput|n65536_b16384|65536|1|1|16384|10|16384.00|memory_limit
[skip] n65536_b32768    | Len:  65536 | Batch: 32768 | Thr:10 | Mem:32768.0 MB > limit 3072.0 MB
SKIP|avx512_phys|throughput|n65536_b32768|65536|1|1|32768|10|32768.00|memory_limit
[skip] n65536_b65536    | Len:  65536 | Batch: 65536 | Thr:10 | Mem:65536.0 MB > limit 3072.0 MB
SKIP|avx512_phys|throughput|n65536_b65536|65536|1|1|65536|10|65536.00|memory_limit
[run ] n131072_b1       | Len: 131072 | Batch:     1 | Thr:10 | Fwd:    0.0812 ms   137.27 GF/s | Bwd:    0.0696 ms   160.05 GF/s | Mem:   2.00 MB
RESULT|avx512_phys|throughput|n131072_b1|131072|1|1|1|10|0.081161|137.271805|0.069612|160.046567|2.00
[run ] n131072_b2       | Len: 131072 | Batch:     2 | Thr:10 | Fwd:    0.6765 ms    32.94 GF/s | Bwd:    0.6759 ms    32.97 GF/s | Mem:   4.00 MB
RESULT|avx512_phys|throughput|n131072_b2|131072|1|1|2|10|0.676484|32.938301|0.675905|32.966550|4.00
[run ] n131072_b4       | Len: 131072 | Batch:     4 | Thr:10 | Fwd:    0.2784 ms   160.08 GF/s | Bwd:    0.2760 ms   161.47 GF/s | Mem:   8.00 MB
RESULT|avx512_phys|throughput|n131072_b4|131072|1|1|4|10|0.278393|160.077406|0.275984|161.474700|8.00
[run ] n131072_b8       | Len: 131072 | Batch:     8 | Thr:10 | Fwd:    0.6172 ms   144.41 GF/s | Bwd:    0.6073 ms   146.75 GF/s | Mem:  16.00 MB
RESULT|avx512_phys|throughput|n131072_b8|131072|1|1|8|10|0.617186|144.411825|0.607338|146.753483|16.00
[run ] n131072_b16      | Len: 131072 | Batch:    16 | Thr:10 | Fwd:    1.6953 ms   105.15 GF/s | Bwd:    1.6550 ms   107.71 GF/s | Mem:  32.00 MB
RESULT|avx512_phys|throughput|n131072_b16|131072|1|1|16|10|1.695345|105.145509|1.654996|107.708957|32.00
[run ] n131072_b32      | Len: 131072 | Batch:    32 | Thr:10 | Fwd:    3.6743 ms    97.03 GF/s | Bwd:    3.6052 ms    98.89 GF/s | Mem:  64.00 MB
RESULT|avx512_phys|throughput|n131072_b32|131072|1|1|32|10|3.674321|97.029039|3.605175|98.890011|64.00
[run ] n131072_b64      | Len: 131072 | Batch:    64 | Thr:10 | Fwd:    7.1930 ms    99.13 GF/s | Bwd:    7.3542 ms    96.96 GF/s | Mem: 128.00 MB
RESULT|avx512_phys|throughput|n131072_b64|131072|1|1|64|10|7.192988|99.128721|7.354180|96.955980|128.00
[run ] n131072_b128     | Len: 131072 | Batch:   128 | Thr:10 | Fwd:   14.6436 ms    97.38 GF/s | Bwd:   14.6603 ms    97.27 GF/s | Mem: 256.00 MB
RESULT|avx512_phys|throughput|n131072_b128|131072|1|1|128|10|14.643606|97.384710|14.660265|97.274053|256.00
[run ] n131072_b256     | Len: 131072 | Batch:   256 | Thr:10 | Fwd:   28.8429 ms    98.89 GF/s | Bwd:   29.4967 ms    96.69 GF/s | Mem: 512.00 MB
RESULT|avx512_phys|throughput|n131072_b256|131072|1|1|256|10|28.842853|98.885040|29.496740|96.692946|512.00
[run ] n131072_b512     | Len: 131072 | Batch:   512 | Thr:10 | Fwd:   53.9895 ms   105.65 GF/s | Bwd:   61.4220 ms    92.87 GF/s | Mem:1024.00 MB
RESULT|avx512_phys|throughput|n131072_b512|131072|1|1|512|10|53.989456|105.654953|61.422011|92.869859|1024.00
[run ] n131072_b1024    | Len: 131072 | Batch:  1024 | Thr:10 | Fwd:  111.6211 ms   102.21 GF/s | Bwd:  117.8433 ms    96.81 GF/s | Mem:2048.00 MB
RESULT|avx512_phys|throughput|n131072_b1024|131072|1|1|1024|10|111.621072|102.207465|117.843328|96.810800|2048.00
[skip] n131072_b2048    | Len: 131072 | Batch:  2048 | Thr:10 | Mem: 4096.0 MB > limit 3072.0 MB
SKIP|avx512_phys|throughput|n131072_b2048|131072|1|1|2048|10|4096.00|memory_limit
[skip] n131072_b4096    | Len: 131072 | Batch:  4096 | Thr:10 | Mem: 8192.0 MB > limit 3072.0 MB
SKIP|avx512_phys|throughput|n131072_b4096|131072|1|1|4096|10|8192.00|memory_limit
[skip] n131072_b8192    | Len: 131072 | Batch:  8192 | Thr:10 | Mem:16384.0 MB > limit 3072.0 MB
SKIP|avx512_phys|throughput|n131072_b8192|131072|1|1|8192|10|16384.00|memory_limit
[skip] n131072_b16384   | Len: 131072 | Batch: 16384 | Thr:10 | Mem:32768.0 MB > limit 3072.0 MB
SKIP|avx512_phys|throughput|n131072_b16384|131072|1|1|16384|10|32768.00|memory_limit
[skip] n131072_b32768   | Len: 131072 | Batch: 32768 | Thr:10 | Mem:65536.0 MB > limit 3072.0 MB
SKIP|avx512_phys|throughput|n131072_b32768|131072|1|1|32768|10|65536.00|memory_limit
[skip] n131072_b65536   | Len: 131072 | Batch: 65536 | Thr:10 | Mem:131072.0 MB > limit 3072.0 MB
SKIP|avx512_phys|throughput|n131072_b65536|131072|1|1|65536|10|131072.00|memory_limit
[run ] n262144_b1       | Len: 262144 | Batch:     1 | Thr:10 | Fwd:    0.1399 ms   168.59 GF/s | Bwd:    0.1456 ms   162.07 GF/s | Mem:   4.00 MB
RESULT|avx512_phys|throughput|n262144_b1|262144|1|1|1|10|0.139940|168.593541|0.145577|162.065637|4.00
[run ] n262144_b2       | Len: 262144 | Batch:     2 | Thr:10 | Fwd:    1.6828 ms    28.04 GF/s | Bwd:    1.6922 ms    27.88 GF/s | Mem:   8.00 MB
RESULT|avx512_phys|throughput|n262144_b2|262144|1|1|2|10|1.682813|28.039903|1.692246|27.883598|8.00
[run ] n262144_b4       | Len: 262144 | Batch:     4 | Thr:10 | Fwd:    0.6145 ms   153.56 GF/s | Bwd:    0.5998 ms   157.34 GF/s | Mem:  16.00 MB
RESULT|avx512_phys|throughput|n262144_b4|262144|1|1|4|10|0.614549|153.562636|0.599788|157.342095|16.00
[run ] n262144_b8       | Len: 262144 | Batch:     8 | Thr:10 | Fwd:    1.6573 ms   113.89 GF/s | Bwd:    1.6071 ms   117.45 GF/s | Mem:  32.00 MB
RESULT|avx512_phys|throughput|n262144_b8|262144|1|1|8|10|1.657272|113.888182|1.607073|117.445591|32.00
[run ] n262144_b16      | Len: 262144 | Batch:    16 | Thr:10 | Fwd:    3.7762 ms    99.96 GF/s | Bwd:    3.7770 ms    99.94 GF/s | Mem:  64.00 MB
RESULT|avx512_phys|throughput|n262144_b16|262144|1|1|16|10|3.776241|99.963789|3.777007|99.943529|64.00
[run ] n262144_b32      | Len: 262144 | Batch:    32 | Thr:10 | Fwd:    7.2979 ms   103.45 GF/s | Bwd:    7.3262 ms   103.05 GF/s | Mem: 128.00 MB
RESULT|avx512_phys|throughput|n262144_b32|262144|1|1|32|10|7.297942|103.450355|7.326183|103.051572|128.00
[run ] n262144_b64      | Len: 262144 | Batch:    64 | Thr:10 | Fwd:   14.7014 ms   102.71 GF/s | Bwd:   14.9071 ms   101.29 GF/s | Mem: 256.00 MB
RESULT|avx512_phys|throughput|n262144_b64|262144|1|1|64|10|14.701367|102.708097|14.907113|101.290532|256.00
[run ] n262144_b128     | Len: 262144 | Batch:   128 | Thr:10 | Fwd:   29.8179 ms   101.28 GF/s | Bwd:   30.1313 ms   100.22 GF/s | Mem: 512.00 MB
RESULT|avx512_phys|throughput|n262144_b128|262144|1|1|128|10|29.817896|101.278069|30.131257|100.224788|512.00
[run ] n262144_b256     | Len: 262144 | Batch:   256 | Thr:10 | Fwd:   59.2949 ms   101.86 GF/s | Bwd:   62.5189 ms    96.61 GF/s | Mem:1024.00 MB
RESULT|avx512_phys|throughput|n262144_b256|262144|1|1|256|10|59.294850|101.860410|62.518863|96.607607|1024.00
[run ] n262144_b512     | Len: 262144 | Batch:   512 | Thr:10 | Fwd:  119.5484 ms   101.04 GF/s | Bwd:  122.7970 ms    98.37 GF/s | Mem:2048.00 MB
RESULT|avx512_phys|throughput|n262144_b512|262144|1|1|512|10|119.548361|101.043589|122.796990|98.370453|2048.00
[skip] n262144_b1024    | Len: 262144 | Batch:  1024 | Thr:10 | Mem: 4096.0 MB > limit 3072.0 MB
SKIP|avx512_phys|throughput|n262144_b1024|262144|1|1|1024|10|4096.00|memory_limit
[skip] n262144_b2048    | Len: 262144 | Batch:  2048 | Thr:10 | Mem: 8192.0 MB > limit 3072.0 MB
SKIP|avx512_phys|throughput|n262144_b2048|262144|1|1|2048|10|8192.00|memory_limit
[skip] n262144_b4096    | Len: 262144 | Batch:  4096 | Thr:10 | Mem:16384.0 MB > limit 3072.0 MB
SKIP|avx512_phys|throughput|n262144_b4096|262144|1|1|4096|10|16384.00|memory_limit
[skip] n262144_b8192    | Len: 262144 | Batch:  8192 | Thr:10 | Mem:32768.0 MB > limit 3072.0 MB
SKIP|avx512_phys|throughput|n262144_b8192|262144|1|1|8192|10|32768.00|memory_limit
[skip] n262144_b16384   | Len: 262144 | Batch: 16384 | Thr:10 | Mem:65536.0 MB > limit 3072.0 MB
SKIP|avx512_phys|throughput|n262144_b16384|262144|1|1|16384|10|65536.00|memory_limit
[skip] n262144_b32768   | Len: 262144 | Batch: 32768 | Thr:10 | Mem:131072.0 MB > limit 3072.0 MB
SKIP|avx512_phys|throughput|n262144_b32768|262144|1|1|32768|10|131072.00|memory_limit
[skip] n262144_b65536   | Len: 262144 | Batch: 65536 | Thr:10 | Mem:262144.0 MB > limit 3072.0 MB
SKIP|avx512_phys|throughput|n262144_b65536|262144|1|1|65536|10|262144.00|memory_limit
[run ] n524288_b1       | Len: 524288 | Batch:     1 | Thr:10 | Fwd:    0.2954 ms   168.61 GF/s | Bwd:    0.2719 ms   183.19 GF/s | Mem:   8.00 MB
RESULT|avx512_phys|throughput|n524288_b1|524288|1|1|1|10|0.295401|168.609232|0.271885|183.192706|8.00
[run ] n524288_b2       | Len: 524288 | Batch:     2 | Thr:10 | Fwd:    4.6399 ms    21.47 GF/s | Bwd:    4.5148 ms    22.06 GF/s | Mem:  16.00 MB
RESULT|avx512_phys|throughput|n524288_b2|524288|1|1|2|10|4.639862|21.469326|4.514760|22.064236|16.00
[run ] n524288_b4       | Len: 524288 | Batch:     4 | Thr:10 | Fwd:    1.5429 ms   129.12 GF/s | Bwd:    1.5070 ms   132.21 GF/s | Mem:  32.00 MB
RESULT|avx512_phys|throughput|n524288_b4|524288|1|1|4|10|1.542920|129.124895|1.506973|132.205089|32.00
[run ] n524288_b8       | Len: 524288 | Batch:     8 | Thr:10 | Fwd:    3.4226 ms   116.42 GF/s | Bwd:    3.4057 ms   117.00 GF/s | Mem:  64.00 MB
RESULT|avx512_phys|throughput|n524288_b8|524288|1|1|8|10|3.422603|116.419822|3.405727|116.996711|64.00
[run ] n524288_b16      | Len: 524288 | Batch:    16 | Thr:10 | Fwd:    6.8867 ms   115.72 GF/s | Bwd:    6.8907 ms   115.65 GF/s | Mem: 128.00 MB
RESULT|avx512_phys|throughput|n524288_b16|524288|1|1|16|10|6.886667|115.718930|6.890699|115.651223|128.00
[run ] n524288_b32      | Len: 524288 | Batch:    32 | Thr:10 | Fwd:   13.7313 ms   116.07 GF/s | Bwd:   13.8452 ms   115.12 GF/s | Mem: 256.00 MB
RESULT|avx512_phys|throughput|n524288_b32|524288|1|1|32|10|13.731324|116.072965|13.845245|115.117901|256.00
[run ] n524288_b64      | Len: 524288 | Batch:    64 | Thr:10 | Fwd:   27.4460 ms   116.14 GF/s | Bwd:   27.7948 ms   114.69 GF/s | Mem: 512.00 MB
RESULT|avx512_phys|throughput|n524288_b64|524288|1|1|64|10|27.445952|116.143576|27.794795|114.685898|512.00
[run ] n524288_b128     | Len: 524288 | Batch:   128 | Thr:10 | Fwd:   53.4445 ms   119.29 GF/s | Bwd:   57.9423 ms   110.03 GF/s | Mem:1024.00 MB
RESULT|avx512_phys|throughput|n524288_b128|524288|1|1|128|10|53.444525|119.288966|57.942292|110.029166|1024.00
[run ] n524288_b256     | Len: 524288 | Batch:   256 | Thr:10 | Fwd:  113.8838 ms   111.96 GF/s | Bwd:  113.1188 ms   112.72 GF/s | Mem:2048.00 MB
RESULT|avx512_phys|throughput|n524288_b256|524288|1|1|256|10|113.883762|111.962267|113.118810|112.719398|2048.00
[skip] n524288_b512     | Len: 524288 | Batch:   512 | Thr:10 | Mem: 4096.0 MB > limit 3072.0 MB
SKIP|avx512_phys|throughput|n524288_b512|524288|1|1|512|10|4096.00|memory_limit
[skip] n524288_b1024    | Len: 524288 | Batch:  1024 | Thr:10 | Mem: 8192.0 MB > limit 3072.0 MB
SKIP|avx512_phys|throughput|n524288_b1024|524288|1|1|1024|10|8192.00|memory_limit
[skip] n524288_b2048    | Len: 524288 | Batch:  2048 | Thr:10 | Mem:16384.0 MB > limit 3072.0 MB
SKIP|avx512_phys|throughput|n524288_b2048|524288|1|1|2048|10|16384.00|memory_limit
[skip] n524288_b4096    | Len: 524288 | Batch:  4096 | Thr:10 | Mem:32768.0 MB > limit 3072.0 MB
SKIP|avx512_phys|throughput|n524288_b4096|524288|1|1|4096|10|32768.00|memory_limit
[skip] n524288_b8192    | Len: 524288 | Batch:  8192 | Thr:10 | Mem:65536.0 MB > limit 3072.0 MB
SKIP|avx512_phys|throughput|n524288_b8192|524288|1|1|8192|10|65536.00|memory_limit
[skip] n524288_b16384   | Len: 524288 | Batch: 16384 | Thr:10 | Mem:131072.0 MB > limit 3072.0 MB
SKIP|avx512_phys|throughput|n524288_b16384|524288|1|1|16384|10|131072.00|memory_limit
[skip] n524288_b32768   | Len: 524288 | Batch: 32768 | Thr:10 | Mem:262144.0 MB > limit 3072.0 MB
SKIP|avx512_phys|throughput|n524288_b32768|524288|1|1|32768|10|262144.00|memory_limit
[skip] n524288_b65536   | Len: 524288 | Batch: 65536 | Thr:10 | Mem:524288.0 MB > limit 3072.0 MB
SKIP|avx512_phys|throughput|n524288_b65536|524288|1|1|65536|10|524288.00|memory_limit
[run ] n1048576_b1      | Len:1048576 | Batch:     1 | Thr:10 | Fwd:    0.5752 ms   182.29 GF/s | Bwd:    0.5762 ms   181.99 GF/s | Mem:  16.00 MB
RESULT|avx512_phys|throughput|n1048576_b1|1048576|1|1|1|10|0.575217|182.292170|0.576179|181.987775|16.00
[run ] n1048576_b2      | Len:1048576 | Batch:     2 | Thr:10 | Fwd:   11.5157 ms    18.21 GF/s | Bwd:   11.4272 ms    18.35 GF/s | Mem:  32.00 MB
RESULT|avx512_phys|throughput|n1048576_b2|1048576|1|1|2|10|11.515659|18.211307|11.427180|18.352314|32.00
[run ] n1048576_b4      | Len:1048576 | Batch:     4 | Thr:10 | Fwd:    3.7521 ms   111.79 GF/s | Bwd:    3.6794 ms   113.99 GF/s | Mem:  64.00 MB
RESULT|avx512_phys|throughput|n1048576_b4|1048576|1|1|4|10|3.752091|111.785790|3.679396|113.994347|64.00
[run ] n1048576_b8      | Len:1048576 | Batch:     8 | Thr:10 | Fwd:    7.3649 ms   113.90 GF/s | Bwd:    7.4905 ms   111.99 GF/s | Mem: 128.00 MB
RESULT|avx512_phys|throughput|n1048576_b8|1048576|1|1|8|10|7.364876|113.900196|7.490474|111.990347|128.00
[run ] n1048576_b16     | Len:1048576 | Batch:    16 | Thr:10 | Fwd:   14.7552 ms   113.70 GF/s | Bwd:   14.9808 ms   111.99 GF/s | Mem: 256.00 MB
RESULT|avx512_phys|throughput|n1048576_b16|1048576|1|1|16|10|14.755207|113.703694|14.980828|111.991244|256.00
[run ] n1048576_b32     | Len:1048576 | Batch:    32 | Thr:10 | Fwd:   29.3198 ms   114.44 GF/s | Bwd:   29.9447 ms   112.05 GF/s | Mem: 512.00 MB
RESULT|avx512_phys|throughput|n1048576_b32|1048576|1|1|32|10|29.319809|114.442873|29.944656|112.054826|512.00
[run ] n1048576_b64     | Len:1048576 | Batch:    64 | Thr:10 | Fwd:   56.4525 ms   118.88 GF/s | Bwd:   60.7976 ms   110.38 GF/s | Mem:1024.00 MB
RESULT|avx512_phys|throughput|n1048576_b64|1048576|1|1|64|10|56.452524|118.876641|60.797648|110.380691|1024.00
[run ] n1048576_b128    | Len:1048576 | Batch:   128 | Thr:10 | Fwd:  116.2467 ms   115.46 GF/s | Bwd:  119.7426 ms   112.09 GF/s | Mem:2048.00 MB
RESULT|avx512_phys|throughput|n1048576_b128|1048576|1|1|128|10|116.246692|115.459396|119.742620|112.088518|2048.00
[skip] n1048576_b256    | Len:1048576 | Batch:   256 | Thr:10 | Mem: 4096.0 MB > limit 3072.0 MB
SKIP|avx512_phys|throughput|n1048576_b256|1048576|1|1|256|10|4096.00|memory_limit
[skip] n1048576_b512    | Len:1048576 | Batch:   512 | Thr:10 | Mem: 8192.0 MB > limit 3072.0 MB
SKIP|avx512_phys|throughput|n1048576_b512|1048576|1|1|512|10|8192.00|memory_limit
[skip] n1048576_b1024   | Len:1048576 | Batch:  1024 | Thr:10 | Mem:16384.0 MB > limit 3072.0 MB
SKIP|avx512_phys|throughput|n1048576_b1024|1048576|1|1|1024|10|16384.00|memory_limit
[skip] n1048576_b2048   | Len:1048576 | Batch:  2048 | Thr:10 | Mem:32768.0 MB > limit 3072.0 MB
SKIP|avx512_phys|throughput|n1048576_b2048|1048576|1|1|2048|10|32768.00|memory_limit
[skip] n1048576_b4096   | Len:1048576 | Batch:  4096 | Thr:10 | Mem:65536.0 MB > limit 3072.0 MB
SKIP|avx512_phys|throughput|n1048576_b4096|1048576|1|1|4096|10|65536.00|memory_limit
[skip] n1048576_b8192   | Len:1048576 | Batch:  8192 | Thr:10 | Mem:131072.0 MB > limit 3072.0 MB
SKIP|avx512_phys|throughput|n1048576_b8192|1048576|1|1|8192|10|131072.00|memory_limit
[skip] n1048576_b16384  | Len:1048576 | Batch: 16384 | Thr:10 | Mem:262144.0 MB > limit 3072.0 MB
SKIP|avx512_phys|throughput|n1048576_b16384|1048576|1|1|16384|10|262144.00|memory_limit
[skip] n1048576_b32768  | Len:1048576 | Batch: 32768 | Thr:10 | Mem:524288.0 MB > limit 3072.0 MB
SKIP|avx512_phys|throughput|n1048576_b32768|1048576|1|1|32768|10|524288.00|memory_limit
[skip] n1048576_b65536  | Len:1048576 | Batch: 65536 | Thr:10 | Mem:1048576.0 MB > limit 3072.0 MB
SKIP|avx512_phys|throughput|n1048576_b65536|1048576|1|1|65536|10|1048576.00|memory_limit
[run ] n2097152_b1      | Len:2097152 | Batch:     1 | Thr:10 | Fwd:    1.3715 ms   160.56 GF/s | Bwd:    1.3835 ms   159.17 GF/s | Mem:  32.00 MB
RESULT|avx512_phys|throughput|n2097152_b1|2097152|1|1|1|10|1.371486|160.556432|1.383450|159.167978|32.00
[run ] n2097152_b2      | Len:2097152 | Batch:     2 | Thr:10 | Fwd:   26.0865 ms    16.88 GF/s | Bwd:   25.9290 ms    16.98 GF/s | Mem:  64.00 MB
RESULT|avx512_phys|throughput|n2097152_b2|2097152|1|1|2|10|26.086464|16.882392|25.928964|16.984941|64.00
[run ] n2097152_b4      | Len:2097152 | Batch:     4 | Thr:10 | Fwd:    7.8620 ms   112.03 GF/s | Bwd:    7.8254 ms   112.56 GF/s | Mem: 128.00 MB
RESULT|avx512_phys|throughput|n2097152_b4|2097152|1|1|4|10|7.861975|112.033402|7.825358|112.557643|128.00
[run ] n2097152_b8      | Len:2097152 | Batch:     8 | Thr:10 | Fwd:   15.6803 ms   112.35 GF/s | Bwd:   15.7443 ms   111.89 GF/s | Mem: 256.00 MB
RESULT|avx512_phys|throughput|n2097152_b8|2097152|1|1|8|10|15.680260|112.345563|15.744342|111.888301|256.00
[run ] n2097152_b16     | Len:2097152 | Batch:    16 | Thr:10 | Fwd:   31.3717 ms   112.31 GF/s | Bwd:   33.1830 ms   106.18 GF/s | Mem: 512.00 MB
RESULT|avx512_phys|throughput|n2097152_b16|2097152|1|1|16|10|31.371721|112.305455|33.183039|106.175188|512.00
[run ] n2097152_b32     | Len:2097152 | Batch:    32 | Thr:10 | Fwd:   62.1991 ms   113.29 GF/s | Bwd:   85.7180 ms    82.20 GF/s | Mem:1024.00 MB
RESULT|avx512_phys|throughput|n2097152_b32|2097152|1|1|32|10|62.199091|113.288322|85.718035|82.204763|1024.00
[run ] n2097152_b64     | Len:2097152 | Batch:    64 | Thr:10 | Fwd:  146.5368 ms    96.17 GF/s | Bwd:  166.2032 ms    84.79 GF/s | Mem:2048.00 MB
RESULT|avx512_phys|throughput|n2097152_b64|2097152|1|1|64|10|146.536751|96.172880|166.203153|84.792985|2048.00
[skip] n2097152_b128    | Len:2097152 | Batch:   128 | Thr:10 | Mem: 4096.0 MB > limit 3072.0 MB
SKIP|avx512_phys|throughput|n2097152_b128|2097152|1|1|128|10|4096.00|memory_limit
[skip] n2097152_b256    | Len:2097152 | Batch:   256 | Thr:10 | Mem: 8192.0 MB > limit 3072.0 MB
SKIP|avx512_phys|throughput|n2097152_b256|2097152|1|1|256|10|8192.00|memory_limit
[skip] n2097152_b512    | Len:2097152 | Batch:   512 | Thr:10 | Mem:16384.0 MB > limit 3072.0 MB
SKIP|avx512_phys|throughput|n2097152_b512|2097152|1|1|512|10|16384.00|memory_limit
[skip] n2097152_b1024   | Len:2097152 | Batch:  1024 | Thr:10 | Mem:32768.0 MB > limit 3072.0 MB
SKIP|avx512_phys|throughput|n2097152_b1024|2097152|1|1|1024|10|32768.00|memory_limit
[skip] n2097152_b2048   | Len:2097152 | Batch:  2048 | Thr:10 | Mem:65536.0 MB > limit 3072.0 MB
SKIP|avx512_phys|throughput|n2097152_b2048|2097152|1|1|2048|10|65536.00|memory_limit
[skip] n2097152_b4096   | Len:2097152 | Batch:  4096 | Thr:10 | Mem:131072.0 MB > limit 3072.0 MB
SKIP|avx512_phys|throughput|n2097152_b4096|2097152|1|1|4096|10|131072.00|memory_limit
[skip] n2097152_b8192   | Len:2097152 | Batch:  8192 | Thr:10 | Mem:262144.0 MB > limit 3072.0 MB
SKIP|avx512_phys|throughput|n2097152_b8192|2097152|1|1|8192|10|262144.00|memory_limit
[skip] n2097152_b16384  | Len:2097152 | Batch: 16384 | Thr:10 | Mem:524288.0 MB > limit 3072.0 MB
SKIP|avx512_phys|throughput|n2097152_b16384|2097152|1|1|16384|10|524288.00|memory_limit
[skip] n2097152_b32768  | Len:2097152 | Batch: 32768 | Thr:10 | Mem:1048576.0 MB > limit 3072.0 MB
SKIP|avx512_phys|throughput|n2097152_b32768|2097152|1|1|32768|10|1048576.00|memory_limit
[skip] n2097152_b65536  | Len:2097152 | Batch: 65536 | Thr:10 | Mem:2097152.0 MB > limit 3072.0 MB
SKIP|avx512_phys|throughput|n2097152_b65536|2097152|1|1|65536|10|2097152.00|memory_limit
[run ] n4194304_b1      | Len:4194304 | Batch:     1 | Thr:10 | Fwd:    3.9829 ms   115.84 GF/s | Bwd:    3.9857 ms   115.76 GF/s | Mem:  64.00 MB
RESULT|avx512_phys|throughput|n4194304_b1|4194304|1|1|1|10|3.982929|115.837716|3.985735|115.756184|64.00
[run ] n4194304_b2      | Len:4194304 | Batch:     2 | Thr:10 | Fwd:   57.4087 ms    16.07 GF/s | Bwd:   57.3553 ms    16.09 GF/s | Mem: 128.00 MB
RESULT|avx512_phys|throughput|n4194304_b2|4194304|1|1|2|10|57.408741|16.073282|57.355280|16.088264|128.00
[run ] n4194304_b4      | Len:4194304 | Batch:     4 | Thr:10 | Fwd:   18.3417 ms   100.62 GF/s | Bwd:   18.2476 ms   101.14 GF/s | Mem: 256.00 MB
RESULT|avx512_phys|throughput|n4194304_b4|4194304|1|1|4|10|18.341725|100.617239|18.247640|101.136023|256.00
[run ] n4194304_b8      | Len:4194304 | Batch:     8 | Thr:10 | Fwd:   37.3789 ms    98.75 GF/s | Bwd:   38.5464 ms    95.75 GF/s | Mem: 512.00 MB
RESULT|avx512_phys|throughput|n4194304_b8|4194304|1|1|8|10|37.378909|98.745190|38.546411|95.754377|512.00
[run ] n4194304_b16     | Len:4194304 | Batch:    16 | Thr:10 | Fwd:   90.8723 ms    81.23 GF/s | Bwd:   98.5926 ms    74.87 GF/s | Mem:1024.00 MB
RESULT|avx512_phys|throughput|n4194304_b16|4194304|1|1|16|10|90.872281|81.234618|98.592641|74.873489|1024.00
[run ] n4194304_b32     | Len:4194304 | Batch:    32 | Thr:10 | Fwd:  207.4006 ms    71.19 GF/s | Bwd:  212.8332 ms    69.37 GF/s | Mem:2048.00 MB
RESULT|avx512_phys|throughput|n4194304_b32|4194304|1|1|32|10|207.400559|71.185681|212.833221|69.368635|2048.00
[skip] n4194304_b64     | Len:4194304 | Batch:    64 | Thr:10 | Mem: 4096.0 MB > limit 3072.0 MB
SKIP|avx512_phys|throughput|n4194304_b64|4194304|1|1|64|10|4096.00|memory_limit
[skip] n4194304_b128    | Len:4194304 | Batch:   128 | Thr:10 | Mem: 8192.0 MB > limit 3072.0 MB
SKIP|avx512_phys|throughput|n4194304_b128|4194304|1|1|128|10|8192.00|memory_limit
[skip] n4194304_b256    | Len:4194304 | Batch:   256 | Thr:10 | Mem:16384.0 MB > limit 3072.0 MB
SKIP|avx512_phys|throughput|n4194304_b256|4194304|1|1|256|10|16384.00|memory_limit
[skip] n4194304_b512    | Len:4194304 | Batch:   512 | Thr:10 | Mem:32768.0 MB > limit 3072.0 MB
SKIP|avx512_phys|throughput|n4194304_b512|4194304|1|1|512|10|32768.00|memory_limit
[skip] n4194304_b1024   | Len:4194304 | Batch:  1024 | Thr:10 | Mem:65536.0 MB > limit 3072.0 MB
SKIP|avx512_phys|throughput|n4194304_b1024|4194304|1|1|1024|10|65536.00|memory_limit
[skip] n4194304_b2048   | Len:4194304 | Batch:  2048 | Thr:10 | Mem:131072.0 MB > limit 3072.0 MB
SKIP|avx512_phys|throughput|n4194304_b2048|4194304|1|1|2048|10|131072.00|memory_limit
[skip] n4194304_b4096   | Len:4194304 | Batch:  4096 | Thr:10 | Mem:262144.0 MB > limit 3072.0 MB
SKIP|avx512_phys|throughput|n4194304_b4096|4194304|1|1|4096|10|262144.00|memory_limit
[skip] n4194304_b8192   | Len:4194304 | Batch:  8192 | Thr:10 | Mem:524288.0 MB > limit 3072.0 MB
SKIP|avx512_phys|throughput|n4194304_b8192|4194304|1|1|8192|10|524288.00|memory_limit
[skip] n4194304_b16384  | Len:4194304 | Batch: 16384 | Thr:10 | Mem:1048576.0 MB > limit 3072.0 MB
SKIP|avx512_phys|throughput|n4194304_b16384|4194304|1|1|16384|10|1048576.00|memory_limit
[skip] n4194304_b32768  | Len:4194304 | Batch: 32768 | Thr:10 | Mem:2097152.0 MB > limit 3072.0 MB
SKIP|avx512_phys|throughput|n4194304_b32768|4194304|1|1|32768|10|2097152.00|memory_limit
[skip] n4194304_b65536  | Len:4194304 | Batch: 65536 | Thr:10 | Mem:4194304.0 MB > limit 3072.0 MB
SKIP|avx512_phys|throughput|n4194304_b65536|4194304|1|1|65536|10|4194304.00|memory_limit

Benchmark workload complete.


real	3m51.759s
user	24m34.273s
sys	0m16.474s
[DONE] avx512_phys

============================================================
RUN PROFILE: avx512_logical
Description : MKL AVX-512, logical-core thread count (hyperthreading on)
ISA         : AVX512
Threads     : 20
Workload    : throughput
============================================================
PROFILE|avx512_logical|MKL AVX-512, logical-core thread count (hyperthreading on)|AVX512|20|throughput|32,64,128,256,512,1024,2048,4096,8192,16384,32768,65536,131072,262144,524288,1048576,2097152,4194304|1,2,4,8,16,32,64,128,256,512,1024,2048,4096,8192,16384,32768,65536|1,2,4,8,10,20|16384|64|10

############################################################
# FFT BENCHMARK (Intel oneMKL DFTI, 1D, single precision)  #
############################################################
profile_id       : avx512_logical
profile_desc     : MKL AVX-512, logical-core thread count (hyperthreading on)
workload         : throughput
threads(cli)     : 20
mkl max threads  : 20
timed runs       : 20
warmup runs      : 5
mem cap (MB)     : 3072.0
lengths: 32,64,128,256,512,1024,2048,4096,8192,16384,32768,65536,131072,262144,524288,1048576,2097152,4194304
batches: 1,2,4,8,16,32,64,128,256,512,1024,2048,4096,8192,16384,32768,65536
thread_set: 1,2,4,8,10,20
batch_scale_set: 1,2,4,8,16,32,64,128,256,512,1024,2048,4096,8192,16384,32768,65536
scale_length     : 16384
scale_batch      : 64
scale_threads    : 10


====================================================================
WORKLOAD: throughput (length x batch at fixed thread count)
====================================================================
threads=20
[run ] n32_b1           | Len:     32 | Batch:     1 | Thr:20 | Fwd:    0.0005 ms     1.47 GF/s | Bwd:    0.0000 ms    19.40 GF/s | Mem:   0.00 MB
RESULT|avx512_logical|throughput|n32_b1|32|1|1|1|20|0.000546|1.466027|0.000041|19.395625|0.00
[run ] n32_b2           | Len:     32 | Batch:     2 | Thr:20 | Fwd:    0.0000 ms    32.26 GF/s | Bwd:    0.0001 ms    30.50 GF/s | Mem:   0.00 MB
RESULT|avx512_logical|throughput|n32_b2|32|1|1|2|20|0.000050|32.263877|0.000052|30.504029|0.00
[run ] n32_b4           | Len:     32 | Batch:     4 | Thr:20 | Fwd:    0.0006 ms     5.77 GF/s | Bwd:    0.0001 ms    43.86 GF/s | Mem:   0.00 MB
RESULT|avx512_logical|throughput|n32_b4|32|1|1|4|20|0.000554|5.773302|0.000073|43.862003|0.00
[run ] n32_b8           | Len:     32 | Batch:     8 | Thr:20 | Fwd:    0.0001 ms    54.54 GF/s | Bwd:    0.0001 ms    52.51 GF/s | Mem:   0.00 MB
RESULT|avx512_logical|throughput|n32_b8|32|1|1|8|20|0.000117|54.537882|0.000122|52.510848|0.00
[run ] n32_b16          | Len:     32 | Batch:    16 | Thr:20 | Fwd:    0.0023 ms     5.47 GF/s | Bwd:    0.0008 ms    16.22 GF/s | Mem:   0.01 MB
RESULT|avx512_logical|throughput|n32_b16|32|1|1|16|20|0.002340|5.471017|0.000789|16.218685|0.01
[run ] n32_b32          | Len:     32 | Batch:    32 | Thr:20 | Fwd:    0.0015 ms    17.43 GF/s | Bwd:    0.0013 ms    19.55 GF/s | Mem:   0.02 MB
RESULT|avx512_logical|throughput|n32_b32|32|1|1|32|20|0.001469|17.426347|0.001310|19.546746|0.02
[run ] n32_b64          | Len:     32 | Batch:    64 | Thr:20 | Fwd:    0.0019 ms    27.38 GF/s | Bwd:    0.0013 ms    39.35 GF/s | Mem:   0.03 MB
RESULT|avx512_logical|throughput|n32_b64|32|1|1|64|20|0.001870|27.380896|0.001301|39.354267|0.03
[run ] n32_b128         | Len:     32 | Batch:   128 | Thr:20 | Fwd:    0.0028 ms    36.88 GF/s | Bwd:    0.0018 ms    57.63 GF/s | Mem:   0.06 MB
RESULT|avx512_logical|throughput|n32_b128|32|1|1|128|20|0.002777|36.879968|0.001777|57.625816|0.06
[run ] n32_b256         | Len:     32 | Batch:   256 | Thr:20 | Fwd:    0.0031 ms    66.58 GF/s | Bwd:    0.0020 ms   100.20 GF/s | Mem:   0.12 MB
RESULT|avx512_logical|throughput|n32_b256|32|1|1|256|20|0.003076|66.575222|0.002044|100.199872|0.12
[run ] n32_b512         | Len:     32 | Batch:   512 | Thr:20 | Fwd:    0.0033 ms   125.51 GF/s | Bwd:    0.0024 ms   169.56 GF/s | Mem:   0.25 MB
RESULT|avx512_logical|throughput|n32_b512|32|1|1|512|20|0.003264|125.506774|0.002416|169.560493|0.25
[run ] n32_b1024        | Len:     32 | Batch:  1024 | Thr:20 | Fwd:    0.0035 ms   233.84 GF/s | Bwd:    0.0032 ms   258.71 GF/s | Mem:   0.50 MB
RESULT|avx512_logical|throughput|n32_b1024|32|1|1|1024|20|0.003503|233.841525|0.003166|258.713488|0.50
[run ] n32_b2048        | Len:     32 | Batch:  2048 | Thr:20 | Fwd:    0.0046 ms   353.55 GF/s | Bwd:    0.0043 ms   380.33 GF/s | Mem:   1.00 MB
RESULT|avx512_logical|throughput|n32_b2048|32|1|1|2048|20|0.004634|353.546173|0.004308|380.325408|1.00
[run ] n32_b4096        | Len:     32 | Batch:  4096 | Thr:20 | Fwd:    0.0063 ms   523.09 GF/s | Bwd:    0.0064 ms   511.23 GF/s | Mem:   2.00 MB
RESULT|avx512_logical|throughput|n32_b4096|32|1|1|4096|20|0.006264|523.094722|0.006410|511.233358|2.00
[run ] n32_b8192        | Len:     32 | Batch:  8192 | Thr:20 | Fwd:    0.0109 ms   603.73 GF/s | Bwd:    0.0110 ms   595.53 GF/s | Mem:   4.00 MB
RESULT|avx512_logical|throughput|n32_b8192|32|1|1|8192|20|0.010855|603.731857|0.011005|595.533265|4.00
[run ] n32_b16384       | Len:     32 | Batch: 16384 | Thr:20 | Fwd:    0.0205 ms   638.95 GF/s | Bwd:    0.0204 ms   644.04 GF/s | Mem:   8.00 MB
RESULT|avx512_logical|throughput|n32_b16384|32|1|1|16384|20|0.020514|638.947818|0.020351|644.042322|8.00
[run ] n32_b32768       | Len:     32 | Batch: 32768 | Thr:20 | Fwd:    0.1170 ms   223.97 GF/s | Bwd:    0.1220 ms   214.79 GF/s | Mem:  16.00 MB
RESULT|avx512_logical|throughput|n32_b32768|32|1|1|32768|20|0.117044|223.970070|0.122049|214.785617|16.00
[run ] n32_b65536       | Len:     32 | Batch: 65536 | Thr:20 | Fwd:    0.4863 ms   107.82 GF/s | Bwd:    0.4584 ms   114.37 GF/s | Mem:  32.00 MB
RESULT|avx512_logical|throughput|n32_b65536|32|1|1|65536|20|0.486269|107.818608|0.458401|114.373256|32.00
[run ] n64_b1           | Len:     64 | Batch:     1 | Thr:20 | Fwd:    0.0001 ms    29.98 GF/s | Bwd:    0.0001 ms    24.30 GF/s | Mem:   0.00 MB
RESULT|avx512_logical|throughput|n64_b1|64|1|1|1|20|0.000064|29.981622|0.000079|24.300132|0.00
[run ] n64_b2           | Len:     64 | Batch:     2 | Thr:20 | Fwd:    0.0001 ms    46.68 GF/s | Bwd:    0.0001 ms    47.26 GF/s | Mem:   0.00 MB
RESULT|avx512_logical|throughput|n64_b2|64|1|1|2|20|0.000082|46.684427|0.000081|47.259763|0.00
[run ] n64_b4           | Len:     64 | Batch:     4 | Thr:20 | Fwd:    0.0001 ms    53.16 GF/s | Bwd:    0.0001 ms    59.56 GF/s | Mem:   0.00 MB
RESULT|avx512_logical|throughput|n64_b4|64|1|1|4|20|0.000144|53.155536|0.000129|59.564080|0.00
[run ] n64_b8           | Len:     64 | Batch:     8 | Thr:20 | Fwd:    0.0011 ms    14.52 GF/s | Bwd:    0.0010 ms    14.83 GF/s | Mem:   0.01 MB
RESULT|avx512_logical|throughput|n64_b8|64|1|1|8|20|0.001058|14.518526|0.001036|14.831371|0.01
[run ] n64_b16          | Len:     64 | Batch:    16 | Thr:20 | Fwd:    0.0012 ms    25.50 GF/s | Bwd:    0.0016 ms    19.57 GF/s | Mem:   0.02 MB
RESULT|avx512_logical|throughput|n64_b16|64|1|1|16|20|0.001205|25.495472|0.001569|19.574778|0.02
[run ] n64_b32          | Len:     64 | Batch:    32 | Thr:20 | Fwd:    0.0026 ms    23.36 GF/s | Bwd:    0.0016 ms    38.05 GF/s | Mem:   0.03 MB
RESULT|avx512_logical|throughput|n64_b32|64|1|1|32|20|0.002630|23.360411|0.001615|38.045596|0.03
[run ] n64_b64          | Len:     64 | Batch:    64 | Thr:20 | Fwd:    0.0029 ms    42.38 GF/s | Bwd:    0.0020 ms    62.37 GF/s | Mem:   0.06 MB
RESULT|avx512_logical|throughput|n64_b64|64|1|1|64|20|0.002900|42.376182|0.001970|62.367927|0.06
[run ] n64_b128         | Len:     64 | Batch:   128 | Thr:20 | Fwd:    0.0020 ms   122.14 GF/s | Bwd:    0.0021 ms   115.23 GF/s | Mem:   0.12 MB
RESULT|avx512_logical|throughput|n64_b128|64|1|1|128|20|0.002012|122.140454|0.002133|115.226380|0.12
[run ] n64_b256         | Len:     64 | Batch:   256 | Thr:20 | Fwd:    0.0041 ms   120.06 GF/s | Bwd:    0.0028 ms   173.62 GF/s | Mem:   0.25 MB
RESULT|avx512_logical|throughput|n64_b256|64|1|1|256|20|0.004094|120.059186|0.002831|173.615871|0.25
[run ] n64_b512         | Len:     64 | Batch:   512 | Thr:20 | Fwd:    0.0036 ms   272.40 GF/s | Bwd:    0.0030 ms   326.35 GF/s | Mem:   0.50 MB
RESULT|avx512_logical|throughput|n64_b512|64|1|1|512|20|0.003609|272.400875|0.003012|326.349797|0.50
[run ] n64_b1024        | Len:     64 | Batch:  1024 | Thr:20 | Fwd:    0.0045 ms   434.01 GF/s | Bwd:    0.0042 ms   465.25 GF/s | Mem:   1.00 MB
RESULT|avx512_logical|throughput|n64_b1024|64|1|1|1024|20|0.004530|434.008611|0.004226|465.248141|1.00
[run ] n64_b2048        | Len:     64 | Batch:  2048 | Thr:20 | Fwd:    0.0062 ms   631.85 GF/s | Bwd:    0.0060 ms   660.00 GF/s | Mem:   2.00 MB
RESULT|avx512_logical|throughput|n64_b2048|64|1|1|2048|20|0.006223|631.849975|0.005958|660.002658|2.00
[run ] n64_b4096        | Len:     64 | Batch:  4096 | Thr:20 | Fwd:    0.0099 ms   793.73 GF/s | Bwd:    0.0098 ms   798.47 GF/s | Mem:   4.00 MB
RESULT|avx512_logical|throughput|n64_b4096|64|1|1|4096|20|0.009908|793.733669|0.009849|798.467927|4.00
[run ] n64_b8192        | Len:     64 | Batch:  8192 | Thr:20 | Fwd:    0.0192 ms   820.86 GF/s | Bwd:    0.0190 ms   828.82 GF/s | Mem:   8.00 MB
RESULT|avx512_logical|throughput|n64_b8192|64|1|1|8192|20|0.019161|820.861861|0.018977|828.815093|8.00
[run ] n64_b16384       | Len:     64 | Batch: 16384 | Thr:20 | Fwd:    0.1148 ms   274.00 GF/s | Bwd:    0.1173 ms   268.22 GF/s | Mem:  16.00 MB
RESULT|avx512_logical|throughput|n64_b16384|64|1|1|16384|20|0.114806|274.003038|0.117284|268.215217|16.00
[run ] n64_b32768       | Len:     64 | Batch: 32768 | Thr:20 | Fwd:    0.5055 ms   124.46 GF/s | Bwd:    0.4994 ms   125.97 GF/s | Mem:  32.00 MB
RESULT|avx512_logical|throughput|n64_b32768|64|1|1|32768|20|0.505511|124.457352|0.499437|125.971024|32.00
[run ] n64_b65536       | Len:     64 | Batch: 65536 | Thr:20 | Fwd:    1.2732 ms    98.83 GF/s | Bwd:    1.3080 ms    96.20 GF/s | Mem:  64.00 MB
RESULT|avx512_logical|throughput|n64_b65536|64|1|1|65536|20|1.273227|98.826943|1.307974|96.201527|64.00
[run ] n128_b1          | Len:    128 | Batch:     1 | Thr:20 | Fwd:    0.0001 ms    52.81 GF/s | Bwd:    0.0001 ms    52.43 GF/s | Mem:   0.00 MB
RESULT|avx512_logical|throughput|n128_b1|128|1|1|1|20|0.000085|52.811922|0.000085|52.428800|0.00
[run ] n128_b2          | Len:    128 | Batch:     2 | Thr:20 | Fwd:    0.0001 ms    69.06 GF/s | Bwd:    0.0001 ms    68.08 GF/s | Mem:   0.00 MB
RESULT|avx512_logical|throughput|n128_b2|128|1|1|2|20|0.000130|69.057265|0.000132|68.081456|0.00
[run ] n128_b4          | Len:    128 | Batch:     4 | Thr:20 | Fwd:    0.0010 ms    17.77 GF/s | Bwd:    0.0010 ms    17.65 GF/s | Mem:   0.01 MB
RESULT|avx512_logical|throughput|n128_b4|128|1|1|4|20|0.001008|17.772138|0.001015|17.652761|0.01
[run ] n128_b8          | Len:    128 | Batch:     8 | Thr:20 | Fwd:    0.0012 ms    30.46 GF/s | Bwd:    0.0012 ms    30.00 GF/s | Mem:   0.02 MB
RESULT|avx512_logical|throughput|n128_b8|128|1|1|8|20|0.001177|30.455824|0.001195|30.003564|0.02
[run ] n128_b16         | Len:    128 | Batch:    16 | Thr:20 | Fwd:    0.0036 ms    19.85 GF/s | Bwd:    0.0016 ms    44.43 GF/s | Mem:   0.03 MB
RESULT|avx512_logical|throughput|n128_b16|128|1|1|16|20|0.003610|19.854693|0.001613|44.429821|0.03
[run ] n128_b32         | Len:    128 | Batch:    32 | Thr:20 | Fwd:    0.0028 ms    51.89 GF/s | Bwd:    0.0019 ms    75.73 GF/s | Mem:   0.06 MB
RESULT|avx512_logical|throughput|n128_b32|128|1|1|32|20|0.002763|51.894865|0.001893|75.731810|0.06
[run ] n128_b64         | Len:    128 | Batch:    64 | Thr:20 | Fwd:    0.0020 ms   146.24 GF/s | Bwd:    0.0020 ms   143.43 GF/s | Mem:   0.12 MB
RESULT|avx512_logical|throughput|n128_b64|128|1|1|64|20|0.001961|146.236544|0.001999|143.428529|0.12
[run ] n128_b128        | Len:    128 | Batch:   128 | Thr:20 | Fwd:    0.0030 ms   192.20 GF/s | Bwd:    0.0027 ms   213.85 GF/s | Mem:   0.25 MB
RESULT|avx512_logical|throughput|n128_b128|128|1|1|128|20|0.002984|192.199272|0.002681|213.850955|0.25
[run ] n128_b256        | Len:    128 | Batch:   256 | Thr:20 | Fwd:    0.0037 ms   314.00 GF/s | Bwd:    0.0032 ms   353.31 GF/s | Mem:   0.50 MB
RESULT|avx512_logical|throughput|n128_b256|128|1|1|256|20|0.003652|314.004685|0.003246|353.308315|0.50
[run ] n128_b512        | Len:    128 | Batch:   512 | Thr:20 | Fwd:    0.0043 ms   529.28 GF/s | Bwd:    0.0046 ms   500.00 GF/s | Mem:   1.00 MB
RESULT|avx512_logical|throughput|n128_b512|128|1|1|512|20|0.004334|529.280230|0.004588|500.001390|1.00
[run ] n128_b1024       | Len:    128 | Batch:  1024 | Thr:20 | Fwd:    0.0066 ms   695.36 GF/s | Bwd:    0.0066 ms   693.10 GF/s | Mem:   2.00 MB
RESULT|avx512_logical|throughput|n128_b1024|128|1|1|1024|20|0.006597|695.355258|0.006619|693.095985|2.00
[run ] n128_b2048       | Len:    128 | Batch:  2048 | Thr:20 | Fwd:    0.0112 ms   818.21 GF/s | Bwd:    0.0110 ms   830.78 GF/s | Mem:   4.00 MB
RESULT|avx512_logical|throughput|n128_b2048|128|1|1|2048|20|0.011213|818.214246|0.011044|830.776721|4.00
[run ] n128_b4096       | Len:    128 | Batch:  4096 | Thr:20 | Fwd:    0.0218 ms   843.31 GF/s | Bwd:    0.0214 ms   857.21 GF/s | Mem:   8.00 MB
RESULT|avx512_logical|throughput|n128_b4096|128|1|1|4096|20|0.021760|843.313106|0.021407|857.210156|8.00
[run ] n128_b8192       | Len:    128 | Batch:  8192 | Thr:20 | Fwd:    0.1147 ms   319.95 GF/s | Bwd:    0.1147 ms   319.95 GF/s | Mem:  16.00 MB
RESULT|avx512_logical|throughput|n128_b8192|128|1|1|8192|20|0.114705|319.952202|0.114706|319.949143|16.00
[run ] n128_b16384      | Len:    128 | Batch: 16384 | Thr:20 | Fwd:    0.4988 ms   147.14 GF/s | Bwd:    0.4807 ms   152.70 GF/s | Mem:  32.00 MB
RESULT|avx512_logical|throughput|n128_b16384|128|1|1|16384|20|0.498842|147.141447|0.480692|152.697284|32.00
[run ] n128_b32768      | Len:    128 | Batch: 32768 | Thr:20 | Fwd:    1.2885 ms   113.93 GF/s | Bwd:    1.3435 ms   109.26 GF/s | Mem:  64.00 MB
RESULT|avx512_logical|throughput|n128_b32768|128|1|1|32768|20|1.288521|113.929542|1.343529|109.264959|64.00
[run ] n128_b65536      | Len:    128 | Batch: 65536 | Thr:20 | Fwd:    2.9203 ms   100.54 GF/s | Bwd:    2.8988 ms   101.28 GF/s | Mem: 128.00 MB
RESULT|avx512_logical|throughput|n128_b65536|128|1|1|65536|20|2.920273|100.538968|2.898782|101.284363|128.00
[run ] n256_b1          | Len:    256 | Batch:     1 | Thr:20 | Fwd:    0.0002 ms    46.52 GF/s | Bwd:    0.0002 ms    51.24 GF/s | Mem:   0.00 MB
RESULT|avx512_logical|throughput|n256_b1|256|1|1|1|20|0.000220|46.522609|0.000200|51.240364|0.00
[run ] n256_b2          | Len:    256 | Batch:     2 | Thr:20 | Fwd:    0.0021 ms     9.98 GF/s | Bwd:    0.0011 ms    19.01 GF/s | Mem:   0.01 MB
RESULT|avx512_logical|throughput|n256_b2|256|1|1|2|20|0.002053|9.976463|0.001077|19.014376|0.01
[run ] n256_b4          | Len:    256 | Batch:     4 | Thr:20 | Fwd:    0.0022 ms    18.30 GF/s | Bwd:    0.0013 ms    31.32 GF/s | Mem:   0.02 MB
RESULT|avx512_logical|throughput|n256_b4|256|1|1|4|20|0.002239|18.297869|0.001308|31.320406|0.02
[run ] n256_b8          | Len:    256 | Batch:     8 | Thr:20 | Fwd:    0.0036 ms    22.72 GF/s | Bwd:    0.0021 ms    38.60 GF/s | Mem:   0.03 MB
RESULT|avx512_logical|throughput|n256_b8|256|1|1|8|20|0.003605|22.723492|0.002122|38.602110|0.03
[run ] n256_b16         | Len:    256 | Batch:    16 | Thr:20 | Fwd:    0.0024 ms    67.50 GF/s | Bwd:    0.0021 ms    79.75 GF/s | Mem:   0.06 MB
RESULT|avx512_logical|throughput|n256_b16|256|1|1|16|20|0.002427|67.504398|0.002055|79.746875|0.06
[run ] n256_b32         | Len:    256 | Batch:    32 | Thr:20 | Fwd:    0.0022 ms   149.94 GF/s | Bwd:    0.0022 ms   146.30 GF/s | Mem:   0.12 MB
RESULT|avx512_logical|throughput|n256_b32|256|1|1|32|20|0.002185|149.944309|0.002240|146.295695|0.12
[run ] n256_b64         | Len:    256 | Batch:    64 | Thr:20 | Fwd:    0.0042 ms   157.08 GF/s | Bwd:    0.0028 ms   233.60 GF/s | Mem:   0.25 MB
RESULT|avx512_logical|throughput|n256_b64|256|1|1|64|20|0.004172|157.082066|0.002806|233.596698|0.25
[run ] n256_b128        | Len:    256 | Batch:   128 | Thr:20 | Fwd:    0.0042 ms   314.59 GF/s | Bwd:    0.0040 ms   331.18 GF/s | Mem:   0.50 MB
RESULT|avx512_logical|throughput|n256_b128|256|1|1|128|20|0.004166|314.588401|0.003958|331.178201|0.50
[run ] n256_b256        | Len:    256 | Batch:   256 | Thr:20 | Fwd:    0.0053 ms   498.71 GF/s | Bwd:    0.0053 ms   490.48 GF/s | Mem:   1.00 MB
RESULT|avx512_logical|throughput|n256_b256|256|1|1|256|20|0.005256|498.708057|0.005345|490.481165|1.00
[run ] n256_b512        | Len:    256 | Batch:   512 | Thr:20 | Fwd:    0.0085 ms   620.19 GF/s | Bwd:    0.0084 ms   625.52 GF/s | Mem:   2.00 MB
RESULT|avx512_logical|throughput|n256_b512|256|1|1|512|20|0.008454|620.194392|0.008382|625.518630|2.00
[run ] n256_b1024       | Len:    256 | Batch:  1024 | Thr:20 | Fwd:    0.0147 ms   713.94 GF/s | Bwd:    0.0147 ms   712.52 GF/s | Mem:   4.00 MB
RESULT|avx512_logical|throughput|n256_b1024|256|1|1|1024|20|0.014687|713.940774|0.014716|712.520415|4.00
[run ] n256_b2048       | Len:    256 | Batch:  2048 | Thr:20 | Fwd:    0.0294 ms   713.83 GF/s | Bwd:    0.0289 ms   726.59 GF/s | Mem:   8.00 MB
RESULT|avx512_logical|throughput|n256_b2048|256|1|1|2048|20|0.029379|713.834166|0.028863|726.585943|8.00
[run ] n256_b4096       | Len:    256 | Batch:  4096 | Thr:20 | Fwd:    0.1180 ms   355.30 GF/s | Bwd:    0.1196 ms   350.64 GF/s | Mem:  16.00 MB
RESULT|avx512_logical|throughput|n256_b4096|256|1|1|4096|20|0.118050|355.300224|0.119617|350.643398|16.00
[run ] n256_b8192       | Len:    256 | Batch:  8192 | Thr:20 | Fwd:    0.4993 ms   168.01 GF/s | Bwd:    0.5060 ms   165.77 GF/s | Mem:  32.00 MB
RESULT|avx512_logical|throughput|n256_b8192|256|1|1|8192|20|0.499289|168.011060|0.506040|165.769756|32.00
[run ] n256_b16384      | Len:    256 | Batch: 16384 | Thr:20 | Fwd:    1.3840 ms   121.22 GF/s | Bwd:    1.3642 ms   122.98 GF/s | Mem:  64.00 MB
RESULT|avx512_logical|throughput|n256_b16384|256|1|1|16384|20|1.383985|121.223965|1.364215|122.980720|64.00
[run ] n256_b32768      | Len:    256 | Batch: 32768 | Thr:20 | Fwd:    2.8931 ms   115.98 GF/s | Bwd:    2.9511 ms   113.70 GF/s | Mem: 128.00 MB
RESULT|avx512_logical|throughput|n256_b32768|256|1|1|32768|20|2.893124|115.979934|2.951095|113.701636|128.00
[run ] n256_b65536      | Len:    256 | Batch: 65536 | Thr:20 | Fwd:    5.9009 ms   113.73 GF/s | Bwd:    5.9514 ms   112.76 GF/s | Mem: 256.00 MB
RESULT|avx512_logical|throughput|n256_b65536|256|1|1|65536|20|5.900861|113.727236|5.951418|112.761131|256.00
[run ] n512_b1          | Len:    512 | Batch:     1 | Thr:20 | Fwd:    0.0004 ms    53.30 GF/s | Bwd:    0.0004 ms    64.51 GF/s | Mem:   0.01 MB
RESULT|avx512_logical|throughput|n512_b1|512|1|1|1|20|0.000432|53.296252|0.000357|64.510523|0.01
[run ] n512_b2          | Len:    512 | Batch:     2 | Thr:20 | Fwd:    0.0023 ms    19.96 GF/s | Bwd:    0.0013 ms    34.69 GF/s | Mem:   0.02 MB
RESULT|avx512_logical|throughput|n512_b2|512|1|1|2|20|0.002309|19.958851|0.001328|34.694035|0.02
[run ] n512_b4          | Len:    512 | Batch:     4 | Thr:20 | Fwd:    0.0036 ms    25.44 GF/s | Bwd:    0.0016 ms    56.88 GF/s | Mem:   0.03 MB
RESULT|avx512_logical|throughput|n512_b4|512|1|1|4|20|0.003623|25.437756|0.001620|56.880287|0.03
[run ] n512_b8          | Len:    512 | Batch:     8 | Thr:20 | Fwd:    0.0041 ms    45.08 GF/s | Bwd:    0.0019 ms    97.84 GF/s | Mem:   0.06 MB
RESULT|avx512_logical|throughput|n512_b8|512|1|1|8|20|0.004089|45.076271|0.001884|97.837722|0.06
[run ] n512_b16         | Len:    512 | Batch:    16 | Thr:20 | Fwd:    0.0043 ms    85.40 GF/s | Bwd:    0.0027 ms   136.67 GF/s | Mem:   0.12 MB
RESULT|avx512_logical|throughput|n512_b16|512|1|1|16|20|0.004317|85.402116|0.002697|136.666333|0.12
[run ] n512_b32         | Len:    512 | Batch:    32 | Thr:20 | Fwd:    0.0039 ms   190.34 GF/s | Bwd:    0.0032 ms   230.18 GF/s | Mem:   0.25 MB
RESULT|avx512_logical|throughput|n512_b32|512|1|1|32|20|0.003873|190.339914|0.003203|230.183443|0.25
[run ] n512_b64         | Len:    512 | Batch:    64 | Thr:20 | Fwd:    0.0042 ms   347.95 GF/s | Bwd:    0.0041 ms   362.48 GF/s | Mem:   0.50 MB
RESULT|avx512_logical|throughput|n512_b64|512|1|1|64|20|0.004238|347.946718|0.004068|362.482734|0.50
[run ] n512_b128        | Len:    512 | Batch:   128 | Thr:20 | Fwd:    0.0054 ms   541.45 GF/s | Bwd:    0.0056 ms   522.78 GF/s | Mem:   1.00 MB
RESULT|avx512_logical|throughput|n512_b128|512|1|1|128|20|0.005447|541.453526|0.005641|522.775929|1.00
[run ] n512_b256        | Len:    512 | Batch:   256 | Thr:20 | Fwd:    0.0086 ms   689.60 GF/s | Bwd:    0.0087 ms   677.57 GF/s | Mem:   2.00 MB
RESULT|avx512_logical|throughput|n512_b256|512|1|1|256|20|0.008553|689.600708|0.008705|677.565804|2.00
[run ] n512_b512        | Len:    512 | Batch:   512 | Thr:20 | Fwd:    0.0150 ms   788.25 GF/s | Bwd:    0.0206 ms   573.63 GF/s | Mem:   4.00 MB
RESULT|avx512_logical|throughput|n512_b512|512|1|1|512|20|0.014965|788.253208|0.020565|573.628977|4.00
[run ] n512_b1024       | Len:    512 | Batch:  1024 | Thr:20 | Fwd:    0.0302 ms   781.96 GF/s | Bwd:    0.0307 ms   767.57 GF/s | Mem:   8.00 MB
RESULT|avx512_logical|throughput|n512_b1024|512|1|1|1024|20|0.030172|781.960816|0.030737|767.573580|8.00
[run ] n512_b2048       | Len:    512 | Batch:  2048 | Thr:20 | Fwd:    0.1219 ms   387.03 GF/s | Bwd:    0.1170 ms   403.25 GF/s | Mem:  16.00 MB
RESULT|avx512_logical|throughput|n512_b2048|512|1|1|2048|20|0.121917|387.031602|0.117015|403.246009|16.00
[run ] n512_b4096       | Len:    512 | Batch:  4096 | Thr:20 | Fwd:    0.4883 ms   193.28 GF/s | Bwd:    0.5021 ms   187.97 GF/s | Mem:  32.00 MB
RESULT|avx512_logical|throughput|n512_b4096|512|1|1|4096|20|0.488258|193.282796|0.502057|187.970467|32.00
[run ] n512_b8192       | Len:    512 | Batch:  8192 | Thr:20 | Fwd:    1.3047 ms   144.67 GF/s | Bwd:    1.2684 ms   148.81 GF/s | Mem:  64.00 MB
RESULT|avx512_logical|throughput|n512_b8192|512|1|1|8192|20|1.304683|144.666333|1.268372|148.807864|64.00
[run ] n512_b16384      | Len:    512 | Batch: 16384 | Thr:20 | Fwd:    2.8110 ms   134.29 GF/s | Bwd:    2.8272 ms   133.52 GF/s | Mem: 128.00 MB
RESULT|avx512_logical|throughput|n512_b16384|512|1|1|16384|20|2.811040|134.287458|2.827194|133.520144|128.00
[run ] n512_b32768      | Len:    512 | Batch: 32768 | Thr:20 | Fwd:    5.7808 ms   130.60 GF/s | Bwd:    5.8185 ms   129.76 GF/s | Mem: 256.00 MB
RESULT|avx512_logical|throughput|n512_b32768|512|1|1|32768|20|5.780767|130.601130|5.818462|129.755027|256.00
[run ] n512_b65536      | Len:    512 | Batch: 65536 | Thr:20 | Fwd:   11.6463 ms   129.65 GF/s | Bwd:   11.7624 ms   128.37 GF/s | Mem: 512.00 MB
RESULT|avx512_logical|throughput|n512_b65536|512|1|1|65536|20|11.646291|129.650673|11.762393|128.370944|512.00
[run ] n1024_b1         | Len:   1024 | Batch:     1 | Thr:20 | Fwd:    0.0013 ms    39.77 GF/s | Bwd:    0.0008 ms    67.32 GF/s | Mem:   0.02 MB
RESULT|avx512_logical|throughput|n1024_b1|1024|1|1|1|20|0.001288|39.766743|0.000761|67.319237|0.02
[run ] n1024_b2         | Len:   1024 | Batch:     2 | Thr:20 | Fwd:    0.0025 ms    40.25 GF/s | Bwd:    0.0021 ms    49.17 GF/s | Mem:   0.03 MB
RESULT|avx512_logical|throughput|n1024_b2|1024|1|1|2|20|0.002544|40.248967|0.002083|49.166254|0.03
[run ] n1024_b4         | Len:   1024 | Batch:     4 | Thr:20 | Fwd:    0.0028 ms    74.10 GF/s | Bwd:    0.0024 ms    84.88 GF/s | Mem:   0.06 MB
RESULT|avx512_logical|throughput|n1024_b4|1024|1|1|4|20|0.002764|74.100987|0.002413|84.882454|0.06
[run ] n1024_b8         | Len:   1024 | Batch:     8 | Thr:20 | Fwd:    0.0039 ms   105.38 GF/s | Bwd:    0.0028 ms   147.46 GF/s | Mem:   0.12 MB
RESULT|avx512_logical|throughput|n1024_b8|1024|1|1|8|20|0.003887|105.375990|0.002778|147.456563|0.12
[run ] n1024_b16        | Len:   1024 | Batch:    16 | Thr:20 | Fwd:    0.0043 ms   189.40 GF/s | Bwd:    0.0039 ms   211.96 GF/s | Mem:   0.25 MB
RESULT|avx512_logical|throughput|n1024_b16|1024|1|1|16|20|0.004325|189.399596|0.003865|211.958462|0.25
[run ] n1024_b32        | Len:   1024 | Batch:    32 | Thr:20 | Fwd:    0.0049 ms   336.22 GF/s | Bwd:    0.0048 ms   338.18 GF/s | Mem:   0.50 MB
RESULT|avx512_logical|throughput|n1024_b32|1024|1|1|32|20|0.004873|336.223992|0.004845|338.179744|0.50
[run ] n1024_b64        | Len:   1024 | Batch:    64 | Thr:20 | Fwd:    0.0067 ms   489.80 GF/s | Bwd:    0.0068 ms   480.93 GF/s | Mem:   1.00 MB
RESULT|avx512_logical|throughput|n1024_b64|1024|1|1|64|20|0.006690|489.803826|0.006813|480.929090|1.00
[run ] n1024_b128       | Len:   1024 | Batch:   128 | Thr:20 | Fwd:    0.0106 ms   618.62 GF/s | Bwd:    0.0108 ms   608.63 GF/s | Mem:   2.00 MB
RESULT|avx512_logical|throughput|n1024_b128|1024|1|1|128|20|0.010594|618.615098|0.010768|608.629791|2.00
[run ] n1024_b256       | Len:   1024 | Batch:   256 | Thr:20 | Fwd:    0.0184 ms   713.09 GF/s | Bwd:    0.0197 ms   664.15 GF/s | Mem:   4.00 MB
RESULT|avx512_logical|throughput|n1024_b256|1024|1|1|256|20|0.018381|713.088805|0.019735|664.153618|4.00
[run ] n1024_b512       | Len:   1024 | Batch:   512 | Thr:20 | Fwd:    0.0366 ms   717.02 GF/s | Bwd:    0.0384 ms   682.22 GF/s | Mem:   8.00 MB
RESULT|avx512_logical|throughput|n1024_b512|1024|1|1|512|20|0.036560|717.018245|0.038425|682.221374|8.00
[run ] n1024_b1024      | Len:   1024 | Batch:  1024 | Thr:20 | Fwd:    0.1223 ms   428.66 GF/s | Bwd:    0.1227 ms   427.32 GF/s | Mem:  16.00 MB
RESULT|avx512_logical|throughput|n1024_b1024|1024|1|1|1024|20|0.122308|428.663181|0.122692|427.318739|16.00
[run ] n1024_b2048      | Len:   1024 | Batch:  2048 | Thr:20 | Fwd:    0.5161 ms   203.19 GF/s | Bwd:    0.5063 ms   207.10 GF/s | Mem:  32.00 MB
RESULT|avx512_logical|throughput|n1024_b2048|1024|1|1|2048|20|0.516068|203.185690|0.506317|207.098658|32.00
[run ] n1024_b4096      | Len:   1024 | Batch:  4096 | Thr:20 | Fwd:    1.2956 ms   161.87 GF/s | Bwd:    1.3017 ms   161.11 GF/s | Mem:  64.00 MB
RESULT|avx512_logical|throughput|n1024_b4096|1024|1|1|4096|20|1.295582|161.869437|1.301659|161.113777|64.00
[run ] n1024_b8192      | Len:   1024 | Batch:  8192 | Thr:20 | Fwd:    2.9731 ms   141.07 GF/s | Bwd:    2.8848 ms   145.39 GF/s | Mem: 128.00 MB
RESULT|avx512_logical|throughput|n1024_b8192|1024|1|1|8192|20|2.973117|141.074313|2.884777|145.394408|128.00
[run ] n1024_b16384     | Len:   1024 | Batch: 16384 | Thr:20 | Fwd:    6.0258 ms   139.21 GF/s | Bwd:    6.0031 ms   139.74 GF/s | Mem: 256.00 MB
RESULT|avx512_logical|throughput|n1024_b16384|1024|1|1|16384|20|6.025761|139.212424|6.003143|139.736944|256.00
[run ] n1024_b32768     | Len:   1024 | Batch: 32768 | Thr:20 | Fwd:   12.4338 ms   134.93 GF/s | Bwd:   12.0659 ms   139.05 GF/s | Mem: 512.00 MB
RESULT|avx512_logical|throughput|n1024_b32768|1024|1|1|32768|20|12.433761|134.932755|12.065852|139.047086|512.00
[run ] n1024_b65536     | Len:   1024 | Batch: 65536 | Thr:20 | Fwd:   23.8012 ms   140.98 GF/s | Bwd:   24.1668 ms   138.85 GF/s | Mem:1024.00 MB
RESULT|avx512_logical|throughput|n1024_b65536|1024|1|1|65536|20|23.801154|140.978173|24.166751|138.845440|1024.00
[run ] n2048_b1         | Len:   2048 | Batch:     1 | Thr:20 | Fwd:    0.0019 ms    59.50 GF/s | Bwd:    0.0019 ms    60.72 GF/s | Mem:   0.03 MB
RESULT|avx512_logical|throughput|n2048_b1|2048|1|1|1|20|0.001893|59.502066|0.001855|60.724198|0.03
[run ] n2048_b2         | Len:   2048 | Batch:     2 | Thr:20 | Fwd:    0.0037 ms    61.28 GF/s | Bwd:    0.0032 ms    70.24 GF/s | Mem:   0.06 MB
RESULT|avx512_logical|throughput|n2048_b2|2048|1|1|2|20|0.003676|61.280274|0.003207|70.244941|0.06
[run ] n2048_b4         | Len:   2048 | Batch:     4 | Thr:20 | Fwd:    0.0039 ms   116.27 GF/s | Bwd:    0.0037 ms   120.40 GF/s | Mem:   0.12 MB
RESULT|avx512_logical|throughput|n2048_b4|2048|1|1|4|20|0.003875|116.265880|0.003742|120.400719|0.12
[run ] n2048_b8         | Len:   2048 | Batch:     8 | Thr:20 | Fwd:    0.0044 ms   203.09 GF/s | Bwd:    0.0040 ms   225.32 GF/s | Mem:   0.25 MB
RESULT|avx512_logical|throughput|n2048_b8|2048|1|1|8|20|0.004437|203.091381|0.003999|225.315132|0.25
[run ] n2048_b16        | Len:   2048 | Batch:    16 | Thr:20 | Fwd:    0.0050 ms   362.32 GF/s | Bwd:    0.0051 ms   350.11 GF/s | Mem:   0.50 MB
RESULT|avx512_logical|throughput|n2048_b16|2048|1|1|16|20|0.004974|362.319416|0.005148|350.112662|0.50
[run ] n2048_b32        | Len:   2048 | Batch:    32 | Thr:20 | Fwd:    0.0077 ms   467.76 GF/s | Bwd:    0.0078 ms   459.98 GF/s | Mem:   1.00 MB
RESULT|avx512_logical|throughput|n2048_b32|2048|1|1|32|20|0.007706|467.757137|0.007836|459.975322|1.00
[run ] n2048_b64        | Len:   2048 | Batch:    64 | Thr:20 | Fwd:    0.0122 ms   590.04 GF/s | Bwd:    0.0125 ms   576.94 GF/s | Mem:   2.00 MB
RESULT|avx512_logical|throughput|n2048_b64|2048|1|1|64|20|0.012218|590.037111|0.012495|576.939086|2.00
[run ] n2048_b128       | Len:   2048 | Batch:   128 | Thr:20 | Fwd:    0.0209 ms   690.10 GF/s | Bwd:    0.0216 ms   667.68 GF/s | Mem:   4.00 MB
RESULT|avx512_logical|throughput|n2048_b128|2048|1|1|128|20|0.020892|690.104184|0.021594|667.680293|4.00
[run ] n2048_b256       | Len:   2048 | Batch:   256 | Thr:20 | Fwd:    0.0417 ms   691.18 GF/s | Bwd:    0.0426 ms   676.60 GF/s | Mem:   8.00 MB
RESULT|avx512_logical|throughput|n2048_b256|2048|1|1|256|20|0.041720|691.180049|0.042618|676.604371|8.00
[run ] n2048_b512       | Len:   2048 | Batch:   512 | Thr:20 | Fwd:    0.1291 ms   446.67 GF/s | Bwd:    0.1281 ms   450.31 GF/s | Mem:  16.00 MB
RESULT|avx512_logical|throughput|n2048_b512|2048|1|1|512|20|0.129116|446.666257|0.128070|450.312153|16.00
[run ] n2048_b1024      | Len:   2048 | Batch:  1024 | Thr:20 | Fwd:    0.5263 ms   219.15 GF/s | Bwd:    0.5292 ms   217.96 GF/s | Mem:  32.00 MB
RESULT|avx512_logical|throughput|n2048_b1024|2048|1|1|1024|20|0.526331|219.145894|0.529187|217.963461|32.00
[run ] n2048_b2048      | Len:   2048 | Batch:  2048 | Thr:20 | Fwd:    1.3611 ms   169.49 GF/s | Bwd:    1.3929 ms   165.62 GF/s | Mem:  64.00 MB
RESULT|avx512_logical|throughput|n2048_b2048|2048|1|1|2048|20|1.361092|169.486501|1.392858|165.621101|64.00
[run ] n2048_b4096      | Len:   2048 | Batch:  4096 | Thr:20 | Fwd:    2.9769 ms   154.98 GF/s | Bwd:    2.9663 ms   155.54 GF/s | Mem: 128.00 MB
RESULT|avx512_logical|throughput|n2048_b4096|2048|1|1|4096|20|2.976943|154.982293|2.966295|155.538620|128.00
[run ] n2048_b8192      | Len:   2048 | Batch:  8192 | Thr:20 | Fwd:    6.0006 ms   153.78 GF/s | Bwd:    6.1073 ms   151.09 GF/s | Mem: 256.00 MB
RESULT|avx512_logical|throughput|n2048_b8192|2048|1|1|8192|20|6.000556|153.776896|6.107318|151.088717|256.00
[run ] n2048_b16384     | Len:   2048 | Batch: 16384 | Thr:20 | Fwd:   12.1891 ms   151.41 GF/s | Bwd:   12.2548 ms   150.59 GF/s | Mem: 512.00 MB
RESULT|avx512_logical|throughput|n2048_b16384|2048|1|1|16384|20|12.189118|151.405026|12.254752|150.594128|512.00
[run ] n2048_b32768     | Len:   2048 | Batch: 32768 | Thr:20 | Fwd:   24.3704 ms   151.45 GF/s | Bwd:   24.8832 ms   148.33 GF/s | Mem:1024.00 MB
RESULT|avx512_logical|throughput|n2048_b32768|2048|1|1|32768|20|24.370390|151.453775|24.883175|148.332657|1024.00
[run ] n2048_b65536     | Len:   2048 | Batch: 65536 | Thr:20 | Fwd:   48.9466 ms   150.82 GF/s | Bwd:   49.9977 ms   147.65 GF/s | Mem:2048.00 MB
RESULT|avx512_logical|throughput|n2048_b65536|2048|1|1|65536|20|48.946577|150.816982|49.997726|147.646215|2048.00
[run ] n4096_b1         | Len:   4096 | Batch:     1 | Thr:20 | Fwd:    0.0043 ms    56.64 GF/s | Bwd:    0.0044 ms    55.80 GF/s | Mem:   0.06 MB
RESULT|avx512_logical|throughput|n4096_b1|4096|1|1|1|20|0.004339|56.641288|0.004404|55.801141|0.06
[run ] n4096_b2         | Len:   4096 | Batch:     2 | Thr:20 | Fwd:    0.0056 ms    88.24 GF/s | Bwd:    0.0058 ms    84.98 GF/s | Mem:   0.12 MB
RESULT|avx512_logical|throughput|n4096_b2|4096|1|1|2|20|0.005570|88.237643|0.005784|84.977342|0.12
[run ] n4096_b4         | Len:   4096 | Batch:     4 | Thr:20 | Fwd:    0.0058 ms   169.93 GF/s | Bwd:    0.0064 ms   152.66 GF/s | Mem:   0.25 MB
RESULT|avx512_logical|throughput|n4096_b4|4096|1|1|4|20|0.005785|169.930868|0.006440|152.656801|0.25
[run ] n4096_b8         | Len:   4096 | Batch:     8 | Thr:20 | Fwd:    0.0062 ms   316.13 GF/s | Bwd:    0.0066 ms   299.12 GF/s | Mem:   0.50 MB
RESULT|avx512_logical|throughput|n4096_b8|4096|1|1|8|20|0.006219|316.126032|0.006573|299.120638|0.50
[run ] n4096_b16        | Len:   4096 | Batch:    16 | Thr:20 | Fwd:    0.0084 ms   467.70 GF/s | Bwd:    0.0088 ms   447.66 GF/s | Mem:   1.00 MB
RESULT|avx512_logical|throughput|n4096_b16|4096|1|1|16|20|0.008407|467.699496|0.008784|447.664445|1.00
[run ] n4096_b32        | Len:   4096 | Batch:    32 | Thr:20 | Fwd:    0.0150 ms   524.04 GF/s | Bwd:    0.0154 ms   512.22 GF/s | Mem:   2.00 MB
RESULT|avx512_logical|throughput|n4096_b32|4096|1|1|32|20|0.015007|524.042781|0.015354|512.215537|2.00
[run ] n4096_b64        | Len:   4096 | Batch:    64 | Thr:20 | Fwd:    0.0270 ms   581.61 GF/s | Bwd:    0.0280 ms   562.13 GF/s | Mem:   4.00 MB
RESULT|avx512_logical|throughput|n4096_b64|4096|1|1|64|20|0.027043|581.606526|0.027980|562.130173|4.00
[run ] n4096_b128       | Len:   4096 | Batch:   128 | Thr:20 | Fwd:    0.0495 ms   635.91 GF/s | Bwd:    0.0512 ms   614.60 GF/s | Mem:   8.00 MB
RESULT|avx512_logical|throughput|n4096_b128|4096|1|1|128|20|0.049468|635.906277|0.051183|614.604817|8.00
[run ] n4096_b256       | Len:   4096 | Batch:   256 | Thr:20 | Fwd:    0.1395 ms   451.10 GF/s | Bwd:    0.1387 ms   453.55 GF/s | Mem:  16.00 MB
RESULT|avx512_logical|throughput|n4096_b256|4096|1|1|256|20|0.139471|451.095419|0.138714|453.554457|16.00
[run ] n4096_b512       | Len:   4096 | Batch:   512 | Thr:20 | Fwd:    0.5789 ms   217.36 GF/s | Bwd:    0.5639 ms   223.12 GF/s | Mem:  32.00 MB
RESULT|avx512_logical|throughput|n4096_b512|4096|1|1|512|20|0.578907|217.356448|0.563946|223.122768|32.00
[run ] n4096_b1024      | Len:   4096 | Batch:  1024 | Thr:20 | Fwd:    1.3813 ms   182.19 GF/s | Bwd:    1.4275 ms   176.30 GF/s | Mem:  64.00 MB
RESULT|avx512_logical|throughput|n4096_b1024|4096|1|1|1024|20|1.381309|182.188294|1.427470|176.296632|64.00
[run ] n4096_b2048      | Len:   4096 | Batch:  2048 | Thr:20 | Fwd:    3.1515 ms   159.71 GF/s | Bwd:    3.1170 ms   161.47 GF/s | Mem: 128.00 MB
RESULT|avx512_logical|throughput|n4096_b2048|4096|1|1|2048|20|3.151472|159.708356|3.117009|161.474162|128.00
[run ] n4096_b4096      | Len:   4096 | Batch:  4096 | Thr:20 | Fwd:    6.4125 ms   156.98 GF/s | Bwd:    6.4303 ms   156.55 GF/s | Mem: 256.00 MB
RESULT|avx512_logical|throughput|n4096_b4096|4096|1|1|4096|20|6.412451|156.980999|6.430283|156.545661|256.00
[run ] n4096_b8192      | Len:   4096 | Batch:  8192 | Thr:20 | Fwd:   13.1540 ms   153.05 GF/s | Bwd:   12.8609 ms   156.54 GF/s | Mem: 512.00 MB
RESULT|avx512_logical|throughput|n4096_b8192|4096|1|1|8192|20|13.154042|153.053024|12.860942|156.541097|512.00
[run ] n4096_b16384     | Len:   4096 | Batch: 16384 | Thr:20 | Fwd:   25.8977 ms   155.48 GF/s | Bwd:   26.7544 ms   150.50 GF/s | Mem:1024.00 MB
RESULT|avx512_logical|throughput|n4096_b16384|4096|1|1|16384|20|25.897657|155.478614|26.754402|150.499790|1024.00
[run ] n4096_b32768     | Len:   4096 | Batch: 32768 | Thr:20 | Fwd:   52.8044 ms   152.51 GF/s | Bwd:   51.6923 ms   155.79 GF/s | Mem:2048.00 MB
RESULT|avx512_logical|throughput|n4096_b32768|4096|1|1|32768|20|52.804419|152.507381|51.692287|155.788495|2048.00
[skip] n4096_b65536     | Len:   4096 | Batch: 65536 | Thr:20 | Mem: 4096.0 MB > limit 3072.0 MB
SKIP|avx512_logical|throughput|n4096_b65536|4096|1|1|65536|20|4096.00|memory_limit
[run ] n8192_b1         | Len:   8192 | Batch:     1 | Thr:20 | Fwd:    0.0104 ms    51.05 GF/s | Bwd:    0.0103 ms    51.80 GF/s | Mem:   0.12 MB
RESULT|avx512_logical|throughput|n8192_b1|8192|1|1|1|20|0.010431|51.047354|0.010280|51.796038|0.12
[run ] n8192_b2         | Len:   8192 | Batch:     2 | Thr:20 | Fwd:    0.0217 ms    49.14 GF/s | Bwd:    0.0206 ms    51.72 GF/s | Mem:   0.25 MB
RESULT|avx512_logical|throughput|n8192_b2|8192|1|1|2|20|0.021672|49.140962|0.020589|51.723824|0.25
[run ] n8192_b4         | Len:   8192 | Batch:     4 | Thr:20 | Fwd:    0.0413 ms    51.53 GF/s | Bwd:    0.1308 ms    16.29 GF/s | Mem:   0.50 MB
RESULT|avx512_logical|throughput|n8192_b4|8192|1|1|4|20|0.041331|51.532631|0.130767|16.287942|0.50
[run ] n8192_b8         | Len:   8192 | Batch:     8 | Thr:20 | Fwd:    0.0938 ms    45.40 GF/s | Bwd:    0.0943 ms    45.19 GF/s | Mem:   1.00 MB
RESULT|avx512_logical|throughput|n8192_b8|8192|1|1|8|20|0.093833|45.398000|0.094259|45.192732|1.00
[run ] n8192_b16        | Len:   8192 | Batch:    16 | Thr:20 | Fwd:    0.0171 ms   498.96 GF/s | Bwd:    0.0173 ms   492.22 GF/s | Mem:   2.00 MB
RESULT|avx512_logical|throughput|n8192_b16|8192|1|1|16|20|0.017075|498.958743|0.017309|492.219178|2.00
[run ] n8192_b32        | Len:   8192 | Batch:    32 | Thr:20 | Fwd:    0.0315 ms   541.47 GF/s | Bwd:    0.0322 ms   528.78 GF/s | Mem:   4.00 MB
RESULT|avx512_logical|throughput|n8192_b32|8192|1|1|32|20|0.031469|541.472944|0.032224|528.779536|4.00
[run ] n8192_b64        | Len:   8192 | Batch:    64 | Thr:20 | Fwd:    0.0641 ms   531.26 GF/s | Bwd:    0.0654 ms   521.10 GF/s | Mem:   8.00 MB
RESULT|avx512_logical|throughput|n8192_b64|8192|1|1|64|20|0.064147|531.258220|0.065397|521.104677|8.00
[run ] n8192_b128       | Len:   8192 | Batch:   128 | Thr:20 | Fwd:    0.1591 ms   428.52 GF/s | Bwd:    0.1652 ms   412.54 GF/s | Mem:  16.00 MB
RESULT|avx512_logical|throughput|n8192_b128|8192|1|1|128|20|0.159054|428.518656|0.165215|412.536973|16.00
[run ] n8192_b256       | Len:   8192 | Batch:   256 | Thr:20 | Fwd:    0.5852 ms   232.94 GF/s | Bwd:    0.5643 ms   241.55 GF/s | Mem:  32.00 MB
RESULT|avx512_logical|throughput|n8192_b256|8192|1|1|256|20|0.585181|232.944721|0.564330|241.551857|32.00
[run ] n8192_b512       | Len:   8192 | Batch:   512 | Thr:20 | Fwd:    1.4158 ms   192.57 GF/s | Bwd:    1.4993 ms   181.84 GF/s | Mem:  64.00 MB
RESULT|avx512_logical|throughput|n8192_b512|8192|1|1|512|20|1.415766|192.566983|1.499288|181.839546|64.00
[run ] n8192_b1024      | Len:   8192 | Batch:  1024 | Thr:20 | Fwd:    3.2754 ms   166.47 GF/s | Bwd:    3.0952 ms   176.16 GF/s | Mem: 128.00 MB
RESULT|avx512_logical|throughput|n8192_b1024|8192|1|1|1024|20|3.275370|166.472674|3.095167|176.164830|128.00
[run ] n8192_b2048      | Len:   8192 | Batch:  2048 | Thr:20 | Fwd:    6.5812 ms   165.70 GF/s | Bwd:    6.6289 ms   164.51 GF/s | Mem: 256.00 MB
RESULT|avx512_logical|throughput|n8192_b2048|8192|1|1|2048|20|6.581205|165.702043|6.628945|164.508699|256.00
[run ] n8192_b4096      | Len:   8192 | Batch:  4096 | Thr:20 | Fwd:   15.3258 ms   142.31 GF/s | Bwd:   15.6463 ms   139.40 GF/s | Mem: 512.00 MB
RESULT|avx512_logical|throughput|n8192_b4096|8192|1|1|4096|20|15.325825|142.311300|15.646314|139.396286|512.00
[run ] n8192_b8192      | Len:   8192 | Batch:  8192 | Thr:20 | Fwd:   25.6715 ms   169.92 GF/s | Bwd:   26.1060 ms   167.09 GF/s | Mem:1024.00 MB
RESULT|avx512_logical|throughput|n8192_b8192|8192|1|1|8192|20|25.671513|169.918932|26.105992|167.090995|1024.00
[run ] n8192_b16384     | Len:   8192 | Batch: 16384 | Thr:20 | Fwd:   51.7121 ms   168.71 GF/s | Bwd:   51.8385 ms   168.29 GF/s | Mem:2048.00 MB
RESULT|avx512_logical|throughput|n8192_b16384|8192|1|1|16384|20|51.712147|168.706055|51.838466|168.294954|2048.00
[skip] n8192_b32768     | Len:   8192 | Batch: 32768 | Thr:20 | Mem: 4096.0 MB > limit 3072.0 MB
SKIP|avx512_logical|throughput|n8192_b32768|8192|1|1|32768|20|4096.00|memory_limit
[skip] n8192_b65536     | Len:   8192 | Batch: 65536 | Thr:20 | Mem: 8192.0 MB > limit 3072.0 MB
SKIP|avx512_logical|throughput|n8192_b65536|8192|1|1|65536|20|8192.00|memory_limit
[run ] n16384_b1        | Len:  16384 | Batch:     1 | Thr:20 | Fwd:    0.0130 ms    88.52 GF/s | Bwd:    0.0126 ms    90.83 GF/s | Mem:   0.25 MB
RESULT|avx512_logical|throughput|n16384_b1|16384|1|1|1|20|0.012956|88.518221|0.012626|90.831839|0.25
[run ] n16384_b2        | Len:  16384 | Batch:     2 | Thr:20 | Fwd:    0.0520 ms    44.09 GF/s | Bwd:    0.0512 ms    44.84 GF/s | Mem:   0.50 MB
RESULT|avx512_logical|throughput|n16384_b2|16384|1|1|2|20|0.052023|44.091162|0.051156|44.838369|0.50
[run ] n16384_b4        | Len:  16384 | Batch:     4 | Thr:20 | Fwd:    0.1111 ms    41.29 GF/s | Bwd:    0.1578 ms    29.07 GF/s | Mem:   1.00 MB
RESULT|avx512_logical|throughput|n16384_b4|16384|1|1|4|20|0.111092|41.294731|0.157810|29.069829|1.00
[run ] n16384_b8        | Len:  16384 | Batch:     8 | Thr:20 | Fwd:    0.2506 ms    36.62 GF/s | Bwd:    0.2646 ms    34.67 GF/s | Mem:   2.00 MB
RESULT|avx512_logical|throughput|n16384_b8|16384|1|1|8|20|0.250576|36.615836|0.264647|34.669017|2.00
[run ] n16384_b16       | Len:  16384 | Batch:    16 | Thr:20 | Fwd:    0.0387 ms   473.90 GF/s | Bwd:    0.0390 ms   470.34 GF/s | Mem:   4.00 MB
RESULT|avx512_logical|throughput|n16384_b16|16384|1|1|16|20|0.038721|473.904081|0.039014|470.343662|4.00
[run ] n16384_b32       | Len:  16384 | Batch:    32 | Thr:20 | Fwd:    0.0892 ms   411.66 GF/s | Bwd:    0.1136 ms   323.12 GF/s | Mem:   8.00 MB
RESULT|avx512_logical|throughput|n16384_b32|16384|1|1|32|20|0.089152|411.657180|0.113582|323.115469|8.00
[run ] n16384_b64       | Len:  16384 | Batch:    64 | Thr:20 | Fwd:    0.2098 ms   349.79 GF/s | Bwd:    0.2039 ms   360.00 GF/s | Mem:  16.00 MB
RESULT|avx512_logical|throughput|n16384_b64|16384|1|1|64|20|0.209839|349.793730|0.203890|360.000215|16.00
[run ] n16384_b128      | Len:  16384 | Batch:   128 | Thr:20 | Fwd:    0.6581 ms   223.07 GF/s | Bwd:    0.6740 ms   217.80 GF/s | Mem:  32.00 MB
RESULT|avx512_logical|throughput|n16384_b128|16384|1|1|128|20|0.658104|223.066104|0.674011|217.801398|32.00
[run ] n16384_b256      | Len:  16384 | Batch:   256 | Thr:20 | Fwd:    1.5791 ms   185.93 GF/s | Bwd:    1.5879 ms   184.90 GF/s | Mem:  64.00 MB
RESULT|avx512_logical|throughput|n16384_b256|16384|1|1|256|20|1.579082|185.931661|1.587853|184.904555|64.00
[run ] n16384_b512      | Len:  16384 | Batch:   512 | Thr:20 | Fwd:    3.4549 ms   169.96 GF/s | Bwd:    3.3960 ms   172.91 GF/s | Mem: 128.00 MB
RESULT|avx512_logical|throughput|n16384_b512|16384|1|1|512|20|3.454896|169.962445|3.395972|172.911469|128.00
[run ] n16384_b1024     | Len:  16384 | Batch:  1024 | Thr:20 | Fwd:    6.8919 ms   170.40 GF/s | Bwd:    6.9176 ms   169.77 GF/s | Mem: 256.00 MB
RESULT|avx512_logical|throughput|n16384_b1024|16384|1|1|1024|20|6.891855|170.404790|6.917571|169.771303|256.00
[run ] n16384_b2048     | Len:  16384 | Batch:  2048 | Thr:20 | Fwd:   13.7370 ms   170.98 GF/s | Bwd:   13.8248 ms   169.90 GF/s | Mem: 512.00 MB
RESULT|avx512_logical|throughput|n16384_b2048|16384|1|1|2048|20|13.736956|170.984773|13.824765|169.898743|512.00
[run ] n16384_b4096     | Len:  16384 | Batch:  4096 | Thr:20 | Fwd:   27.7443 ms   169.32 GF/s | Bwd:   28.3410 ms   165.75 GF/s | Mem:1024.00 MB
RESULT|avx512_logical|throughput|n16384_b4096|16384|1|1|4096|20|27.744256|169.318667|28.341047|165.753242|1024.00
[run ] n16384_b8192     | Len:  16384 | Batch:  8192 | Thr:20 | Fwd:   56.0123 ms   167.74 GF/s | Bwd:   56.3091 ms   166.85 GF/s | Mem:2048.00 MB
RESULT|avx512_logical|throughput|n16384_b8192|16384|1|1|8192|20|56.012302|167.735311|56.309109|166.851173|2048.00
[skip] n16384_b16384    | Len:  16384 | Batch: 16384 | Thr:20 | Mem: 4096.0 MB > limit 3072.0 MB
SKIP|avx512_logical|throughput|n16384_b16384|16384|1|1|16384|20|4096.00|memory_limit
[skip] n16384_b32768    | Len:  16384 | Batch: 32768 | Thr:20 | Mem: 8192.0 MB > limit 3072.0 MB
SKIP|avx512_logical|throughput|n16384_b32768|16384|1|1|32768|20|8192.00|memory_limit
[skip] n16384_b65536    | Len:  16384 | Batch: 65536 | Thr:20 | Mem:16384.0 MB > limit 3072.0 MB
SKIP|avx512_logical|throughput|n16384_b65536|16384|1|1|65536|20|16384.00|memory_limit
[run ] n32768_b1        | Len:  32768 | Batch:     1 | Thr:20 | Fwd:    0.0180 ms   136.62 GF/s | Bwd:    0.0178 ms   137.92 GF/s | Mem:   0.50 MB
RESULT|avx512_logical|throughput|n32768_b1|32768|1|1|1|20|0.017989|136.618514|0.017820|137.915221|0.50
[run ] n32768_b2        | Len:  32768 | Batch:     2 | Thr:20 | Fwd:    0.1274 ms    38.58 GF/s | Bwd:    0.1725 ms    28.49 GF/s | Mem:   1.00 MB
RESULT|avx512_logical|throughput|n32768_b2|32768|1|1|2|20|0.127393|38.583081|0.172534|28.488229|1.00
[run ] n32768_b4        | Len:  32768 | Batch:     4 | Thr:20 | Fwd:    0.2841 ms    34.60 GF/s | Bwd:    0.2749 ms    35.76 GF/s | Mem:   2.00 MB
RESULT|avx512_logical|throughput|n32768_b4|32768|1|1|4|20|0.284123|34.599066|0.274874|35.763348|2.00
[run ] n32768_b8        | Len:  32768 | Batch:     8 | Thr:20 | Fwd:    0.5829 ms    33.73 GF/s | Bwd:    0.5686 ms    34.58 GF/s | Mem:   4.00 MB
RESULT|avx512_logical|throughput|n32768_b8|32768|1|1|8|20|0.582868|33.731144|0.568580|34.578763|4.00
[run ] n32768_b16       | Len:  32768 | Batch:    16 | Thr:20 | Fwd:    0.1183 ms   332.45 GF/s | Bwd:    0.1195 ms   329.18 GF/s | Mem:   8.00 MB
RESULT|avx512_logical|throughput|n32768_b16|32768|1|1|16|20|0.118279|332.448180|0.119455|329.176175|8.00
[run ] n32768_b32       | Len:  32768 | Batch:    32 | Thr:20 | Fwd:    0.3065 ms   256.62 GF/s | Bwd:    0.3045 ms   258.29 GF/s | Mem:  16.00 MB
RESULT|avx512_logical|throughput|n32768_b32|32768|1|1|32|20|0.306454|256.623427|0.304480|258.287053|16.00
[run ] n32768_b64       | Len:  32768 | Batch:    64 | Thr:20 | Fwd:    0.8386 ms   187.56 GF/s | Bwd:    0.8051 ms   195.36 GF/s | Mem:  32.00 MB
RESULT|avx512_logical|throughput|n32768_b64|32768|1|1|64|20|0.838611|187.555748|0.805110|195.360200|32.00
[run ] n32768_b128      | Len:  32768 | Batch:   128 | Thr:20 | Fwd:    1.7449 ms   180.28 GF/s | Bwd:    1.8010 ms   174.66 GF/s | Mem:  64.00 MB
RESULT|avx512_logical|throughput|n32768_b128|32768|1|1|128|20|1.744901|180.281194|1.801026|174.663135|64.00
[run ] n32768_b256      | Len:  32768 | Batch:   256 | Thr:20 | Fwd:    3.5673 ms   176.37 GF/s | Bwd:    3.5236 ms   178.55 GF/s | Mem: 128.00 MB
RESULT|avx512_logical|throughput|n32768_b256|32768|1|1|256|20|3.567254|176.366919|3.523572|178.553356|128.00
[run ] n32768_b512      | Len:  32768 | Batch:   512 | Thr:20 | Fwd:    7.0468 ms   178.56 GF/s | Bwd:    7.0366 ms   178.82 GF/s | Mem: 256.00 MB
RESULT|avx512_logical|throughput|n32768_b512|32768|1|1|512|20|7.046822|178.561503|7.036601|178.820884|256.00
[run ] n32768_b1024     | Len:  32768 | Batch:  1024 | Thr:20 | Fwd:   14.0256 ms   179.43 GF/s | Bwd:   13.9150 ms   180.85 GF/s | Mem: 512.00 MB
RESULT|avx512_logical|throughput|n32768_b1024|32768|1|1|1024|20|14.025591|179.427904|13.914985|180.854129|512.00
[run ] n32768_b2048     | Len:  32768 | Batch:  2048 | Thr:20 | Fwd:   28.1034 ms   179.09 GF/s | Bwd:   27.8426 ms   180.77 GF/s | Mem:1024.00 MB
RESULT|avx512_logical|throughput|n32768_b2048|32768|1|1|2048|20|28.103413|179.094432|27.842623|180.771934|1024.00
[run ] n32768_b4096     | Len:  32768 | Batch:  4096 | Thr:20 | Fwd:   56.0713 ms   179.53 GF/s | Bwd:   55.7853 ms   180.45 GF/s | Mem:2048.00 MB
RESULT|avx512_logical|throughput|n32768_b4096|32768|1|1|4096|20|56.071323|179.527235|55.785342|180.447574|2048.00
[skip] n32768_b8192     | Len:  32768 | Batch:  8192 | Thr:20 | Mem: 4096.0 MB > limit 3072.0 MB
SKIP|avx512_logical|throughput|n32768_b8192|32768|1|1|8192|20|4096.00|memory_limit
[skip] n32768_b16384    | Len:  32768 | Batch: 16384 | Thr:20 | Mem: 8192.0 MB > limit 3072.0 MB
SKIP|avx512_logical|throughput|n32768_b16384|32768|1|1|16384|20|8192.00|memory_limit
[skip] n32768_b32768    | Len:  32768 | Batch: 32768 | Thr:20 | Mem:16384.0 MB > limit 3072.0 MB
SKIP|avx512_logical|throughput|n32768_b32768|32768|1|1|32768|20|16384.00|memory_limit
[skip] n32768_b65536    | Len:  32768 | Batch: 65536 | Thr:20 | Mem:32768.0 MB > limit 3072.0 MB
SKIP|avx512_logical|throughput|n32768_b65536|32768|1|1|65536|20|32768.00|memory_limit
[run ] n65536_b1        | Len:  65536 | Batch:     1 | Thr:20 | Fwd:    0.0351 ms   149.53 GF/s | Bwd:    0.0353 ms   148.35 GF/s | Mem:   1.00 MB
RESULT|avx512_logical|throughput|n65536_b1|65536|1|1|1|20|0.035062|149.532995|0.035342|148.348502|1.00
[run ] n65536_b2        | Len:  65536 | Batch:     2 | Thr:20 | Fwd:    0.3477 ms    30.16 GF/s | Bwd:    0.3442 ms    30.46 GF/s | Mem:   2.00 MB
RESULT|avx512_logical|throughput|n65536_b2|65536|1|1|2|20|0.347654|30.161449|0.344197|30.464373|2.00
[run ] n65536_b4        | Len:  65536 | Batch:     4 | Thr:20 | Fwd:    0.1433 ms   146.34 GF/s | Bwd:    0.1450 ms   144.66 GF/s | Mem:   4.00 MB
RESULT|avx512_logical|throughput|n65536_b4|65536|1|1|4|20|0.143309|146.338190|0.144971|144.660448|4.00
[run ] n65536_b8        | Len:  65536 | Batch:     8 | Thr:20 | Fwd:    0.2933 ms   143.01 GF/s | Bwd:    0.3019 ms   138.93 GF/s | Mem:   8.00 MB
RESULT|avx512_logical|throughput|n65536_b8|65536|1|1|8|20|0.293280|143.013857|0.301909|138.926202|8.00
[run ] n65536_b16       | Len:  65536 | Batch:    16 | Thr:20 | Fwd:    0.4628 ms   181.25 GF/s | Bwd:    0.4623 ms   181.47 GF/s | Mem:  16.00 MB
RESULT|avx512_logical|throughput|n65536_b16|65536|1|1|16|20|0.462822|181.249303|0.462258|181.470446|16.00
[run ] n65536_b32       | Len:  65536 | Batch:    32 | Thr:20 | Fwd:    1.2760 ms   131.48 GF/s | Bwd:    1.2731 ms   131.78 GF/s | Mem:  32.00 MB
RESULT|avx512_logical|throughput|n65536_b32|65536|1|1|32|20|1.275982|131.484739|1.273148|131.777459|32.00
[run ] n65536_b64       | Len:  65536 | Batch:    64 | Thr:20 | Fwd:    2.4360 ms   137.75 GF/s | Bwd:    2.4246 ms   138.39 GF/s | Mem:  64.00 MB
RESULT|avx512_logical|throughput|n65536_b64|65536|1|1|64|20|2.435966|137.745885|2.424637|138.389497|64.00
[run ] n65536_b128      | Len:  65536 | Batch:   128 | Thr:20 | Fwd:    4.4830 ms   149.70 GF/s | Bwd:    4.5649 ms   147.01 GF/s | Mem: 128.00 MB
RESULT|avx512_logical|throughput|n65536_b128|65536|1|1|128|20|4.483025|149.695494|4.564888|147.010985|128.00
[run ] n65536_b256      | Len:  65536 | Batch:   256 | Thr:20 | Fwd:    8.9103 ms   150.63 GF/s | Bwd:    8.9740 ms   149.56 GF/s | Mem: 256.00 MB
RESULT|avx512_logical|throughput|n65536_b256|65536|1|1|256|20|8.910252|150.632919|8.973959|149.563563|256.00
[run ] n65536_b512      | Len:  65536 | Batch:   512 | Thr:20 | Fwd:   17.5749 ms   152.74 GF/s | Bwd:   17.6842 ms   151.79 GF/s | Mem: 512.00 MB
RESULT|avx512_logical|throughput|n65536_b512|65536|1|1|512|20|17.574855|152.738365|17.684189|151.794042|512.00
[run ] n65536_b1024     | Len:  65536 | Batch:  1024 | Thr:20 | Fwd:   34.4691 ms   155.75 GF/s | Bwd:   33.9974 ms   157.92 GF/s | Mem:1024.00 MB
RESULT|avx512_logical|throughput|n65536_b1024|65536|1|1|1024|20|34.469101|155.754253|33.997364|157.915454|1024.00
[run ] n65536_b2048     | Len:  65536 | Batch:  2048 | Thr:20 | Fwd:   67.6637 ms   158.69 GF/s | Bwd:   67.6721 ms   158.67 GF/s | Mem:2048.00 MB
RESULT|avx512_logical|throughput|n65536_b2048|65536|1|1|2048|20|67.663706|158.688001|67.672148|158.668206|2048.00
[skip] n65536_b4096     | Len:  65536 | Batch:  4096 | Thr:20 | Mem: 4096.0 MB > limit 3072.0 MB
SKIP|avx512_logical|throughput|n65536_b4096|65536|1|1|4096|20|4096.00|memory_limit
[skip] n65536_b8192     | Len:  65536 | Batch:  8192 | Thr:20 | Mem: 8192.0 MB > limit 3072.0 MB
SKIP|avx512_logical|throughput|n65536_b8192|65536|1|1|8192|20|8192.00|memory_limit
[skip] n65536_b16384    | Len:  65536 | Batch: 16384 | Thr:20 | Mem:16384.0 MB > limit 3072.0 MB
SKIP|avx512_logical|throughput|n65536_b16384|65536|1|1|16384|20|16384.00|memory_limit
[skip] n65536_b32768    | Len:  65536 | Batch: 32768 | Thr:20 | Mem:32768.0 MB > limit 3072.0 MB
SKIP|avx512_logical|throughput|n65536_b32768|65536|1|1|32768|20|32768.00|memory_limit
[skip] n65536_b65536    | Len:  65536 | Batch: 65536 | Thr:20 | Mem:65536.0 MB > limit 3072.0 MB
SKIP|avx512_logical|throughput|n65536_b65536|65536|1|1|65536|20|65536.00|memory_limit
[run ] n131072_b1       | Len: 131072 | Batch:     1 | Thr:20 | Fwd:    0.0680 ms   163.75 GF/s | Bwd:    0.0671 ms   166.07 GF/s | Mem:   2.00 MB
RESULT|avx512_logical|throughput|n131072_b1|131072|1|1|1|20|0.068036|163.754264|0.067086|166.072606|2.00
[run ] n131072_b2       | Len: 131072 | Batch:     2 | Thr:20 | Fwd:    0.7915 ms    28.15 GF/s | Bwd:    0.7387 ms    30.16 GF/s | Mem:   4.00 MB
RESULT|avx512_logical|throughput|n131072_b2|131072|1|1|2|20|0.791523|28.151114|0.738731|30.162854|4.00
[run ] n131072_b4       | Len: 131072 | Batch:     4 | Thr:20 | Fwd:    0.2834 ms   157.23 GF/s | Bwd:    0.2839 ms   156.95 GF/s | Mem:   8.00 MB
RESULT|avx512_logical|throughput|n131072_b4|131072|1|1|4|20|0.283429|157.233177|0.283946|156.946925|8.00
[run ] n131072_b8       | Len: 131072 | Batch:     8 | Thr:20 | Fwd:    0.6310 ms   141.25 GF/s | Bwd:    0.6535 ms   136.39 GF/s | Mem:  16.00 MB
RESULT|avx512_logical|throughput|n131072_b8|131072|1|1|8|20|0.630995|141.251487|0.653467|136.393965|16.00
[run ] n131072_b16      | Len: 131072 | Batch:    16 | Thr:20 | Fwd:    1.6052 ms   111.05 GF/s | Bwd:    1.5823 ms   112.66 GF/s | Mem:  32.00 MB
RESULT|avx512_logical|throughput|n131072_b16|131072|1|1|16|20|1.605196|111.050593|1.582313|112.656560|32.00
[run ] n131072_b32      | Len: 131072 | Batch:    32 | Thr:20 | Fwd:    3.6082 ms    98.81 GF/s | Bwd:    3.6023 ms    98.97 GF/s | Mem:  64.00 MB
RESULT|avx512_logical|throughput|n131072_b32|131072|1|1|32|20|3.608191|98.807363|3.602305|98.968799|64.00
[run ] n131072_b64      | Len: 131072 | Batch:    64 | Thr:20 | Fwd:    7.4032 ms    96.31 GF/s | Bwd:    7.3575 ms    96.91 GF/s | Mem: 128.00 MB
RESULT|avx512_logical|throughput|n131072_b64|131072|1|1|64|20|7.403206|96.313910|7.357548|96.911586|128.00
[run ] n131072_b128     | Len: 131072 | Batch:   128 | Thr:20 | Fwd:   15.6799 ms    90.95 GF/s | Bwd:   14.5417 ms    98.07 GF/s | Mem: 256.00 MB
RESULT|avx512_logical|throughput|n131072_b128|131072|1|1|128|20|15.679859|90.948738|14.541650|98.067507|256.00
[run ] n131072_b256     | Len: 131072 | Batch:   256 | Thr:20 | Fwd:   28.2699 ms   100.89 GF/s | Bwd:   29.6825 ms    96.09 GF/s | Mem: 512.00 MB
RESULT|avx512_logical|throughput|n131072_b256|131072|1|1|256|20|28.269892|100.889198|29.682500|96.087821|512.00
[run ] n131072_b512     | Len: 131072 | Batch:   512 | Thr:20 | Fwd:   54.3794 ms   104.90 GF/s | Bwd:   58.5690 ms    97.39 GF/s | Mem:1024.00 MB
RESULT|avx512_logical|throughput|n131072_b512|131072|1|1|512|20|54.379385|104.897351|58.569050|97.393648|1024.00
[run ] n131072_b1024    | Len: 131072 | Batch:  1024 | Thr:20 | Fwd:  110.4292 ms   103.31 GF/s | Bwd:  115.0855 ms    99.13 GF/s | Mem:2048.00 MB
RESULT|avx512_logical|throughput|n131072_b1024|131072|1|1|1024|20|110.429208|103.310592|115.085548|99.130665|2048.00
[skip] n131072_b2048    | Len: 131072 | Batch:  2048 | Thr:20 | Mem: 4096.0 MB > limit 3072.0 MB
SKIP|avx512_logical|throughput|n131072_b2048|131072|1|1|2048|20|4096.00|memory_limit
[skip] n131072_b4096    | Len: 131072 | Batch:  4096 | Thr:20 | Mem: 8192.0 MB > limit 3072.0 MB
SKIP|avx512_logical|throughput|n131072_b4096|131072|1|1|4096|20|8192.00|memory_limit
[skip] n131072_b8192    | Len: 131072 | Batch:  8192 | Thr:20 | Mem:16384.0 MB > limit 3072.0 MB
SKIP|avx512_logical|throughput|n131072_b8192|131072|1|1|8192|20|16384.00|memory_limit
[skip] n131072_b16384   | Len: 131072 | Batch: 16384 | Thr:20 | Mem:32768.0 MB > limit 3072.0 MB
SKIP|avx512_logical|throughput|n131072_b16384|131072|1|1|16384|20|32768.00|memory_limit
[skip] n131072_b32768   | Len: 131072 | Batch: 32768 | Thr:20 | Mem:65536.0 MB > limit 3072.0 MB
SKIP|avx512_logical|throughput|n131072_b32768|131072|1|1|32768|20|65536.00|memory_limit
[skip] n131072_b65536   | Len: 131072 | Batch: 65536 | Thr:20 | Mem:131072.0 MB > limit 3072.0 MB
SKIP|avx512_logical|throughput|n131072_b65536|131072|1|1|65536|20|131072.00|memory_limit
[run ] n262144_b1       | Len: 262144 | Batch:     1 | Thr:20 | Fwd:    0.1723 ms   136.95 GF/s | Bwd:    0.1459 ms   161.76 GF/s | Mem:   4.00 MB
RESULT|avx512_logical|throughput|n262144_b1|262144|1|1|1|20|0.172272|136.951596|0.145851|161.760498|4.00
[run ] n262144_b2       | Len: 262144 | Batch:     2 | Thr:20 | Fwd:    2.0209 ms    23.35 GF/s | Bwd:    1.9976 ms    23.62 GF/s | Mem:   8.00 MB
RESULT|avx512_logical|throughput|n262144_b2|262144|1|1|2|20|2.020863|23.349389|1.997562|23.621750|8.00
[run ] n262144_b4       | Len: 262144 | Batch:     4 | Thr:20 | Fwd:    0.6582 ms   143.37 GF/s | Bwd:    0.6501 ms   145.15 GF/s | Mem:  16.00 MB
RESULT|avx512_logical|throughput|n262144_b4|262144|1|1|4|20|0.658224|143.373377|0.650147|145.154596|16.00
[run ] n262144_b8       | Len: 262144 | Batch:     8 | Thr:20 | Fwd:    1.7913 ms   105.37 GF/s | Bwd:    1.6566 ms   113.93 GF/s | Mem:  32.00 MB
RESULT|avx512_logical|throughput|n262144_b8|262144|1|1|8|20|1.791265|105.368945|1.656625|113.932630|32.00
[run ] n262144_b16      | Len: 262144 | Batch:    16 | Thr:20 | Fwd:    3.8145 ms    98.96 GF/s | Bwd:    3.9352 ms    95.93 GF/s | Mem:  64.00 MB
RESULT|avx512_logical|throughput|n262144_b16|262144|1|1|16|20|3.814524|98.960534|3.935184|95.926225|64.00
[run ] n262144_b32      | Len: 262144 | Batch:    32 | Thr:20 | Fwd:    7.8605 ms    96.05 GF/s | Bwd:    7.9125 ms    95.41 GF/s | Mem: 128.00 MB
RESULT|avx512_logical|throughput|n262144_b32|262144|1|1|32|20|7.860488|96.046806|7.912538|95.414989|128.00
[run ] n262144_b64      | Len: 262144 | Batch:    64 | Thr:20 | Fwd:   15.7553 ms    95.84 GF/s | Bwd:   16.5636 ms    91.16 GF/s | Mem: 256.00 MB
RESULT|avx512_logical|throughput|n262144_b64|262144|1|1|64|20|15.755272|95.837723|16.563570|91.160867|256.00
[run ] n262144_b128     | Len: 262144 | Batch:   128 | Thr:20 | Fwd:   31.5389 ms    95.75 GF/s | Bwd:   31.5686 ms    95.66 GF/s | Mem: 512.00 MB
RESULT|avx512_logical|throughput|n262144_b128|262144|1|1|128|20|31.538897|95.751570|31.568574|95.661555|512.00
[run ] n262144_b256     | Len: 262144 | Batch:   256 | Thr:20 | Fwd:   60.7717 ms    99.39 GF/s | Bwd:   63.2886 ms    95.43 GF/s | Mem:1024.00 MB
RESULT|avx512_logical|throughput|n262144_b256|262144|1|1|256|20|60.771716|99.385012|63.288574|95.432672|1024.00
[run ] n262144_b512     | Len: 262144 | Batch:   512 | Thr:20 | Fwd:  124.2035 ms    97.26 GF/s | Bwd:  124.4475 ms    97.07 GF/s | Mem:2048.00 MB
RESULT|avx512_logical|throughput|n262144_b512|262144|1|1|512|20|124.203533|97.256457|124.447459|97.065827|2048.00
[skip] n262144_b1024    | Len: 262144 | Batch:  1024 | Thr:20 | Mem: 4096.0 MB > limit 3072.0 MB
SKIP|avx512_logical|throughput|n262144_b1024|262144|1|1|1024|20|4096.00|memory_limit
[skip] n262144_b2048    | Len: 262144 | Batch:  2048 | Thr:20 | Mem: 8192.0 MB > limit 3072.0 MB
SKIP|avx512_logical|throughput|n262144_b2048|262144|1|1|2048|20|8192.00|memory_limit
[skip] n262144_b4096    | Len: 262144 | Batch:  4096 | Thr:20 | Mem:16384.0 MB > limit 3072.0 MB
SKIP|avx512_logical|throughput|n262144_b4096|262144|1|1|4096|20|16384.00|memory_limit
[skip] n262144_b8192    | Len: 262144 | Batch:  8192 | Thr:20 | Mem:32768.0 MB > limit 3072.0 MB
SKIP|avx512_logical|throughput|n262144_b8192|262144|1|1|8192|20|32768.00|memory_limit
[skip] n262144_b16384   | Len: 262144 | Batch: 16384 | Thr:20 | Mem:65536.0 MB > limit 3072.0 MB
SKIP|avx512_logical|throughput|n262144_b16384|262144|1|1|16384|20|65536.00|memory_limit
[skip] n262144_b32768   | Len: 262144 | Batch: 32768 | Thr:20 | Mem:131072.0 MB > limit 3072.0 MB
SKIP|avx512_logical|throughput|n262144_b32768|262144|1|1|32768|20|131072.00|memory_limit
[skip] n262144_b65536   | Len: 262144 | Batch: 65536 | Thr:20 | Mem:262144.0 MB > limit 3072.0 MB
SKIP|avx512_logical|throughput|n262144_b65536|262144|1|1|65536|20|262144.00|memory_limit
[run ] n524288_b1       | Len: 524288 | Batch:     1 | Thr:20 | Fwd:    0.2647 ms   188.19 GF/s | Bwd:    0.2640 ms   188.68 GF/s | Mem:   8.00 MB
RESULT|avx512_logical|throughput|n524288_b1|524288|1|1|1|20|0.264666|188.189773|0.263974|188.683064|8.00
[run ] n524288_b2       | Len: 524288 | Batch:     2 | Thr:20 | Fwd:    5.3036 ms    18.78 GF/s | Bwd:    5.1982 ms    19.16 GF/s | Mem:  16.00 MB
RESULT|avx512_logical|throughput|n524288_b2|524288|1|1|2|20|5.303603|18.782463|5.198231|19.163197|16.00
[run ] n524288_b4       | Len: 524288 | Batch:     4 | Thr:20 | Fwd:    1.6656 ms   119.62 GF/s | Bwd:    1.6168 ms   123.22 GF/s | Mem:  32.00 MB
RESULT|avx512_logical|throughput|n524288_b4|524288|1|1|4|20|1.665564|119.616774|1.616795|123.224940|32.00
[run ] n524288_b8       | Len: 524288 | Batch:     8 | Thr:20 | Fwd:    3.4967 ms   113.95 GF/s | Bwd:    3.5213 ms   113.16 GF/s | Mem:  64.00 MB
RESULT|avx512_logical|throughput|n524288_b8|524288|1|1|8|20|3.496654|113.954329|3.521295|113.156905|64.00
[run ] n524288_b16      | Len: 524288 | Batch:    16 | Thr:20 | Fwd:    6.9380 ms   114.86 GF/s | Bwd:    7.0367 ms   113.25 GF/s | Mem: 128.00 MB
RESULT|avx512_logical|throughput|n524288_b16|524288|1|1|16|20|6.938031|114.862234|7.036693|113.251752|128.00
[run ] n524288_b32      | Len: 524288 | Batch:    32 | Thr:20 | Fwd:   13.8143 ms   115.38 GF/s | Bwd:   13.9547 ms   114.22 GF/s | Mem: 256.00 MB
RESULT|avx512_logical|throughput|n524288_b32|524288|1|1|32|20|13.814253|115.376162|13.954669|114.215217|256.00
[run ] n524288_b64      | Len: 524288 | Batch:    64 | Thr:20 | Fwd:   27.4109 ms   116.29 GF/s | Bwd:   28.0632 ms   113.59 GF/s | Mem: 512.00 MB
RESULT|avx512_logical|throughput|n524288_b64|524288|1|1|64|20|27.410943|116.291915|28.063166|113.589146|512.00
[run ] n524288_b128     | Len: 524288 | Batch:   128 | Thr:20 | Fwd:   53.9881 ms   118.09 GF/s | Bwd:   60.3143 ms   105.70 GF/s | Mem:1024.00 MB
RESULT|avx512_logical|throughput|n524288_b128|524288|1|1|128|20|53.988102|118.087910|60.314295|105.702007|1024.00
[run ] n524288_b256     | Len: 524288 | Batch:   256 | Thr:20 | Fwd:  117.5025 ms   108.51 GF/s | Bwd:  123.1453 ms   103.54 GF/s | Mem:2048.00 MB
RESULT|avx512_logical|throughput|n524288_b256|524288|1|1|256|20|117.502476|108.514174|123.145324|103.541765|2048.00
[skip] n524288_b512     | Len: 524288 | Batch:   512 | Thr:20 | Mem: 4096.0 MB > limit 3072.0 MB
SKIP|avx512_logical|throughput|n524288_b512|524288|1|1|512|20|4096.00|memory_limit
[skip] n524288_b1024    | Len: 524288 | Batch:  1024 | Thr:20 | Mem: 8192.0 MB > limit 3072.0 MB
SKIP|avx512_logical|throughput|n524288_b1024|524288|1|1|1024|20|8192.00|memory_limit
[skip] n524288_b2048    | Len: 524288 | Batch:  2048 | Thr:20 | Mem:16384.0 MB > limit 3072.0 MB
SKIP|avx512_logical|throughput|n524288_b2048|524288|1|1|2048|20|16384.00|memory_limit
[skip] n524288_b4096    | Len: 524288 | Batch:  4096 | Thr:20 | Mem:32768.0 MB > limit 3072.0 MB
SKIP|avx512_logical|throughput|n524288_b4096|524288|1|1|4096|20|32768.00|memory_limit
[skip] n524288_b8192    | Len: 524288 | Batch:  8192 | Thr:20 | Mem:65536.0 MB > limit 3072.0 MB
SKIP|avx512_logical|throughput|n524288_b8192|524288|1|1|8192|20|65536.00|memory_limit
[skip] n524288_b16384   | Len: 524288 | Batch: 16384 | Thr:20 | Mem:131072.0 MB > limit 3072.0 MB
SKIP|avx512_logical|throughput|n524288_b16384|524288|1|1|16384|20|131072.00|memory_limit
[skip] n524288_b32768   | Len: 524288 | Batch: 32768 | Thr:20 | Mem:262144.0 MB > limit 3072.0 MB
SKIP|avx512_logical|throughput|n524288_b32768|524288|1|1|32768|20|262144.00|memory_limit
[skip] n524288_b65536   | Len: 524288 | Batch: 65536 | Thr:20 | Mem:524288.0 MB > limit 3072.0 MB
SKIP|avx512_logical|throughput|n524288_b65536|524288|1|1|65536|20|524288.00|memory_limit
[run ] n1048576_b1      | Len:1048576 | Batch:     1 | Thr:20 | Fwd:    0.5404 ms   194.02 GF/s | Bwd:    0.5235 ms   200.30 GF/s | Mem:  16.00 MB
RESULT|avx512_logical|throughput|n1048576_b1|1048576|1|1|1|20|0.540449|194.019349|0.523498|200.301757|16.00
[run ] n1048576_b2      | Len:1048576 | Batch:     2 | Thr:20 | Fwd:   12.7866 ms    16.40 GF/s | Bwd:   12.6421 ms    16.59 GF/s | Mem:  32.00 MB
RESULT|avx512_logical|throughput|n1048576_b2|1048576|1|1|2|20|12.786621|16.401144|12.642095|16.588644|32.00
[run ] n1048576_b4      | Len:1048576 | Batch:     4 | Thr:20 | Fwd:    3.5612 ms   117.78 GF/s | Bwd:    3.5239 ms   119.02 GF/s | Mem:  64.00 MB
RESULT|avx512_logical|throughput|n1048576_b4|1048576|1|1|4|20|3.561238|117.776574|3.523887|119.024914|64.00
[run ] n1048576_b8      | Len:1048576 | Batch:     8 | Thr:20 | Fwd:    6.9228 ms   121.17 GF/s | Bwd:    6.9613 ms   120.50 GF/s | Mem: 128.00 MB
RESULT|avx512_logical|throughput|n1048576_b8|1048576|1|1|8|20|6.922788|121.173843|6.961266|120.504055|128.00
[run ] n1048576_b16     | Len:1048576 | Batch:    16 | Thr:20 | Fwd:   13.7777 ms   121.77 GF/s | Bwd:   13.9603 ms   120.18 GF/s | Mem: 256.00 MB
RESULT|avx512_logical|throughput|n1048576_b16|1048576|1|1|16|20|13.777727|121.770568|13.960317|120.177905|256.00
[run ] n1048576_b32     | Len:1048576 | Batch:    32 | Thr:20 | Fwd:   31.0815 ms   107.96 GF/s | Bwd:   28.1690 ms   119.12 GF/s | Mem: 512.00 MB
RESULT|avx512_logical|throughput|n1048576_b32|1048576|1|1|32|20|31.081529|107.956182|28.168996|119.118311|512.00
[run ] n1048576_b64     | Len:1048576 | Batch:    64 | Thr:20 | Fwd:   54.1594 ms   123.91 GF/s | Bwd:   59.8088 ms   112.21 GF/s | Mem:1024.00 MB
RESULT|avx512_logical|throughput|n1048576_b64|1048576|1|1|64|20|54.159360|123.910002|59.808850|112.205575|1024.00
[run ] n1048576_b128    | Len:1048576 | Batch:   128 | Thr:20 | Fwd:  113.8478 ms   117.89 GF/s | Bwd:  117.2599 ms   114.46 GF/s | Mem:2048.00 MB
RESULT|avx512_logical|throughput|n1048576_b128|1048576|1|1|128|20|113.847815|117.892230|117.259874|114.461770|2048.00
[skip] n1048576_b256    | Len:1048576 | Batch:   256 | Thr:20 | Mem: 4096.0 MB > limit 3072.0 MB
SKIP|avx512_logical|throughput|n1048576_b256|1048576|1|1|256|20|4096.00|memory_limit
[skip] n1048576_b512    | Len:1048576 | Batch:   512 | Thr:20 | Mem: 8192.0 MB > limit 3072.0 MB
SKIP|avx512_logical|throughput|n1048576_b512|1048576|1|1|512|20|8192.00|memory_limit
[skip] n1048576_b1024   | Len:1048576 | Batch:  1024 | Thr:20 | Mem:16384.0 MB > limit 3072.0 MB
SKIP|avx512_logical|throughput|n1048576_b1024|1048576|1|1|1024|20|16384.00|memory_limit
[skip] n1048576_b2048   | Len:1048576 | Batch:  2048 | Thr:20 | Mem:32768.0 MB > limit 3072.0 MB
SKIP|avx512_logical|throughput|n1048576_b2048|1048576|1|1|2048|20|32768.00|memory_limit
[skip] n1048576_b4096   | Len:1048576 | Batch:  4096 | Thr:20 | Mem:65536.0 MB > limit 3072.0 MB
SKIP|avx512_logical|throughput|n1048576_b4096|1048576|1|1|4096|20|65536.00|memory_limit
[skip] n1048576_b8192   | Len:1048576 | Batch:  8192 | Thr:20 | Mem:131072.0 MB > limit 3072.0 MB
SKIP|avx512_logical|throughput|n1048576_b8192|1048576|1|1|8192|20|131072.00|memory_limit
[skip] n1048576_b16384  | Len:1048576 | Batch: 16384 | Thr:20 | Mem:262144.0 MB > limit 3072.0 MB
SKIP|avx512_logical|throughput|n1048576_b16384|1048576|1|1|16384|20|262144.00|memory_limit
[skip] n1048576_b32768  | Len:1048576 | Batch: 32768 | Thr:20 | Mem:524288.0 MB > limit 3072.0 MB
SKIP|avx512_logical|throughput|n1048576_b32768|1048576|1|1|32768|20|524288.00|memory_limit
[skip] n1048576_b65536  | Len:1048576 | Batch: 65536 | Thr:20 | Mem:1048576.0 MB > limit 3072.0 MB
SKIP|avx512_logical|throughput|n1048576_b65536|1048576|1|1|65536|20|1048576.00|memory_limit
[run ] n2097152_b1      | Len:2097152 | Batch:     1 | Thr:20 | Fwd:    1.3680 ms   160.96 GF/s | Bwd:    1.3737 ms   160.30 GF/s | Mem:  32.00 MB
RESULT|avx512_logical|throughput|n2097152_b1|2097152|1|1|1|20|1.368031|160.961936|1.373652|160.303349|32.00
[run ] n2097152_b2      | Len:2097152 | Batch:     2 | Thr:20 | Fwd:   28.8259 ms    15.28 GF/s | Bwd:   28.6787 ms    15.36 GF/s | Mem:  64.00 MB
RESULT|avx512_logical|throughput|n2097152_b2|2097152|1|1|2|20|28.825910|15.277989|28.678689|15.356417|64.00
[run ] n2097152_b4      | Len:2097152 | Batch:     4 | Thr:20 | Fwd:    7.1694 ms   122.86 GF/s | Bwd:    7.1441 ms   123.29 GF/s | Mem: 128.00 MB
RESULT|avx512_logical|throughput|n2097152_b4|2097152|1|1|4|20|7.169362|122.856653|7.144084|123.291367|128.00
[run ] n2097152_b8      | Len:2097152 | Batch:     8 | Thr:20 | Fwd:   14.4234 ms   122.14 GF/s | Bwd:   14.5742 ms   120.87 GF/s | Mem: 256.00 MB
RESULT|avx512_logical|throughput|n2097152_b8|2097152|1|1|8|20|14.423403|122.135375|14.574156|120.872024|256.00
[run ] n2097152_b16     | Len:2097152 | Batch:    16 | Thr:20 | Fwd:   28.6457 ms   122.99 GF/s | Bwd:   32.3593 ms   108.88 GF/s | Mem: 512.00 MB
RESULT|avx512_logical|throughput|n2097152_b16|2097152|1|1|16|20|28.645679|122.992910|32.359320|108.877916|512.00
[run ] n2097152_b32     | Len:2097152 | Batch:    32 | Thr:20 | Fwd:   58.9498 ms   119.53 GF/s | Bwd:   63.1326 ms   111.61 GF/s | Mem:1024.00 MB
RESULT|avx512_logical|throughput|n2097152_b32|2097152|1|1|32|20|58.949842|119.532649|63.132633|111.613129|1024.00
[run ] n2097152_b64     | Len:2097152 | Batch:    64 | Thr:20 | Fwd:  127.9757 ms   110.12 GF/s | Bwd:  126.8626 ms   111.09 GF/s | Mem:2048.00 MB
RESULT|avx512_logical|throughput|n2097152_b64|2097152|1|1|64|20|127.975679|110.121404|126.862602|111.087596|2048.00
[skip] n2097152_b128    | Len:2097152 | Batch:   128 | Thr:20 | Mem: 4096.0 MB > limit 3072.0 MB
SKIP|avx512_logical|throughput|n2097152_b128|2097152|1|1|128|20|4096.00|memory_limit
[skip] n2097152_b256    | Len:2097152 | Batch:   256 | Thr:20 | Mem: 8192.0 MB > limit 3072.0 MB
SKIP|avx512_logical|throughput|n2097152_b256|2097152|1|1|256|20|8192.00|memory_limit
[skip] n2097152_b512    | Len:2097152 | Batch:   512 | Thr:20 | Mem:16384.0 MB > limit 3072.0 MB
SKIP|avx512_logical|throughput|n2097152_b512|2097152|1|1|512|20|16384.00|memory_limit
[skip] n2097152_b1024   | Len:2097152 | Batch:  1024 | Thr:20 | Mem:32768.0 MB > limit 3072.0 MB
SKIP|avx512_logical|throughput|n2097152_b1024|2097152|1|1|1024|20|32768.00|memory_limit
[skip] n2097152_b2048   | Len:2097152 | Batch:  2048 | Thr:20 | Mem:65536.0 MB > limit 3072.0 MB
SKIP|avx512_logical|throughput|n2097152_b2048|2097152|1|1|2048|20|65536.00|memory_limit
[skip] n2097152_b4096   | Len:2097152 | Batch:  4096 | Thr:20 | Mem:131072.0 MB > limit 3072.0 MB
SKIP|avx512_logical|throughput|n2097152_b4096|2097152|1|1|4096|20|131072.00|memory_limit
[skip] n2097152_b8192   | Len:2097152 | Batch:  8192 | Thr:20 | Mem:262144.0 MB > limit 3072.0 MB
SKIP|avx512_logical|throughput|n2097152_b8192|2097152|1|1|8192|20|262144.00|memory_limit
[skip] n2097152_b16384  | Len:2097152 | Batch: 16384 | Thr:20 | Mem:524288.0 MB > limit 3072.0 MB
SKIP|avx512_logical|throughput|n2097152_b16384|2097152|1|1|16384|20|524288.00|memory_limit
[skip] n2097152_b32768  | Len:2097152 | Batch: 32768 | Thr:20 | Mem:1048576.0 MB > limit 3072.0 MB
SKIP|avx512_logical|throughput|n2097152_b32768|2097152|1|1|32768|20|1048576.00|memory_limit
[skip] n2097152_b65536  | Len:2097152 | Batch: 65536 | Thr:20 | Mem:2097152.0 MB > limit 3072.0 MB
SKIP|avx512_logical|throughput|n2097152_b65536|2097152|1|1|65536|20|2097152.00|memory_limit
[run ] n4194304_b1      | Len:4194304 | Batch:     1 | Thr:20 | Fwd:    3.5524 ms   129.88 GF/s | Bwd:    3.5899 ms   128.52 GF/s | Mem:  64.00 MB
RESULT|avx512_logical|throughput|n4194304_b1|4194304|1|1|1|20|3.552436|129.875236|3.589912|128.519441|64.00
[run ] n4194304_b2      | Len:4194304 | Batch:     2 | Thr:20 | Fwd:   62.4556 ms    14.77 GF/s | Bwd:   62.3538 ms    14.80 GF/s | Mem: 128.00 MB
RESULT|avx512_logical|throughput|n4194304_b2|4194304|1|1|2|20|62.455562|14.774455|62.353808|14.798565|128.00
[run ] n4194304_b4      | Len:4194304 | Batch:     4 | Thr:20 | Fwd:   15.7363 ms   117.28 GF/s | Bwd:   15.6632 ms   117.82 GF/s | Mem: 256.00 MB
RESULT|avx512_logical|throughput|n4194304_b4|4194304|1|1|4|20|15.736337|117.275940|15.663217|117.823417|256.00
[run ] n4194304_b8      | Len:4194304 | Batch:     8 | Thr:20 | Fwd:   32.0205 ms   115.27 GF/s | Bwd:   31.4735 ms   117.27 GF/s | Mem: 512.00 MB
RESULT|avx512_logical|throughput|n4194304_b8|4194304|1|1|8|20|32.020469|115.269627|31.473481|117.272935|512.00
[run ] n4194304_b16     | Len:4194304 | Batch:    16 | Thr:20 | Fwd:   64.9078 ms   113.73 GF/s | Bwd:   66.3255 ms   111.30 GF/s | Mem:1024.00 MB
RESULT|avx512_logical|throughput|n4194304_b16|4194304|1|1|16|20|64.907757|113.730243|66.325470|111.299250|1024.00
[run ] n4194304_b32     | Len:4194304 | Batch:    32 | Thr:20 | Fwd:  133.2542 ms   110.80 GF/s | Bwd:  138.2357 ms   106.80 GF/s | Mem:2048.00 MB
RESULT|avx512_logical|throughput|n4194304_b32|4194304|1|1|32|20|133.254210|110.795375|138.235651|106.802767|2048.00
[skip] n4194304_b64     | Len:4194304 | Batch:    64 | Thr:20 | Mem: 4096.0 MB > limit 3072.0 MB
SKIP|avx512_logical|throughput|n4194304_b64|4194304|1|1|64|20|4096.00|memory_limit
[skip] n4194304_b128    | Len:4194304 | Batch:   128 | Thr:20 | Mem: 8192.0 MB > limit 3072.0 MB
SKIP|avx512_logical|throughput|n4194304_b128|4194304|1|1|128|20|8192.00|memory_limit
[skip] n4194304_b256    | Len:4194304 | Batch:   256 | Thr:20 | Mem:16384.0 MB > limit 3072.0 MB
SKIP|avx512_logical|throughput|n4194304_b256|4194304|1|1|256|20|16384.00|memory_limit
[skip] n4194304_b512    | Len:4194304 | Batch:   512 | Thr:20 | Mem:32768.0 MB > limit 3072.0 MB
SKIP|avx512_logical|throughput|n4194304_b512|4194304|1|1|512|20|32768.00|memory_limit
[skip] n4194304_b1024   | Len:4194304 | Batch:  1024 | Thr:20 | Mem:65536.0 MB > limit 3072.0 MB
SKIP|avx512_logical|throughput|n4194304_b1024|4194304|1|1|1024|20|65536.00|memory_limit
[skip] n4194304_b2048   | Len:4194304 | Batch:  2048 | Thr:20 | Mem:131072.0 MB > limit 3072.0 MB
SKIP|avx512_logical|throughput|n4194304_b2048|4194304|1|1|2048|20|131072.00|memory_limit
[skip] n4194304_b4096   | Len:4194304 | Batch:  4096 | Thr:20 | Mem:262144.0 MB > limit 3072.0 MB
SKIP|avx512_logical|throughput|n4194304_b4096|4194304|1|1|4096|20|262144.00|memory_limit
[skip] n4194304_b8192   | Len:4194304 | Batch:  8192 | Thr:20 | Mem:524288.0 MB > limit 3072.0 MB
SKIP|avx512_logical|throughput|n4194304_b8192|4194304|1|1|8192|20|524288.00|memory_limit
[skip] n4194304_b16384  | Len:4194304 | Batch: 16384 | Thr:20 | Mem:1048576.0 MB > limit 3072.0 MB
SKIP|avx512_logical|throughput|n4194304_b16384|4194304|1|1|16384|20|1048576.00|memory_limit
[skip] n4194304_b32768  | Len:4194304 | Batch: 32768 | Thr:20 | Mem:2097152.0 MB > limit 3072.0 MB
SKIP|avx512_logical|throughput|n4194304_b32768|4194304|1|1|32768|20|2097152.00|memory_limit
[skip] n4194304_b65536  | Len:4194304 | Batch: 65536 | Thr:20 | Mem:4194304.0 MB > limit 3072.0 MB
SKIP|avx512_logical|throughput|n4194304_b65536|4194304|1|1|65536|20|4194304.00|memory_limit

Benchmark workload complete.


real	3m45.269s
user	45m26.231s
sys	0m28.930s
[DONE] avx512_logical

============================================================
ALL RUNS COMPLETE
Log    : /home/nikhil/workspace/xeon-fft-bench/src/1-d-fft/fft_logs/latest_run/64k_batch/20260225_131947/runs/run01/fft_benchmark_20260225_131947.log
Report : /home/nikhil/workspace/xeon-fft-bench/src/1-d-fft/fft_logs/latest_run/64k_batch/20260225_131947/runs/run01/fft_benchmark_20260225_131947.report.md
Lines  : 1995
Done at: Wed Feb 25 13:44:13 IST 2026
============================================================

Quick inspect:
  grep '^PROFILE|' /home/nikhil/workspace/xeon-fft-bench/src/1-d-fft/fft_logs/latest_run/64k_batch/20260225_131947/runs/run01/fft_benchmark_20260225_131947.log
  grep '^RESULT|' /home/nikhil/workspace/xeon-fft-bench/src/1-d-fft/fft_logs/latest_run/64k_batch/20260225_131947/runs/run01/fft_benchmark_20260225_131947.log | head
  cat /home/nikhil/workspace/xeon-fft-bench/src/1-d-fft/fft_logs/latest_run/64k_batch/20260225_131947/runs/run01/fft_benchmark_20260225_131947.report.md
